
--- 2026-09-22 17:23:47.028126 开始记录 ---
Ilog_system_init:log init ok, buf=4096, filter=1
Iio_system_init:IO System Init OK
Iw25qxx_drv_init:W25Q init start
Iw25qxx_drv_init:W25Q init OK (ID:0xEF17)
Iads1255_init:ADS0: Initting
Iads1255_init:Init ok
Iads1255_init:ADS1: Initting
Iads1255_init:Init ok
Iadc_system_init:ADS Init OK
RE0,5039251,5233326,5046256,5157751
RE1,5039089,5233480,5045843,5158214
RE2,5039077,5233298,5046283,5160155
RE3,5039409,5233445,5046688,5160720
RE4,5038854,5233207,5045713,5159495
RE5,5039158,5233165,5045171,5158239
RE6,5038843,5233097,5046506,5158611
RE7,5038771,5233365,5044485,5158264
RE8,5038661,5233283,5044434,5158979
RE9,5038961,5232961,5045047,5159770
RE10,5039038,5233148,5044936,5158472
RE11,5038992,5232966,5046555,5158185
RE12,5038940,5232996,5044602,5157997
RE13,5038522,5233013,5046820,5158229
RE14,5038990,5233180,5045564,5158776
RE15,5038933,5233217,5045613,5159140
RE16,5039182,5233139,5045851,5158222
ADC_LIMIT:5039409,5233480,5046820,5160720,5038522,5232961,5044434,5157751
RE17,5038893,5233082,5046442,5158654
RE18,5039178,5232929,5046370,5159811
RE19,5038990,5233413,5044673,5159989
RE20,5038941,5233554,5045169,5160254
RE21,5039058,5233430,5045607,5158809
RE22,5039148,5233311,5045534,5160027
RE23,5039397,5233262,5047356,5159238
RE24,5039368,5233375,5046648,5159960
RE25,5039155,5233491,5046362,5160212
RE26,5039288,5233743,5046510,5160388
RE27,5039015,5233569,5046822,5160862
RE28,5039147,5233435,5045883,5160466
RE29,5039036,5233554,5047039,5161091
RE30,5039028,5233421,5047667,5161498
RE31,5038908,5233421,5047161,5159870
RE32,5039054,5232959,5047584,5160872
RE33,5038767,5233347,5046978,5161047
RE34,5038781,5233298,5047560,5159368
ADC_LIMIT:5039409,5233743,5047667,5161498,5038522,5232929,5044434,5157751
RE35,5038811,5233070,5047347,5161412
RE36,5038645,5233078,5047350,5160144
RE37,5038932,5233215,5048311,5160335
RE38,5038799,5233160,5047803,5160255
RE39,5038694,5233396,5048026,5160817
RE40,5038845,5233194,5046803,5161438
RE41,5038813,5233158,5047579,5162270
RE42,5038843,5232871,5047536,5161859
RE43,5038750,5233285,5048358,5163380
RE44,5038869,5233105,5049509,5161595
RE45,5038518,5233021,5048153,5161101
RE46,5038977,5232918,5049935,5161756
RE47,5038632,5232818,5048692,5161498
RE48,5038828,5233353,5051401,5162710
RE49,5038842,5232729,5050467,5162995
RE50,5038962,5233164,5048872,5162923
RE51,5038894,5233214,5051340,5164128
RE52,5039061,5233198,5050377,5162880
ADC_LIMIT:5039409,5233743,5051401,5164128,5038518,5232729,5044434,5157751
RE53,5038753,5233045,5050034,5163470
RE54,5038650,5232975,5050487,5162573
RE55,5039066,5232881,5050404,5162352
RE56,5038823,5233082,5050118,5163107
RE57,5038689,5232561,5050652,5162594
RE58,5038687,5232671,5050887,5164128
RE59,5038748,5232684,5050754,5162779
RE60,5038504,5232933,5052209,5163233
RE61,5038544,5233067,5049621,5164794
RE62,5038523,5232878,5051964,5164036
RE63,5038661,5232606,5050890,5164632
RE64,5038763,5232933,5051051,5165115
RE65,5038675,5232496,5052372,5163525
RE66,5038238,5232374,5051470,5164957
RE67,5038487,5232598,5051737,5164579
RE68,5038291,5232715,5051739,5164173
RE69,5038490,5232514,5051322,5166010
ADC_LIMIT:5039409,5233743,5052805,5166010,5038238,5232374,5044434,5157751
RE70,5038248,5232560,5052805,5164321
RE71,5038483,5232675,5052622,5165554
RE72,5038637,5232777,5053411,5165292
RE73,5038585,5232661,5050932,5164857
RE74,5038443,5232556,5051346,5164294
RE75,5038517,5232784,5051078,5165662
RE76,5038452,5232369,5052343,5165133
RE77,5038521,5232430,5053271,5164828
RE78,5038138,5232536,5052444,5164709
RE79,5038203,5232431,5052882,5165156
RE80,5038304,5232798,5050517,5165438
RE81,5038039,5232381,5052049,5164993
RE82,5038548,5232357,5051810,5164193
RE83,5038431,5232089,5051840,5164529
RE84,5038325,5232529,5050688,5164532
RE85,5038093,5232405,5051368,5164076
RE86,5038510,5232554,5052219,5164226
RE872,5033613,5227607,5049966,5163285
RE873,5033348,5227394,5051024,5162483
RE874,5033458,5227594,5049596,5163432
RE875,5033652,5227419,5051019,5164421
RE876,5033197,5227333,5049060,5163512
RE877,5033542,5227377,5049618,5162567
RE878,5033445,5227636,5049780,5163610
RE879,5033541,5227524,5050536,5164331
RE880,5033282,5227356,5048463,5163405
RE881,5033669,5227601,5051471,5164034
RE882,5033545,5227688,5050383,5164651
ADC_LIMIT:5039409,5233743,5054580,5167876,5033197,5227188,5043060,5156216
RE883,5033603,5227327,5049672,5165553
RE884,5033173,5227354,5051136,5164291
RE885,5033181,5227291,5051270,5164158
RE886,5033178,5227512,5052790,5164181
RE887,5033523,5227344,5050825,5164506
RE888,5033200,5227512,5051543,5164768
RE889,5033237,5227371,5050258,5164241
RE890,5033334,5227419,5051894,5163728
RE891,5033663,5227259,5051817,5163469
RE892,5033191,5227387,5049895,5164159
RE893,5033426,5227245,5050989,5163700
RE894,5033237,5227131,5051863,5164016
RE895,5032936,5227264,5049265,5163384
RE896,5033364,5227307,5050620,5165241
RE897,5033282,5227384,5049992,5164528
RE898,5033362,5227519,5048981,5164026
RE899,5033262,5227102,5050691,5164057
RE900,5033528,5227415,5050074,5165536
ADC_LIMIT:5039409,5233743,5054580,5167876,5032936,5227102,5043060,5156216
RE901,5033520,5227347,5050214,5165069
RE902,5033218,5227108,5049740,5164180
RE903,5033447,5227539,5051674,5164869
RE904,5033258,5227143,5052013,5164021
RE905,5033001,5227219,5048899,5163702
RE906,5033512,5227236,5049810,5163896
RE907,5033183,5227069,5050437,5163106
RE908,5032946,5226951,5049590,5164373
RE909,5033051,5226766,5049565,5163390
RE910,5032926,5226754,5049942,5163043
RE911,5032941,5226814,5048022,5163423
RE912,5033069,5227182,5050133,5162526
RE913,5033295,5226930,5050153,5162655
RE914,5032797,5227182,5047972,5161375
RE915,5033024,5227205,5048986,5162568
RE916,5033387,5227298,5050299,5162626
RE917,5033246,5227130,5048389,5162660
ADC_LIMIT:5039409,5233743,5054580,5167876,5032797,5226754,5043060,5156216
RE918,5032931,5227653,5048439,5163249
RE919,5033266,5227041,5049550,5161390
RE920,5033036,5227224,5049333,5161325
RE921,5032919,5227128,5047528,5161031
RE922,5033384,5227540,5049681,5162393
RE923,5032977,5227296,5047336,5160954
RE924,5032951,5227109,5049110,5161612
RE925,5033247,5227418,5048359,5162507
RE926,5033071,5227284,5047468,5161026
RE927,5032909,5227124,5048044,5160563
RE928,5033486,5226864,5047156,5161733
RE929,5033130,5227052,5048099,5159512
RE930,5033065,5227299,5047703,5161536
RE931,5033380,5227083,5048451,5161216
RE932,5033298,5227127,5047053,5160422
RE933,5032895,5226996,5046606,5159929
RE934,5033147,5227033,5048749,5159800
RE935,5033291,5227301,5046930,5160246
ADC_LIMIT:5039409,5233743,5054580,5167876,5032797,5226754,5043060,5156216
RE936,5033329,5227224,5047726,5159047
RE937,5033205,5227102,5045087,5160255
RE938,5033338,5227059,5046978,5160333
RE939,5033197,5227256,5046941,5160235
RE940,5033112,5227389,5045881,5159414
RE941,5033259,5227159,5046544,5157872
RE942,5033078,5227328,5045787,5159254
RE943,5033221,5227014,5044414,5159064
RE944,5033363,5227115,5045501,5159820
RE945,5033135,5226936,5047027,5158024
RE946,5033181,5226958,5045627,5158956
RE947,5032813,5227032,5045303,5159056
RE948,5033080,5227165,5047496,5159635
RE949,5033300,5227042,5044353,5157913
RE950,5033365,5227144,5045100,5157030
RE951,5033362,5227122,5046281,5157733
RE952,5033443,5227184,5045164,5158850
RE953,5033115,5226716,5045609,5158258
ADC_LIMIT:5039409,5233743,5054580,5167876,5032797,5226716,5043060,5156216
RE954,5032969,5227113,5044860,5157649
RE955,5033134,5227016,5045479,5157545
RE956,5032940,5226892,5046122,5159391
RE957,5032997,5227119,5044559,5159076
RE958,5033439,5226801,5045672,5158492
RE959,5032535,5226925,5045758,5158051
RE960,5032899,5227328,5045169,5159033
RE961,5032932,5226964,5044587,5158450
RE962,5032659,5226966,5045540,5161043
RE963,5032899,5226913,5046691,5159191
RE964,5033316,5226546,5047209,5158944
RE965,5032859,5226912,5045274,5158936
RE966,5033341,5226832,5046215,5159861
RE967,5033011,5227132,5045675,5160030
RE968,5032520,5226952,5046296,5159458
RE969,5032471,5226923,5047100,5158972
RE970,5032971,5227171,5046651,5160207
ADC_LIMIT:5039409,5233743,5054580,5167876,5032471,5226546,5043060,5156216
RE971,5032955,5226822,5047347,5159794
RE972,5033004,5226932,5046241,5160920
RE973,5033123,5226821,5048475,5159607
RE974,5033065,5227222,5048650,5160374
RE975,5032803,5226924,5047480,5161427
RE976,5033091,5226832,5047474,5159889
RE977,5033206,5226839,5047913,5161517
RE978,5032821,5226909,5047732,5160870
RE979,5032946,5226691,5049312,5162410
RE980,5032781,5226631,5048017,5160488
RE981,5033084,5226850,5049632,5161481
RE982,5032823,5226894,5048089,5161086
RE983,5032519,5227060,5047997,5161537
RE984,5032824,5226621,5047882,5162348
RE985,5033025,5226652,5049090,5162854
RE986,5033176,5227045,5050280,5163807
RE987,5032981,5226706,5049429,5162957
RE988,5032963,5226892,5049809,5162091
ADC_LIMIT:5039409,5233743,5054580,5167876,5032471,5226546,5043060,5156216
RE989,5032955,5227165,5050523,5162196
RE990,5032872,5226932,5050886,5161419
RE991,5032966,5227067,5050260,5163682
RE992,5032928,5227062,5050603,5162617
RE993,5032849,5226889,5050641,5162676
RE994,5032886,5226880,5052556,5163704
RE995,5032822,5227285,5049463,5163634
RE996,5032698,5226710,5051668,5164051
RE997,5032876,5226704,5050104,5163747
RE998,5032792,5226695,5050372,5164848
RE999,5032499,5226484,5050712,5165035
RE1000,5032832,5226486,5049494,5164293
RE1001,5032762,5226846,5051977,5164915
RE1002,5032797,5226775,5052064,5164723
RE1003,5032915,5226616,5052435,5163388
RE1004,5032750,5226950,5052280,5165145
RE1005,5032684,5226916,5052662,5165915
RE1006,5032862,5226676,5053191,5164356
ADC_LIMIT:5039409,5233743,5054580,5167876,5032471,5226484,5043060,5156216
RE1007,5032808,5226774,5053016,5165492
RE1008,5033063,5226529,5051338,5164997
RE1009,5032524,5226975,5050460,5166118
RE1010,5032848,5226760,5052301,5165681
RE1011,5032835,5226519,5050990,5163687
RE1012,5032654,5226818,5053723,5165109
RE1013,5032466,5226894,5052430,5164450
RE1014,5032327,5226736,5050703,5165795
RE1015,5032445,5226629,5051730,5165253
RE1016,5032555,5226571,5053018,5164012
RE1017,5032342,5226365,5049717,5163943
RE1018,5032099,5226621,5052639,5166713
RE1019,5032579,5226496,5052364,5163180
RE1020,5032708,5226485,5051923,5163758
RE1021,5032572,5226914,5051724,5163504
RE1022,5032852,5226729,5050454,5164078
RE1023,5033190,5226643,5050017,5163657
ADC_LIMIT:5039409,5233743,5054580,5167876,5032099,5226365,5043060,5156216
RE1024,5032547,5226681,5050209,5163826
RE1025,5032859,5226839,5050222,5164976
RE1026,5032944,5227020,5051050,5163680
RE1027,5033012,5226920,5050878,5162478
RE1028,5032931,5226882,5049195,5161974
RE1029,5032937,5226663,5050091,5163183
RE1030,5032545,5226296,5049827,5163378
RE1031,5032341,5226676,5050171,5161104
RE1032,5032732,5226894,5048408,5163025
RE1033,5032698,5226503,5049046,5160752
RE1034,5032551,5226268,5048188,5161025
RE1035,5032612,5226589,5047485,5161345
RE1036,5032526,5226559,5048006,5160997
RE1037,5032536,5226637,5048362,5160602
RE1038,5032589,5226602,5048189,5160232
RE1039,5032682,5226552,5048101,5160273
RE1040,5032669,5226623,5047148,5160284
RE1041,5032771,5226548,5045311,5159966
ADC_LIMIT:5039409,5233743,5054580,5167876,5032099,5226268,5043060,5156216
RE1042,5032619,5226379,5045994,5157977
RE1043,5032380,5226357,5046046,5161385
RE1044,5032657,5226416,5046185,5159227
RE1045,5032565,5226152,5045588,5158953
RE1046,5032579,5226329,5046469,5157816
RE1047,5032521,5226420,5045290,5158953
RE1048,5032224,5226836,5045718,5160273
RE1049,5032550,5226547,5045386,5158365
RE1050,5032309,5226476,5045963,5158381
RE1051,5032817,5226402,5045489,5158822
RE1052,5032778,5226500,5044467,5157605
RE1053,5032366,5226484,5045119,5157665
RE1054,5032780,5226454,5046011,5156338
RE1055,5032423,5226653,5044743,5157254
RE1056,5032767,5226241,5045994,5157093
RE1057,5032622,5226401,5043482,5156191
RE1058,5032615,5226465,5044230,5157005
RE1059,5032480,5226137,5044214,5157880
ADC_LIMIT:5039409,5233743,5054580,5167876,5032099,5226137,5043060,5156191
RE1060,5032676,5226764,5042565,5157000
RE1061,5032655,5226674,5042813,5157345
RE1062,5032694,5226666,5043472,5156423
RE1063,5032609,5226419,5043889,5158401
RE1064,5032335,5226604,5043987,5156607
RE1065,5032596,5226709,5043650,5157044
RE1066,5032778,5226480,5044423,5156922
RE1067,5032579,5226367,5044870,5156848
RE1068,5032804,5226320,5043096,5156742
RE1069,5032580,5226292,5044418,5156425
RE1070,5032257,5226418,5044626,5157647
RE1071,5032553,5226425,5043981,5157512
RE1072,5032462,5226472,5044168,5157718
RE1073,5032367,5226381,5044118,5158119
RE1074,5032699,5226502,5043589,5157553
RE1075,5032674,5226852,5042823,5158299
RE1076,5032482,5226319,5044382,5158589
ADC_LIMIT:5039409,5233743,5054580,5167876,5032099,5226137,5042565,5156191
RE1077,5032774,5226314,5045088,5158392
RE1078,5032609,5226374,5045082,5158525
RE1079,5032528,5226449,5044222,5157292
RE1080,5032661,5226726,5045740,5159677
RE1081,5032343,5226438,5046481,5157756
RE1082,5032602,5226504,5046676,5160347
RE1083,5032514,5226472,5046138,5159595
RE1084,5032417,5226495,5046143,5160275
RE1085,5032833,5226638,5048199,5161009
RE1086,5032638,5226363,5045832,5159612
RE1087,5032173,5226462,5048226,5160440
RE1088,5032421,5226256,5048196,5160994
RE1089,5032493,5226387,5046837,5160561
RE1090,5032603,5226492,5049710,5162651
RE1091,5032464,5226539,5049107,5162730
RE1092,5032461,5226377,5048417,5162527
RE1093,5032384,5226373,5048409,5162582
RE1094,5032559,5226379,5050190,5163353
ADC_LIMIT:5039409,5233743,5054580,5167876,5032099,5226137,5042565,5156191
RE1095,5032504,5226353,5048512,5162878
RE1096,5032409,5226479,5050281,5163345
RE1097,5032493,5226277,5048643,5163870
RE1098,5032358,5226287,5050173,5162108
RE1099,5032393,5226274,5052281,5163902
RE1100,5032030,5226137,5050273,5163746
RE1101,5032212,5226471,5050946,5164663
RE1102,5032207,5226351,5050708,5163367
RE1103,5032239,5226104,5051277,5162827
RE1104,5032391,5226126,5051463,5165274
RE1105,5032594,5226079,5052837,5165080
RE1106,5032353,5226298,5051947,5164648
RE1107,5032414,5226410,5051172,5164784
RE1108,5032199,5226338,5053061,5166114
RE1109,5032281,5226200,5053325,5165527
RE1110,5032201,5226534,5052095,5165892
RE1111,5032590,5226184,5053069,5165771
RE1112,5032367,5226416,5052698,5165604
ADC_LIMIT:5039409,5233743,5054580,5167876,5032030,5226079,5042565,5156191
RE1113,5032330,5226572,5052709,5165324
RE1114,5032139,5226204,5053057,5165469
RE1115,5032187,5226170,5052941,5166476
RE1116,5032454,5226302,5053326,5165018
RE1117,5032173,5226194,5053352,5166008
RE1118,5032470,5226649,5051990,5166565
RE1119,5032388,5226265,5052576,5165308
RE1120,5032386,5226505,5053412,5166869
RE1121,5032383,5226277,5051433,5165369
RE1122,5032436,5226088,5053244,5165775
RE1123,5032387,5225840,5053612,5165888
RE1124,5032192,5226393,5052424,5165984
RE1125,5032511,5226347,5051131,5166769
RE1126,5032430,5226332,5052874,5165573
RE1127,5032480,5226495,5053417,5165743
RE1128,5032308,5226274,5053399,5164035
RE1129,5032494,5226376,5052937,5165965
ADC_LIMIT:5039409,5233743,5054580,5167876,5032030,5225840,5042565,5156191
RE1130,5032275,5226485,5051834,5166268
RE1131,5032744,5226068,5051445,5165855
RE1132,5032125,5226443,5050232,5164951
RE1133,5032212,5226228,5052721,5164330
RE1134,5031980,5226155,5052131,5165137
RE1135,5031874,5226130,5052402,5164543
RE1136,5032137,5226173,5051325,5164954
RE1137,5031986,5225932,5051278,5164618
RE1138,5032023,5225398,5050787,5163917
RE1139,5031991,5225886,5051085,5164468
RE1140,5032041,5226097,5050987,5163290
RE1141,5032435,5225615,5051004,5162042
RE1142,5032081,5225945,5050287,5163554
RE1143,5032042,5226316,5051399,5162099
RE1144,5032618,5226227,5048366,5162832
RE1145,5032308,5226161,5048786,5161564
RE1146,5032314,5226169,5049435,5162948
RE1147,5032176,5226231,5049592,5162900
ADC_LIMIT:5039409,5233743,5054580,5167876,5031874,5225398,5042565,5156191
RE1148,5031991,5226359,5048712,5163486
RE1149,5031921,5226311,5049286,5162708
RE1150,5032277,5226095,5048075,5161252
RE1151,5032415,5225901,5048116,5161074
RE1152,5032320,5226382,5048903,5162071
RE1153,5032008,5226227,5047789,5160961
RE1154,5032145,5225970,5047158,5160322
RE1155,5032296,5226448,5046979,5162264
RE1156,5032434,5225815,5047032,5160648
RE1157,5032351,5225790,5047151,5160222
RE1158,5032138,5226258,5045958,5160629
RE1159,5032041,5226307,5047055,5160537
RE1160,5032120,5226036,5046150,5159439
RE1161,5032036,5226380,5045188,5160177
RE1162,5032515,5225840,5046924,5157772
RE1163,5031804,5226180,5044730,5157580
RE1164,5031928,5226284,5047013,5160238
RE1165,5032199,5226042,5047289,5158673
ADC_LIMIT:5039409,5233743,5054580,5167876,5031804,5225398,5042565,5156191
RE1166,5032411,5226352,5045370,5158022
RE1167,5032287,5226214,5045746,5159112
RE1168,5032556,5225900,5046747,5158254
RE1169,5032312,5226105,5045552,5158447
RE1170,5032153,5226408,5045505,5158194
RE1171,5032085,5226027,5043891,5158723
RE1172,5031979,5225855,5045107,5158409
RE1173,5032110,5226277,5045134,5158928
RE1174,5031976,5225864,5043837,5158320
RE1175,5031713,5225886,5046112,5158009
RE1176,5032288,5226420,5045939,5158740
RE1177,5032100,5226108,5047069,5158721
RE1178,5032101,5226034,5046239,5158815
RE1179,5031930,5225890,5045229,5157707
RE1180,5031935,5226080,5044002,5159230
RE1181,5031997,5226139,5045929,5158013
RE1182,5032157,5225825,5045694,5158993
ADC_LIMIT:5039409,5233743,5054580,5167876,5031713,5225398,5042565,5156191
RE1183,5031951,5225954,5045117,5157784
RE1184,5032084,5226177,5046310,5160105
RE1185,5032203,5226379,5046318,5159547
RE1186,5031981,5226264,5045494,5158803
RE1187,5031966,5226095,5044985,5158375
RE1188,5032029,5225977,5045828,5159440
RE1189,5031932,5225892,5045055,5157724
RE1190,5032297,5225945,5044734,5158157
RE1191,5032012,5225895,5045100,5158526
RE1192,5032244,5225697,5045283,5158885
RE1193,5032025,5226227,5045717,5159583
RE1194,5031825,5226083,5045411,5160066
RE1195,5032014,5226272,5045091,5159481
RE1196,5031987,5226200,5046053,5159439
RE1197,5032121,5225776,5045785,5159129
RE1198,5032297,5225843,5045825,5159945
RE1199,5032101,5226019,5046524,5160258
RE1200,5031863,5225880,5047066,5159708
ADC_LIMIT:5039409,5233743,5054580,5167876,5031713,5225398,5042565,5156191
RE1201,5031891,5226069,5047569,5161427
RE1202,5032065,5225887,5047542,5157844
RE1203,5031667,5225658,5046454,5159712
RE1204,5031862,5225934,5046198,5159704
RE1205,5031555,5226059,5046979,5159761
RE1206,5032033,5226032,5046446,5161099
RE1207,5031761,5225830,5046996,5160395
RE1208,5032027,5225833,5047187,5159439
RE1209,5031843,5225557,5048607,5160876
RE1210,5031976,5225604,5048580,5162124
RE1211,5031313,5225217,5048281,5160340
RE1212,5032032,5225674,5047969,5160624
RE1213,5031850,5225793,5049421,5162506
RE1214,5031795,5225702,5048088,5161420
RE1215,5031957,5225284,5048374,5161720
RE1216,5031577,5225734,5047777,5162258
RE1217,5031631,5225691,5049568,5161392
RE1218,5031751,5225521,5049024,5162906
ADC_LIMIT:5039409,5233743,5054580,5167876,5031313,5225217,5042565,5156191
RE1219,5031727,5225750,5049296,5161223
RE1220,5031817,5225888,5049118,5160708
RE1221,5031859,5226016,5048853,5163949
RE1222,5032032,5226022,5049363,5162978
RE1223,5031812,5225642,5049067,5162352
RE1224,5032083,5225743,5050068,5163055
RE1225,5031865,5225880,5049981,5163483
RE1226,5032053,5225466,5049608,5163955
RE1227,5031897,5225339,5051366,5162987
RE1228,5031495,5225657,5052143,5163392
RE1229,5031959,5225479,5051598,5164484
RE1230,5031866,5225586,5049435,5163632
RE1231,5031578,5225779,5050356,5163688
RE1232,5031770,5226100,5049990,5164219
RE1233,5031905,5225614,5049790,5162554
RE1234,5032147,5225345,5051302,5164807
RE1235,5032026,5225508,5051502,5164604
ADC_LIMIT:5039409,5233743,5054580,5167876,5031313,5225217,5042565,5156191
RE1236,5031682,5225453,5053000,5162200
RE1237,5031579,5225626,5051333,5165654
RE1238,5031832,5225697,5051550,5164510
RE1239,5031582,5225648,5051879,5164226
RE1240,5031778,5225547,5051980,5163865
RE1241,5031523,5225883,5052178,5163438
RE1242,5032254,5225682,5051532,5164059
RE1243,5031579,5225769,5051247,5164821
RE1244,5031673,5225621,5052180,5164611
RE1245,5031794,5225471,5051540,5165077
RE1246,5031509,5225537,5052426,5162965
RE1247,5031556,5225374,5051150,5163693
RE1248,5031755,5225422,5050633,5163789
RE1249,5031603,5225706,5051059,5164076
RE1250,5031641,5225129,5049765,5162849
RE1251,5031669,5225534,5049952,5163558
RE1252,5031563,5225285,5051104,5163637
RE1253,5031488,5225383,5049947,5164689
ADC_LIMIT:5039409,5233743,5054580,5167876,5031313,5225129,5042565,5156191
RE1254,5031340,5225250,5050496,5162330
RE1255,5031693,5225521,5050396,5163992
RE1256,5031269,5225543,5049679,5163158
RE1257,5031465,5225507,5051162,5163274
RE1258,5031235,5225323,5049554,5162847
RE1259,5031501,5225387,5050216,5164096
RE1260,5031297,5225024,5048523,5163145
RE1261,5031291,5225341,5050041,5161234
RE1262,5031434,5225211,5049703,5161806
RE1263,5031211,5224960,5048662,5162512
RE1264,5031284,5225480,5049321,5162267
RE1265,5031547,5225338,5048715,5161021
RE1266,5031516,5225203,5048161,5160618
RE1267,5031431,5224973,5048581,5161631
RE1268,5031386,5225298,5046954,5162531
RE1269,5031554,5225650,5048182,5159725
RE1270,5031405,5225499,5047761,5161897
RE1271,5031300,5225153,5046801,5159884
ADC_LIMIT:5039409,5233743,5054580,5167876,5031211,5224960,5042565,5156191
RE1272,5031463,5225412,5047331,5161495
RE1273,5031432,5225278,5048108,5161545
RE1274,5031558,5225323,5046935,5159305
RE1275,5031682,5225475,5046289,5160374
RE1276,5031241,5225185,5045850,5160031
RE1277,5031281,5225350,5045882,5160351
RE1278,5031498,5225151,5046294,5159715
RE1279,5031444,5225323,5046138,5158274
RE1280,5031555,5225267,5046537,5159428
RE1281,5031172,5225502,5045254,5159457
RE1282,5031187,5225157,5045766,5158533
RE1283,5031087,5224959,5044628,5158799
RE1284,5031050,5225457,5044463,5157788
RE1285,5031234,5225215,5043960,5157176
RE1286,5031560,5225438,5044472,5158537
RE1287,5031346,5225657,5043916,5157394
RE1288,5031484,5225168,5044808,5157255
ADC_LIMIT:5039409,5233743,5054580,5167876,5031050,5224959,5042565,5156191
RE1289,5031460,5225126,5044464,5156746
RE1290,5031694,5225318,5045834,5158071
RE1291,5031239,5225590,5044515,5158155
RE1292,5031713,5225519,5043807,5157186
RE1293,5031801,5225558,5043183,5157795
RE1294,5031226,5225147,5044414,5156146
RE1295,5031349,5225461,5044180,5158370
RE1296,5031889,5225280,5045116,5157217
RE1297,5031583,5225106,5044370,5157361
RE1298,5031598,5225273,5044211,5156077
RE1299,5031270,5225209,5044614,5156994
RE1300,5031476,5225474,5042923,5158030
RE1301,5031614,5225324,5043947,5157249
RE1302,5031213,5225417,5044600,5156413
RE1303,5031498,5225248,5044892,5156722
RE1304,5031529,5225128,5044925,5157246
RE1305,5031599,5225138,5044805,5157545
RE1306,5031251,5225030,5045895,5157994
ADC_LIMIT:5039409,5233743,5054580,5167876,5031050,5224959,5042565,5156077
RE1307,5031263,5225200,5045905,5156381
RE1308,5031466,5225625,5045657,5158806
RE1309,5031403,5225082,5046065,5157073
RE1310,5031404,5225005,5045961,5157879
RE1311,5031551,5225778,5044514,5158806
RE1312,5031379,5225305,5045349,5158688
RE1313,5030996,5225368,5046522,5158305
RE1314,5031802,5225200,5045500,5158863
RE1315,5031181,5224997,5046049,5158481
RE1316,5031099,5225339,5046491,5158895
RE1317,5031292,5225453,5046737,5160950
RE1318,5031139,5224905,5046018,5160018
RE1319,5031109,5225197,5046756,5160257
RE1320,5031199,5225144,5047649,5161411
RE1321,5030991,5225207,5045558,5159782
RE1322,5031250,5225086,5048696,5161475
RE1323,5031363,5224892,5048413,5160006
RE1324,5031215,5225067,5049442,5161009
ADC_LIMIT:5039409,5233743,5054580,5167876,5030991,5224892,5042565,5156077
RE1325,5031370,5225388,5049123,5161762
RE1326,5031368,5224903,5050270,5160603
RE1327,5031327,5225280,5048612,5162339
RE1328,5031418,5225008,5049506,5162530
RE1329,5031221,5225227,5049086,5163221
RE1330,5031268,5225221,5050065,5162080
RE1331,5031003,5225096,5049068,5162590
RE1332,5031048,5224851,5050077,5163836
RE1333,5031082,5225145,5048809,5162512
RE1334,5031156,5224882,5049836,5163338
RE1335,5030716,5225204,5050098,5163981
RE1336,5031307,5224826,5051706,5164096
RE1337,5030959,5225065,5050452,5164516
RE1338,5031341,5225085,5050611,5163550
RE1339,5031048,5225190,5051515,5164405
RE1340,5031038,5225077,5051388,5164524
RE1341,5031201,5225125,5052416,5164517
ADC_LIMIT:5039409,5233743,5054580,5167876,5030716,5224826,5042565,5156077
RE1342,5030977,5225265,5052574,5164692
RE1343,5031347,5225071,5052753,5164419
RE1344,5030914,5225005,5052726,5164895
RE1345,5031016,5224925,5051704,5164221
RE1346,5031381,5225255,5052700,5164640
RE1347,5030910,5224984,5051502,5164770
RE1348,5031261,5225214,5052520,5164350
RE1349,5031180,5224908,5052434,5164093
RE1350,5031053,5224951,5051448,5165031
RE1351,5031164,5225071,5053550,5165652
RE1352,5031391,5224549,5051223,5165163
RE1353,5031343,5224829,5052873,5165705
RE1354,5031203,5224913,5052826,5166088
RE1355,5030636,5225111,5052315,5166666
RE1356,5031083,5224939,5052949,5166387
RE1357,5030942,5225191,5051925,5165839
RE1358,5031030,5224916,5051855,5165335
RE1359,5031012,5225201,5054119,5165173
ADC_LIMIT:5039409,5233743,5054580,5167876,5030636,5224549,5042565,5156077
RE1360,5031340,5224950,5050944,5165381
RE1361,5030928,5224856,5053619,5164323
RE1362,5031115,5224900,5052038,5164062
RE1363,5031037,5225004,5052044,5164000
RE1364,5031143,5224945,5051057,5164356
RE1365,5031020,5224969,5052030,5163955
RE1366,5030950,5224825,5051598,5164117
RE1367,5030963,5224681,5049835,5163653
RE1368,5030995,5224826,5051361,5163725
RE1369,5030796,5224988,5050681,5163479
RE1370,5030794,5224848,5050571,5163053
RE1371,5030857,5224665,5049161,5164368
RE1372,5030860,5224500,5051307,5163836
RE1373,5031008,5224637,5050150,5162984
RE1374,5030585,5224786,5049142,5163388
RE1375,5030848,5225188,5049071,5161990
RE1376,5030623,5224685,5048568,5161552
RE1377,5030888,5224948,5050080,5162555
ADC_LIMIT:5039409,5233743,5054580,5167876,5030585,5224500,5042565,5156077
RE1378,5030926,5224759,5048396,5161270
RE1379,5030631,5224796,5047393,5162565
RE1380,5030826,5224522,5048379,5161707
RE1381,5030973,5224668,5048763,5162446
RE1382,5030757,5224875,5048934,5161467
RE1383,5030887,5224656,5047598,5159368
RE1384,5030863,5224793,5047403,5158286
RE1385,5031189,5224937,5045818,5160675
RE1386,5031255,5224760,5048121,5161707
RE1387,5030870,5224738,5046407,5159477
RE1388,5030701,5224684,5045201,5159305
RE1389,5030749,5224746,5045680,5160531
RE1390,5030824,5224433,5046706,5159960
RE1391,5031057,5224935,5046081,5159855
RE1392,5030727,5224873,5045204,5159875
RE1393,5030809,5225119,5044586,5158877
RE1394,5030789,5224802,5045456,5158347
ADC_LIMIT:5039409,5233743,5054580,5167876,5030585,5224433,5042565,5156077
RE1395,5031016,5224836,5044973,5159072
RE1396,5030721,5224572,5045816,5158247
RE1397,5031153,5224599,5045827,5157535
RE1398,5031109,5224987,5044082,5157061
RE1399,5031075,5224782,5045319,5157477
RE1400,5030897,5225272,5044405,5157038
RE1401,5031196,5224880,5044522,5156762
RE1402,5030703,5224780,5044683,5156482
RE1403,5031089,5224770,5043099,5157254
RE1404,5031350,5224799,5044025,5157612
RE1405,5030995,5225197,5044279,5156571
RE1406,5031028,5224580,5044935,5157683
RE1407,5031254,5225034,5043183,5156178
RE1408,5031200,5224987,5044614,5157700
RE1409,5031128,5224894,5044432,5157732
RE1410,5030833,5225023,5044166,5157048
RE1411,5031182,5225222,5044176,5156983
RE1412,5031405,5224813,5045679,5156864
ADC_LIMIT:5039409,5233743,5054580,5167876,5030585,5224433,5042565,5156077
RE1413,5031025,5225146,5043133,5156499
RE1414,5030728,5224783,5043505,5157758
RE1415,5030927,5224246,5044173,5157182
RE1416,5030808,5224820,5044065,5157127
RE1417,5030653,5224768,5046306,5156209
RE1418,5030750,5224368,5044879,5157242
RE1419,5030680,5224645,5043054,5156435
RE1420,5030721,5224139,5043870,5157416
RE1421,5030874,5224561,5044793,5157596
RE1422,5031000,5224380,5042989,5157373
RE1423,5030890,5224616,5046213,5159352
RE1424,5030510,5224312,5046262,5157619
RE1425,5030749,5224637,5045054,5157438
RE1426,5030644,5224937,5045963,5157302
RE1427,5030721,5224479,5046323,5157299
RE1428,5031010,5224857,5046147,5158161
RE1429,5030716,5225082,5045456,5159646
RE1430,5031449,5224793,5046867,5158820
ADC_LIMIT:5039409,5233743,5054580,5167876,5030510,5224139,5042565,5156077
RE1431,5030879,5224588,5046973,5159766
RE1432,5030924,5224887,5045955,5158982
RE1433,5030905,5224904,5046721,5157971
RE1434,5031028,5224761,5046888,5159109
RE1435,5030759,5224553,5046987,5160028
RE1436,5031007,5224707,5047811,5161393
RE1437,5030566,5224570,5046461,5162344
RE1438,5030712,5224593,5046732,5159978
RE1439,5030784,5224845,5047291,5160723
RE1440,5030797,5224947,5046798,5160453
RE1441,5030874,5224625,5048881,5161094
RE1442,5030579,5224309,5048153,5162290
RE1443,5030442,5224689,5050449,5161535
RE1444,5030792,5224412,5048876,5162034
RE1445,5030677,5224601,5049023,5161964
RE1446,5030921,5224209,5050321,5163256
RE1447,5030606,5224765,5048976,5161919
ADC_LIMIT:5039409,5233743,5054580,5167876,5030442,5224139,5042565,5156077
RE1448,5031033,5224361,5049179,5161292
RE1449,5031044,5224907,5049617,5162077
RE1450,5030729,5224960,5049076,5162751
RE1451,5030850,5224609,5048853,5163347
RE1452,5030833,5224689,5049206,5161228
RE1453,5030634,5224616,5050152,5163200
RE1454,5030951,5224599,5049090,5163874
RE1455,5030268,5224453,5049078,5163226
RE1456,5030632,5224119,5050310,5163315
RE1457,5030846,5224663,5049779,5163564
RE1458,5030684,5224686,5050158,5162533
RE1459,5030651,5224366,5050422,5163642
RE1460,5030564,5224440,5050646,5164099
RE1461,5030551,5224772,5050797,5163116
RE1462,5030651,5224451,5050079,5163323
RE1463,5030894,5224185,5050560,5163190
RE1464,5030579,5224379,5050051,5164287
RE1465,5030571,5224494,5051478,5163755
ADC_LIMIT:5039409,5233743,5054580,5167876,5030268,5224119,5042565,5156077
RE1466,5030840,5224248,5050849,5164700
RE1467,5030564,5224302,5051004,5164317
RE1468,5030174,5224069,5050882,5163845
RE1469,5030437,5224196,5050873,5164068
RE1470,5030669,5224165,5050746,5163654
RE1471,5030407,5224256,5050994,5164068
RE1472,5029875,5224425,5049679,5165186
RE1473,5030440,5224261,5050328,5163888
RE1474,5030481,5224284,5050620,5162721
RE1475,5030071,5224016,5050834,5163343
RE1476,5030086,5224559,5049667,5164161
RE1477,5030037,5224115,5049455,5162476
RE1478,5030237,5224121,5049525,5164712
RE1479,5030069,5224236,5049065,5163640
RE1480,5030166,5224126,5049752,5162374
RE1481,5030294,5224014,5050631,5162622
RE1482,5030314,5223988,5049088,5164808
RE1483,5030325,5224086,5049545,5164399
ADC_LIMIT:5039409,5233743,5054580,5167876,5029875,5223988,5042565,5156077
RE1484,5030063,5224042,5050058,5161005
RE1485,5030420,5224107,5049533,5162821
RE1486,5030221,5223983,5048954,5163773
RE1487,5030377,5224343,5049762,5164700
RE1488,5030227,5224067,5050436,5162706
RE1489,5030283,5224257,5048229,5161805
RE1490,5030468,5223770,5051985,5162369
RE1491,5030479,5224160,5049424,5163686
RE1492,5030374,5224248,5048426,5163215
RE1493,5030233,5224190,5050247,5163096
RE1494,5030645,5224385,5049339,5163262
RE1495,5030316,5224339,5048734,5163002
RE1496,5030007,5224048,5048828,5161325
RE1497,5030339,5224315,5050261,5162548
RE1498,5029967,5224167,5048217,5164399
RE1499,5030212,5224158,5050089,5163142
RE1500,5030311,5224118,5049377,5162319
ADC_LIMIT:5039409,5233743,5054580,5167876,5029875,5223770,5042565,5156077
RE1501,5030009,5224287,5049194,5162574
RE1502,5030131,5224135,5048273,5163510
RE1503,5030173,5224457,5049027,5162005
RE1504,5030191,5224321,5049142,5161347
RE1505,5030334,5224123,5048374,5161870
RE1506,5030312,5224219,5047176,5159876
RE1507,5030115,5224142,5047456,5160648
RE1508,5030567,5223783,5048680,5160084
RE1509,5030137,5223830,5047953,5160776
RE1510,5030034,5224153,5047067,5160597
RE1511,5030240,5224348,5047046,5159918
RE1512,5030194,5224220,5047552,5160385
RE1513,5030327,5223681,5046866,5160471
RE1514,5030210,5224104,5045626,5158674
RE1515,5030164,5224164,5047235,5159959
RE1516,5030068,5224193,5045118,5160099
RE1517,5030190,5224616,5046438,5159389
RE1518,5030593,5224388,5046156,5160443
ADC_LIMIT:5039409,5233743,5054580,5167876,5029875,5223681,5042565,5156077
RE1519,5030508,5224440,5046049,5159111
RE1520,5029989,5224465,5047059,5160830
RE1521,5030356,5224101,5045533,5158498
RE1522,5030379,5224233,5046685,5159245
RE1523,5030049,5224408,5045221,5159271
RE1524,5030297,5224042,5046671,5159096
RE1525,5030011,5223906,5045139,5158422
RE1526,5030156,5224056,5046908,5159173
RE1527,5030099,5223795,5045796,5158285
RE1528,5030131,5224002,5046663,5158692
RE1529,5030390,5224395,5045274,5158706
RE1530,5030517,5224100,5044077,5158206
RE1531,5030399,5224340,5045367,5159372
RE1532,5030505,5224128,5045032,5158354
RE1533,5030522,5224264,5045254,5159098
RE1534,5030374,5224421,5045152,5158836
RE1535,5030406,5224124,5044608,5158471
RE1536,5030487,5224584,5046476,5158916
ADC_LIMIT:5039409,5233743,5054580,5167876,5029875,5223681,5042565,5156077
RE1537,5030357,5224152,5045673,5159194
RE1538,5030562,5224240,5045444,5158791
RE1539,5030259,5224286,5045398,5160398
RE1540,5030407,5224161,5045883,5157380
RE1541,5030255,5224249,5046387,5158705
RE1542,5030569,5224267,5045813,5158913
RE1543,5030371,5224040,5045069,5157890
RE1544,5030464,5224332,5045640,5158731
RE1545,5030464,5223893,5046550,5158750
RE1546,5030336,5224076,5046587,5158177
RE1547,5030416,5224320,5046912,5159345
RE1548,5030478,5224250,5047977,5159664
RE1549,5030114,5223832,5046210,5159218
RE1550,5029917,5223867,5046932,5159799
RE1551,5029927,5224258,5046538,5159858
RE1552,5029844,5223952,5045492,5160637
RE1553,5030376,5223965,5046866,5159888
ADC_LIMIT:5039409,5233743,5054580,5167876,5029844,5223681,5042565,5156077
RE1554,5030168,5223785,5047406,5158864
RE1555,5030246,5224235,5046882,5159158
RE1556,5030016,5223757,5047904,5160384
RE1557,5030074,5223974,5048965,5160804
RE1558,5030228,5223725,5048570,5161223
RE1559,5030297,5223905,5047798,5161406
RE1560,5030430,5224048,5048757,5160733
RE1561,5030098,5223535,5048689,5162041
RE1562,5030010,5223781,5048633,5161443
RE1563,5030096,5224140,5049837,5160687
RE1564,5030259,5224192,5048052,5161334
RE1565,5030384,5224100,5049515,5163317
RE1566,5030147,5224065,5049297,5162014
RE1567,5030252,5223642,5048142,5162125
RE1568,5030300,5223780,5049683,5163044
RE1569,5029875,5223760,5049788,5163241
RE1570,5029931,5223791,5049824,5163475
RE1571,5029984,5224150,5050236,5164377
ADC_LIMIT:5039409,5233743,5054580,5167876,5029844,5223535,5042565,5156077
RE1572,5030034,5224076,5048618,5161917
RE1573,5030286,5224018,5050342,5162414
RE1574,5029909,5224145,5050695,5163630
RE1575,5030475,5224187,5050286,5164609
RE1576,5030136,5223976,5050533,5163543
RE1577,5030082,5224027,5050576,5163466
RE1578,5030274,5224075,5049432,5164454
RE1579,5030021,5223903,5052308,5164307
RE1580,5030338,5223827,5050466,5163759
RE1581,5030133,5223787,5049592,5164101
RE1582,5030293,5224183,5053300,5164579
RE1583,5029905,5223885,5051170,5164978
RE1584,5029859,5223954,5051962,5164615
RE1585,5030159,5223571,5051616,5164174
RE1586,5029981,5223858,5053256,5165577
RE1587,5030026,5223964,5052186,5164455
RE1588,5030140,5223883,5052665,5164870
RE1589,5029875,5223820,5050736,5164800
ADC_LIMIT:5039409,5233743,5054580,5167876,5029844,5223535,5042565,5156077
RE1590,5029771,5223838,5050860,5164823
RE1591,5029439,5224253,5050620,5166103
RE1592,5029720,5223808,5051808,5166427
RE1593,5030042,5223819,5052283,5165860
RE1594,5030224,5223731,5052540,5164328
RE1595,5029565,5223930,5052438,5165205
RE1596,5029826,5223806,5052313,5165851
RE1597,5029846,5223451,5051981,5163426
RE1598,5029920,5223630,5051856,5164297
RE1599,5029704,5223424,5052401,5163263
RE1600,5029771,5223668,5051590,5163367
RE1601,5029904,5223719,5050274,5164103
RE1602,5029977,5223619,5050500,5163647
RE1603,5029824,5223668,5050220,5164342
RE1604,5029727,5223503,5050020,5162869
RE1605,5029502,5223659,5050279,5164084
RE1606,5029645,5223767,5050485,5162813
ADC_LIMIT:5039409,5233743,5054580,5167876,5029439,5223424,5042565,5156077
RE1607,5029846,5223371,5049263,5161881
RE1608,5029863,5223851,5048969,5161702
RE1609,5029706,5223367,5049300,5161264
RE1610,5029615,5223396,5049754,5162627
RE1611,5029702,5223481,5049336,5162832
RE1612,5029919,5223627,5049208,5162501
RE1613,5030025,5223482,5049310,5161146
RE1614,5029607,5223486,5049394,5161697
RE1615,5029873,5223427,5047992,5161172
RE1616,5030060,5223730,5048520,5161018
RE1617,5029406,5223644,5048030,5160603
RE1618,5029363,5223284,5046955,5160359
RE1619,5030345,5223678,5047099,5160067
RE1620,5029485,5223907,5047333,5159810
RE1621,5029875,5223722,5045291,5158551
RE1622,5029945,5223786,5045006,5160008
RE1623,5029938,5223785,5045632,5159769
RE1624,5029822,5223549,5045593,5160025
ADC_LIMIT:5039409,5233743,5054580,5167876,5029363,5223284,5042565,5156077
RE1625,5030009,5223688,5045856,5159527
RE1626,5029946,5223622,5045908,5158696
RE1627,5029736,5223474,5045304,5159501
RE1628,5030130,5223709,5045465,5157900
RE1629,5029487,5223281,5044742,5158286
RE1630,5029614,5222820,5045404,5156690
RE1631,5029688,5223102,5045740,5157244
RE1632,5029783,5223292,5044091,5157343
RE1633,5029439,5223592,5044277,5156965
RE1634,5029705,5223461,5044490,5157397
RE1635,5029741,5223292,5043682,5157461
RE1636,5029946,5223610,5043801,5156099
RE1637,5029620,5223742,5044147,5157340
RE1638,5029632,5223678,5043261,5156535
RE1639,5030045,5223576,5042427,5155410
RE1640,5029830,5223547,5044188,5156851
RE1641,5029640,5223666,5043633,5157322
RE1642,5029915,5223782,5044315,5159041
ADC_LIMIT:5039409,5233743,5054580,5167876,5029363,5222820,5042427,5155410
RE1643,5029911,5223499,5043718,5156740
RE1644,5030008,5223914,5043546,5157287
RE1645,5029905,5223330,5043083,5156858
RE1646,5029780,5223557,5043537,5155891
RE1647,5029698,5223548,5042317,5157427
RE1648,5029864,5223722,5043258,5155382
RE1649,5030127,5223599,5043085,5157699
RE1650,5029948,5223413,5043110,5156378
RE1651,5030165,5223327,5042296,5156788
RE1652,5029779,5223779,5044655,5156396
RE1653,5029626,5223347,5044056,5157441
RE1654,5029876,5223595,5043976,5156859
RE1655,5029876,5223500,5045996,5156739
RE1656,5029880,5223503,5042796,5158731
RE1657,5029806,5223418,5043722,5157350
RE1658,5029857,5223411,5046169,5159038
RE1659,5029720,5223583,5044015,5157890
ADC_LIMIT:5039409,5233743,5054580,5167876,5029363,5222820,5042296,5155382
RE1660,5029743,5223546,5045350,5157370
RE1661,5029703,5223724,5045120,5158114
RE1662,5029994,5223745,5046094,5158299
RE1663,5029772,5223732,5044161,5157483
RE1664,5030014,5223893,5046186,5159275
RE1665,5029747,5223646,5046799,5159626
RE1666,5029956,5223478,5046097,5160061
RE1667,5029836,5223574,5047021,5160164
RE1668,5029656,5223603,5046992,5159843
RE1669,5029548,5223732,5047036,5160040
RE1670,5029620,5223774,5047633,5159581
RE1671,5029525,5223279,5047361,5160270
RE1672,5029688,5223583,5046821,5159728
RE1673,5029449,5223514,5048445,5160433
RE1674,5029689,5223357,5046665,5161607
RE1675,5029623,5223469,5048795,5161384
RE1676,5029490,5223441,5047965,5161813
RE1677,5029711,5223375,5048608,5161200
ADC_LIMIT:5039409,5233743,5054580,5167876,5029363,5222820,5042296,5155382
RE1678,5029985,5223207,5050233,5162962
RE1679,5029686,5223064,5049072,5161613
RE1680,5029555,5223586,5050238,5164433
RE1681,5029295,5223455,5049104,5162688
RE1682,5029696,5223328,5050454,5164665
RE1683,5029862,5223341,5048863,5163292
RE1684,5029346,5223281,5050632,5162884
RE1685,5029592,5222799,5049436,5164314
RE1686,5029777,5223453,5051039,5163865
RE1687,5029643,5223419,5051852,5163988
RE1688,5029834,5223236,5051473,5164347
RE1689,5029645,5223248,5050866,5163694
RE1690,5029671,5223436,5051077,5165566
RE1691,5029726,5223284,5052280,5165154
RE1692,5029652,5223309,5051959,5164694
RE1693,5029305,5223670,5051168,5165047
RE1694,5029409,5223035,5051586,5164607
RE1695,5029566,5223164,5050736,5165481
ADC_LIMIT:5039409,5233743,5054580,5167876,5029295,5222799,5042296,5155382
RE1696,5029612,5223238,5053264,5164719
RE1697,5029706,5223369,5052684,5166417
RE1698,5029545,5223338,5053111,5165412
RE1699,5029601,5223465,5052403,5164964
RE1700,5029205,5223224,5051587,5165934
RE1701,5029914,5223443,5053198,5165777
RE1702,5029767,5223206,5053661,5165510
RE1703,5029611,5223241,5052103,5165811
RE1704,5029491,5223485,5052488,5166485
RE1705,5029463,5223243,5053482,5165885
RE1706,5029188,5223301,5051965,5165023
RE1707,5029481,5223367,5052580,5165966
RE1708,5029376,5223308,5054270,5165043
RE1709,5029249,5222870,5051749,5164736
RE1710,5029198,5223363,5052844,5166623
RE1711,5029589,5223412,5050593,5166549
RE1712,5029654,5223556,5051464,5165156
ADC_LIMIT:5039409,5233743,5054580,5167876,5029188,5222799,5042296,5155382
RE1713,5029344,5223534,5052124,5164837
RE1714,5029307,5223363,5051785,5165144
RE1715,5029396,5223314,5051312,5164185
RE1716,5029274,5223401,5049511,5165441
RE1717,5029666,5223341,5050819,5165323
RE1718,5029366,5223246,5051240,5163942
RE1719,5029018,5222993,5052560,5164700
RE1720,5029455,5222993,5050996,5163759
RE1721,5029466,5223240,5051328,5163491
RE1722,5029146,5222966,5051825,5162982
RE1723,5029149,5222740,5050750,5163834
RE1724,5029237,5222984,5049662,5163875
RE1725,5029074,5223084,5049696,5163774
RE1726,5029429,5223136,5049396,5161623
RE1727,5028953,5223301,5050229,5163365
RE1728,5029301,5223039,5048013,5162100
RE1729,5029329,5223114,5048214,5162091
RE1730,5029037,5223449,5048503,5162219
ADC_LIMIT:5039409,5233743,5054580,5167876,5028953,5222740,5042296,5155382
RE1731,5029266,5222887,5047334,5162225
RE1732,5029374,5222844,5048335,5161354
RE1733,5029013,5223162,5049010,5161542
RE1734,5029320,5223196,5047913,5160890
RE1735,5029396,5223280,5047415,5159662
RE1736,5029181,5222600,5046216,5159901
RE1737,5029394,5222784,5046947,5160775
RE1738,5029200,5223041,5046494,5160486
RE1739,5029478,5223165,5046279,5159429
RE1740,5029039,5223046,5046726,5160563
RE1741,5029326,5223180,5045894,5159659
RE1742,5029268,5223048,5047569,5158843
RE1743,5029072,5223023,5045836,5158888
RE1744,5029172,5223341,5046324,5159044
RE1745,5029667,5223103,5047289,5159344
RE1746,5029087,5222655,5045625,5158436
RE1747,5029201,5222913,5045896,5158451
RE1748,5029206,5223063,5045410,5159305
ADC_LIMIT:5039409,5233743,5054580,5167876,5028953,5222600,5042296,5155382
RE1749,5029009,5222964,5045297,5158254
RE1750,5029093,5223056,5046217,5157951
RE1751,5028996,5223026,5044553,5158372
RE1752,5029227,5223235,5044127,5158675
RE1753,5029191,5223298,5043443,5158278
RE1754,5029263,5222606,5043216,5157943
RE1755,5029422,5222940,5044886,5157080
RE1756,5029207,5223215,5043217,5156870
RE1757,5029108,5223138,5045934,5157184
RE1758,5029254,5223107,5045775,5158871
RE1759,5029126,5222813,5046260,5158457
RE1760,5029035,5222888,5045542,5156368
RE1761,5029540,5222996,5045398,5158752
RE1762,5029204,5223049,5044724,5156779
RE1763,5029044,5223499,5043418,5157579
RE1764,5029368,5223278,5043366,5157726
RE1765,5029407,5222880,5045396,5158515
ADC_LIMIT:5039409,5233743,5054580,5167876,5028953,5222600,5042296,5155382
RE1766,5028964,5223399,5043949,5158493
RE1767,5029241,5223178,5044362,5158443
RE1768,5029542,5223361,5045209,5158923
RE1769,5029290,5223115,5044258,5158818
RE1770,5029285,5222846,5044852,5156848
RE1771,5028870,5222674,5045607,5157161
RE1772,5029040,5222749,5043980,5159074
RE1773,5028893,5223077,5045540,5159899
RE1774,5029163,5223109,5045069,5157240
RE1775,5029239,5223032,5044378,5159647
RE1776,5029186,5223113,5046234,5159162
RE1777,5029167,5223107,5045110,5158090
RE1778,5028965,5222730,5044585,5157406
RE1779,5029197,5222908,5044975,5159120
RE1780,5028973,5222774,5045168,5159072
RE1781,5029281,5222998,5046405,5159952
RE1782,5029593,5222914,5046344,5160258
RE1783,5029520,5223047,5046480,5158513
ADC_LIMIT:5039409,5233743,5054580,5167876,5028870,5222600,5042296,5155382
RE1784,5029080,5222903,5046448,5160137
RE1785,5029172,5222600,5045568,5159527
RE1786,5028915,5222605,5047614,5159379
RE1787,5029236,5223104,5045813,5160702
RE1788,5029457,5223120,5046580,5158470
RE1789,5029150,5223022,5046370,5159958
RE1790,5029362,5222897,5047362,5160753
RE1791,5028818,5222995,5047948,5161659
RE1792,5029051,5222524,5047788,5160704
RE1793,5028700,5222790,5047016,5159528
RE1794,5028990,5222784,5048049,5161227
RE1795,5028887,5222802,5049166,5160751
RE1796,5029163,5222838,5047616,5160122
RE1797,5028991,5222900,5047937,5163457
RE1798,5029039,5222789,5048164,5162165
RE1799,5029246,5222843,5048210,5160674
RE1800,5029174,5222674,5048629,5161723
RE1801,5029301,5222846,5047019,5162195
ADC_LIMIT:5039409,5233743,5054580,5167876,5028700,5222524,5042296,5155382
RE1802,5029037,5222951,5049080,5161636
RE1803,5028814,5222938,5047045,5162412
RE1804,5028962,5222632,5049274,5161635
RE1805,5028673,5222868,5049122,5163313
RE1806,5028914,5222730,5050327,5161909
RE1807,5029149,5222563,5050490,5163001
RE1808,5028670,5222549,5047345,5161660
RE1809,5028860,5222670,5049541,5163169
RE1810,5028858,5222769,5050129,5163450
RE1811,5028855,5222636,5050365,5163830
RE1812,5028568,5222805,5050715,5163884
RE1813,5028661,5222381,5049495,5163059
RE1814,5028941,5222831,5050292,5163509
RE1815,5029066,5222536,5050099,5162695
RE1816,5028918,5222568,5051040,5163451
RE1817,5028981,5222487,5051094,5163049
RE1818,5028494,5222816,5049602,5163713
ADC_LIMIT:5039409,5233743,5054580,5167876,5028494,5222381,5042296,5155382
RE1819,5028852,5222610,5050422,5163304
RE1820,5028735,5222646,5051863,5163965
RE1821,5029011,5222604,5051028,5162986
RE1822,5028816,5222637,5051203,5165104
RE1823,5028955,5222699,5051657,5163855
RE1824,5028619,5222538,5050449,5164057
RE1825,5028584,5222851,5050933,5163542
RE1826,5028650,5222656,5051697,5163981
RE1827,5028841,5222748,5051051,5164657
RE1828,5028771,5222363,5050927,5165272
RE1829,5028557,5222714,5050024,5164407
RE1830,5028515,5222469,5050362,5163629
RE1831,5028615,5222841,5050999,5163439
RE1832,5028634,5222693,5051008,5163248
RE1833,5028963,5222546,5050186,5164105
RE1834,5028672,5222532,5051295,5164455
RE1835,5028703,5222797,5051481,5162803
RE1836,5028629,5222833,5050831,5164794
ADC_LIMIT:5039409,5233743,5054580,5167876,5028494,5222363,5042296,5155382
RE1837,5028901,5222894,5050586,5164273
RE1838,5028668,5222748,5049891,5162435
RE1839,5028748,5222910,5050453,5162186
RE1840,5029203,5222713,5050692,5162104
RE1841,5029241,5222528,5049387,5163826
RE1842,5028786,5222343,5048813,5161609
RE1843,5028402,5222687,5049369,5162256
RE1844,5028803,5222513,5049459,5162469
RE1845,5028955,5222687,5048942,5161663
RE1846,5028839,5222805,5049074,5161157
RE1847,5028741,5222447,5049007,5162271
RE1848,5028673,5222577,5047494,5161112
RE1849,5028760,5222969,5047287,5161864
RE1850,5028430,5222650,5047454,5162513
RE1851,5028764,5222432,5046507,5160948
RE1852,5028795,5222466,5047904,5161283
RE1853,5028350,5222616,5048041,5163020
RE1854,5028687,5222277,5047446,5160425
ADC_LIMIT:5039409,5233743,5054580,5167876,5028350,5222277,5042296,5155382
RE1855,5028516,5222202,5046719,5159739
RE1856,5028938,5222364,5047620,5159969
RE1857,5028634,5222470,5046161,5159150
RE1858,5028952,5222595,5046278,5160099
RE1859,5028947,5222653,5046428,5159091
RE1860,5028875,5222368,5046089,5157669
RE1861,5028926,5222426,5046388,5159671
RE1862,5028783,5222353,5046697,5158165
RE1863,5028759,5222417,5046038,5159816
RE1864,5028352,5222551,5046108,5158428
RE1865,5028443,5222462,5043964,5158536
RE1866,5028805,5222534,5044169,5158866
RE1867,5028651,5222662,5043932,5158224
RE1868,5028888,5222535,5044917,5159001
RE1869,5028559,5222629,5044665,5159336
RE1870,5028689,5222481,5044745,5158748
RE1871,5028839,5222595,5044017,5157527
ADC_LIMIT:5039409,5233743,5054580,5167876,5028350,5222202,5042296,5155382
RE1872,5028521,5222345,5044681,5157003
RE1873,5028777,5222820,5042918,5158425
RE1874,5028495,5222234,5043144,5156969
RE1875,5028676,5222531,5045114,5157785
RE1876,5028331,5222371,5043750,5158671
RE1877,5028627,5222113,5043331,5157828
RE1878,5028594,5222451,5044207,5157253
RE1879,5028527,5222235,5043709,5156902
RE1880,5028680,5222271,5044519,5158983
RE1881,5028378,5222412,5042789,5157930
RE1882,5028778,5222618,5044793,5157892
RE1883,5028497,5222101,5044791,5156716
RE1884,5028518,5222155,5044742,5157392
RE1885,5028353,5222377,5044692,5157455
RE1886,5028659,5222522,5044492,5157990
RE1887,5028630,5222551,5046259,5157174
RE1888,5028481,5222396,5043727,5158021
RE1889,5028738,5222574,5045312,5157427
ADC_LIMIT:5039409,5233743,5054580,5167876,5028331,5222101,5042296,5155382
RE1890,5028589,5222502,5044461,5157263
RE1891,5028664,5222286,5043861,5157930
RE1892,5028367,5222268,5042758,5158117
RE1893,5028677,5222470,5045581,5159143
RE1894,5028684,5222345,5045458,5158261
RE1895,5028771,5222373,5046238,5157821
RE1896,5028786,5222176,5045607,5158875
RE1897,5028645,5222441,5046550,5158750
RE1898,5028089,5222420,5045964,5158575
RE1899,5028339,5222147,5045477,5158846
RE1900,5028589,5222551,5045895,5160605
RE1901,5028793,5222403,5047557,5159312
RE1902,5028629,5222380,5047076,5158243
RE1903,5028643,5222409,5045910,5159545
RE1904,5028488,5222513,5048248,5160739
RE1905,5028405,5222514,5047252,5160668
RE1906,5028752,5222473,5047220,5161046
RE1907,5028445,5222431,5048845,5160045
ADC_LIMIT:5039409,5233743,5054580,5167876,5028089,5222101,5042296,5155382
RE1908,5028666,5222179,5049345,5161407
RE1909,5028763,5222491,5049550,5160240
RE1910,5028289,5222429,5048435,5160978
RE1911,5028286,5222399,5047460,5161558
RE1912,5028246,5221923,5049992,5161563
RE1913,5028280,5221965,5048534,5161355
RE1914,5028385,5222219,5047844,5163007
RE1915,5028287,5222088,5050456,5162938
RE1916,5028239,5222364,5049733,5163025
RE1917,5028598,5222414,5051097,5162723
RE1918,5028286,5222237,5049371,5164186
RE1919,5028187,5222222,5050168,5161228
RE1920,5028305,5222473,5051266,5164057
RE1921,5028400,5222224,5051714,5163692
RE1922,5028476,5222048,5051282,5165039
RE1923,5028173,5222029,5051286,5163436
RE1924,5028324,5222067,5053242,5164824
ADC_LIMIT:5039409,5233743,5054580,5167876,5028089,5221923,5042296,5155382
RE1925,5028273,5222217,5051396,5165750
RE1926,5028271,5222000,5052270,5164272
RE1927,5028341,5222305,5050638,5165235
RE1928,5028065,5222241,5051652,5163640
RE1929,5028414,5222210,5052397,5164780
RE1930,5028307,5221899,5051379,5164507
RE1931,5028440,5221953,5052070,5165321
RE1932,5028448,5222197,5053137,5163939
RE1933,5028191,5222310,5050266,5165231
RE1934,5028367,5222223,5052974,5165636
RE1935,5028072,5222162,5053252,5165360
RE1936,5027913,5222016,5052522,5165512
RE1937,5028315,5222168,5052302,5165215
RE1938,5028646,5222192,5051796,5165754
RE1939,5028176,5222060,5051563,5165800
RE1940,5028149,5221945,5051286,5164919
RE1941,5028099,5222013,5052122,5165787
RE1942,5028310,5222146,5051375,5164964
ADC_LIMIT:5039409,5233743,5054580,5167876,5027831,5221899,5042296,5155382
RE1943,5027831,5222196,5052627,5166212
RE1944,5028254,5222313,5050813,5164807
RE1945,5028329,5222383,5050757,5164309
RE1946,5028341,5222331,5051892,5164219
RE1947,5027956,5222382,5050648,5164612
RE1948,5028184,5221570,5049625,5164404
RE1949,5028156,5221918,5051248,5164555
RE1950,5028123,5222106,5052216,5163758
RE1951,5028088,5222076,5051024,5163664
RE1952,5028095,5222204,5050270,5164616
RE1953,5028149,5222224,5050454,5163804
RE1954,5028163,5222175,5049144,5162738
RE1955,5028554,5222334,5050539,5162347
RE1956,5028282,5222360,5050013,5162309
RE1957,5028614,5222194,5049460,5163180
RE1958,5028259,5221965,5049955,5161859
RE1959,5028423,5222533,5049232,5163486
RE1960,5028410,5222261,5047896,5163068
ADC_LIMIT:5039409,5233743,5054580,5167876,5027831,5221570,5042296,5155382
RE1961,5028873,5222414,5049592,5161842
RE1962,5028346,5222004,5046958,5162113
RE1963,5028690,5222363,5047936,5161277
RE1964,5028523,5222434,5047885,5162380
RE1965,5028585,5222159,5047534,5160643
RE1966,5028546,5222341,5049113,5159780
RE1967,5028229,5221964,5045841,5160432
RE1968,5028509,5222252,5048470,5161119
RE1969,5028381,5222187,5048918,5160193
RE1970,5028282,5222269,5047062,5159498
RE1971,5028262,5222282,5046077,5160974
RE1972,5028320,5222097,5047070,5159973
RE1973,5028559,5222006,5045415,5159112
RE1974,5028162,5222186,5046341,5158717
RE1975,5028565,5222105,5046132,5158258
RE1976,5028453,5222044,5045454,5159095
RE1977,5028590,5222348,5045657,5159189
ADC_LIMIT:5039409,5233743,5054580,5167876,5027831,5221570,5042296,5155382
RE1978,5028182,5222146,5045241,5157865
RE1979,5028492,5222340,5044851,5157742
RE1980,5028698,5222152,5044541,5158414
RE1981,5028413,5221905,5043343,5157235
RE1982,5027968,5221838,5043954,5157407
RE1983,5028456,5221953,5045257,5158772
RE1984,5028359,5221667,5043599,5157375
RE1985,5028191,5221797,5043602,5156951
RE1986,5028310,5222014,5042897,5157494
RE1987,5028109,5221921,5045485,5156820
RE1988,5028122,5222060,5044302,5156563
RE1989,5028276,5222025,5043501,5156736
RE1990,5028347,5222177,5042755,5156092
RE1991,5028300,5222155,5042954,5156898
RE1992,5028580,5221970,5042391,5156565
RE1993,5028313,5222014,5044484,5156822
RE1994,5028217,5221922,5044971,5156912
RE1995,5028251,5221996,5045465,5157146
ADC_LIMIT:5039409,5233743,5054580,5167876,5027831,5221570,5042296,5155382
RE1996,5028310,5222198,5042436,5157374
RE1997,5028296,5221947,5043458,5157578
RE1998,5028573,5222197,5044027,5156319
RE1999,5028238,5222262,5044567,5157455
RE2000,5028006,5221959,5044559,5157685
RE2001,5028205,5221770,5042571,5157833
RE2002,5028386,5221864,5044926,5157138
RE2003,5028503,5222357,5044280,5157019
RE2004,5028033,5221874,5044815,5156680
RE2005,5028358,5222188,5044835,5157651
RE2006,5027944,5222144,5045118,5157834
RE2007,5028180,5222066,5045735,5157020
RE2008,5028036,5221899,5045162,5157545
RE2009,5028213,5221582,5045169,5157128
RE2010,5028036,5221975,5046808,5158292
RE2011,5028319,5222205,5046573,5158438
RE2012,5028210,5221846,5046412,5159341
RE2013,5028119,5221948,5046605,5158508
ADC_LIMIT:5039409,5233743,5054580,5167876,5027831,5221570,5042296,5155382
RE2014,5028489,5221997,5046687,5157236
RE2015,5028387,5222417,5046146,5159891
RE2016,5028432,5221609,5046359,5159421
RE2017,5028048,5222142,5048054,5159509
RE2018,5028284,5221918,5047571,5158394
RE2019,5028328,5221762,5047116,5158263
RE2020,5027918,5221504,5047755,5160409
RE2021,5028067,5221807,5048887,5159850
RE2022,5027890,5221690,5048258,5159924
RE2023,5027964,5221946,5046138,5160866
RE2024,5028073,5221906,5048205,5160236
RE2025,5028005,5222147,5047408,5161003
RE2026,5028371,5221911,5047548,5160249
RE2027,5028251,5222005,5047551,5160960
RE2028,5028184,5222049,5048127,5161295
RE2029,5028279,5221863,5048031,5161133
RE2030,5028218,5221695,5049189,5161840
ADC_LIMIT:5039409,5233743,5054580,5167876,5027831,5221504,5042296,5155382
RE2031,5027839,5221910,5047459,5161152
RE2032,5028211,5222021,5050912,5161782
RE2033,5027920,5221899,5049383,5163191
RE2034,5028202,5221552,5050462,5163263
RE2035,5027895,5221845,5048627,5162621
RE2036,5027978,5221661,5049144,5162676
RE2037,5027807,5221574,5049524,5163704
RE2038,5027703,5221737,5050885,5162151
RE2039,5027844,5221758,5049854,5162946
RE2040,5027888,5221492,5049677,5162275
RE2041,5028087,5221504,5051009,5162372
RE2042,5027938,5221482,5051145,5164649
RE2043,5028144,5221733,5050262,5163183
RE2044,5028091,5221708,5051430,5164067
RE2045,5027714,5221747,5050047,5163870
RE2046,5027657,5221379,5050354,5162294
RE2047,5027835,5221482,5049421,5163611
RE2048,5027941,5221410,5050127,5163231
ADC_LIMIT:5039409,5233743,5054580,5167876,5027657,5221379,5042296,5155382
RE2049,5027734,5221533,5048311,5163997
RE2050,5027825,5221434,5049938,5163063
RE2051,5027806,5221678,5051319,5163483
RE2052,5027894,5221397,5052259,5163144
RE2053,5027845,5221073,5051219,5163380
RE2054,5027667,5221401,5050383,5164034
RE2055,5027488,5221803,5051114,5165973
RE2056,5027983,5221271,5050269,5164076
RE2057,5027758,5221504,5050909,5163943
RE2058,5027560,5221667,5049512,5163259
RE2059,5027919,5221742,5051071,5163480
RE2060,5027804,5221425,5049393,5164187
RE2061,5027823,5221551,5050435,5165029
RE2062,5027764,5221685,5050091,5163080
RE2063,5027584,5221708,5050939,5164185
RE2064,5027778,5221517,5050418,5164116
RE2065,5027477,5221413,5051178,5164721
RE2066,5027571,5221252,5048965,5162533
ADC_LIMIT:5039409,5233743,5054580,5167876,5027477,5221073,5042296,5155382
RE2067,5027926,5221686,5050440,5164919
RE2068,5027867,5221637,5050283,5163722
RE2069,5027548,5221589,5048490,5163034
RE2070,5027677,5221337,5048189,5163479
RE2071,5027588,5221365,5049818,5164021
RE2072,5027561,5221072,5049208,5163828
RE2073,5027774,5221454,5051668,5164296
RE2074,5027612,5221624,5050297,5163755
RE2075,5027419,5221965,5049869,5163057
RE2076,5027924,5221334,5050218,5163597
RE2077,5027837,5221348,5048880,5161159
RE2078,5028214,5221539,5050658,5162010
RE2079,5027967,5221480,5048942,5162872
RE2080,5027613,5221361,5047834,5162434
RE2081,5027577,5221505,5049075,5160060
RE2082,5027857,5221518,5050126,5162352
RE2083,5027384,5221434,5048037,5160519
ADC_LIMIT:5039409,5233743,5054580,5167876,5027384,5221072,5042296,5155382
RE2084,5027625,5221718,5047325,5161548
RE2085,5027554,5221344,5048552,5162447
RE2086,5027618,5221855,5047374,5161539
RE2087,5027656,5221586,5047903,5161643
RE2088,5027832,5221468,5049736,5160475
RE2089,5027552,5221290,5048638,5159915
RE2090,5027634,5221480,5048498,5161462
RE2091,5027881,5221631,5046945,5159744
RE2092,5027906,5221823,5048082,5159949
RE2093,5027738,5221400,5047859,5161060
RE2094,5027676,5221333,5048703,5160879
RE2095,5027630,5221513,5048220,5160719
RE2096,5027784,5221434,5046690,5159794
RE2097,5027891,5221581,5046900,5159067
RE2098,5027569,5221549,5046378,5160700
RE2099,5027675,5221514,5047509,5160014
RE2100,5027475,5221255,5045887,5159696
RE2101,5027379,5221399,5045892,5159273
ADC_LIMIT:5039409,5233743,5054580,5167876,5027379,5221072,5042296,5155382
RE2102,5027586,5221492,5047192,5158783
RE2103,5027573,5221375,5046334,5158036
RE2104,5027548,5221093,5044638,5158936
RE2105,5027484,5221251,5045995,5159062
RE2106,5027435,5221153,5045014,5158401
RE2107,5027898,5221163,5046722,5158035
RE2108,5027231,5221242,5046871,5158480
RE2109,5027539,5221087,5046179,5158285
RE2110,5027573,5221201,5046622,5158686
RE2111,5027826,5221246,5045348,5158128
RE2112,5027524,5221164,5045615,5159660
RE2113,5027570,5221503,5045818,5159296
RE2114,5027422,5221337,5045670,5157334
RE2115,5027792,5221060,5044701,5155805
RE2116,5027411,5221178,5046205,5158134
RE2117,5027419,5221284,5044236,5159493
RE2118,5027425,5221025,5045540,5158325
RE2119,5027132,5220795,5046358,5158608
ADC_LIMIT:5039409,5233743,5054580,5167876,5027132,5220795,5042296,5155382
RE2120,5027580,5221103,5046851,5159367
RE2121,5027359,5221225,5046480,5158285
RE2122,5027312,5221374,5044982,5157718
RE2123,5027329,5221101,5043801,5157452
RE2124,5027460,5221450,5045929,5158706
RE2125,5027573,5221220,5046482,5157119
RE2126,5027320,5221182,5046277,5159997
RE2127,5027613,5221559,5047027,5157775
RE2128,5027403,5221127,5045891,5156757
RE2129,5027352,5221121,5045241,5159272
RE2130,5027713,5221354,5044455,5158154
RE2131,5027260,5221183,5045107,5158307
RE2132,5027263,5221262,5044162,5159193
RE2133,5027359,5221143,5046503,5160229
RE2134,5027420,5221277,5044198,5159737
RE2135,5027420,5220986,5046121,5157605
RE2136,5027669,5221296,5046841,5160534
ADC_LIMIT:5039409,5233743,5054580,5167876,5027132,5220795,5042296,5155382
RE2137,5027508,5221423,5046001,5159663
RE2138,5027659,5221417,5046607,5159765
RE2139,5027644,5221582,5045828,5158675
RE2140,5027667,5221630,5047366,5161845
RE2141,5027786,5220961,5046653,5159976
RE2142,5027743,5221247,5047064,5160436
RE2143,5027798,5221381,5047398,5161475
RE2144,5027179,5221107,5048475,5160503
RE2145,5027214,5221120,5047835,5161709
RE2146,5027556,5221181,5047563,5160893
RE2147,5027116,5221141,5047096,5160073
RE2148,5027336,5221035,5049195,5162272
RE2149,5027470,5221249,5047949,5161885
RE2150,5027504,5221287,5048498,5161600
RE2151,5027144,5221024,5048905,5161795
RE2152,5027267,5220969,5048275,5162097
RE2153,5027216,5221074,5048745,5162926
RE2154,5027385,5221338,5049528,5162035
ADC_LIMIT:5039409,5233743,5054580,5167876,5027116,5220795,5042296,5155382
RE2155,5027285,5221254,5049038,5163161
RE2156,5027228,5221065,5049288,5163472
RE2157,5027082,5220978,5050596,5163091
RE2158,5027091,5221034,5049483,5163597
RE2159,5027098,5220636,5049179,5163386
RE2160,5027262,5220966,5050218,5162757
RE2161,5027611,5220870,5049548,5162537
RE2162,5027332,5221144,5051533,5163846
RE2163,5027398,5221027,5051195,5162348
RE2164,5027584,5221120,5051001,5164039
RE2165,5027356,5220939,5050599,5163239
RE2166,5027132,5220987,5050713,5164410
RE2167,5027028,5221111,5049497,5164447
RE2168,5027307,5221106,5048930,5163787
RE2169,5027342,5221264,5050346,5164198
RE2170,5027555,5221185,5050994,5164669
RE2171,5027214,5221063,5050036,5165238
RE2172,5027483,5221254,5051817,5163284
ADC_LIMIT:5039409,5233743,5054580,5167876,5027028,5220636,5042296,5155382
RE2173,5026941,5221123,5051526,5164780
RE2174,5027422,5220829,5050065,5164024
RE2175,5027354,5221038,5051105,5165301
RE2176,5026856,5220712,5050168,5163586
RE2177,5027219,5220891,5051407,5164117
RE2178,5027579,5220754,5051612,5164940
RE2179,5027082,5221098,5051328,5163584
RE2180,5027032,5220968,5050510,5163878
RE2181,5027169,5221104,5050696,5163732
RE2182,5027157,5220944,5050608,5163840
RE2183,5027136,5221113,5050476,5162999
RE2184,5027234,5221113,5051255,5165270
RE2185,5027582,5221318,5051298,5163407
RE2186,5027464,5221067,5052008,5163509
RE2187,5027048,5220742,5050674,5162649
RE2188,5026879,5220947,5049278,5162889
RE2189,5026743,5221369,5050721,5162430
ADC_LIMIT:5039409,5233743,5054580,5167876,5026743,5220636,5042296,5155382
RE2190,5027181,5221193,5050007,5163994
RE2191,5026981,5221067,5050683,5163593
RE2192,5027187,5221061,5050135,5162058
RE2193,5026929,5220732,5049002,5160283
RE2194,5027372,5220629,5048869,5161897
RE2195,5027225,5220578,5049754,5162397
RE2196,5027121,5220805,5049209,5160871
RE2197,5027097,5220818,5049061,5162195
RE2198,5027084,5220744,5048462,5161375
RE2199,5027175,5221043,5048116,5161750
RE2200,5027203,5220979,5048633,5161451
RE2201,5027237,5221073,5045905,5160247
RE2202,5027156,5220747,5046400,5160597
RE2203,5027373,5221127,5046354,5162083
RE2204,5027114,5220888,5047864,5160565
RE2205,5027124,5220743,5046071,5160490
RE2206,5027113,5221188,5046907,5159353
RE2207,5027444,5220422,5046998,5159458
ADC_LIMIT:5039409,5233743,5054580,5167876,5026743,5220422,5042296,5155382
RE2208,5026989,5220759,5045193,5159986
RE2209,5027103,5220875,5046965,5159045
RE2210,5027235,5220640,5046901,5160001
RE2211,5027050,5220662,5046649,5158060
RE2212,5026918,5220853,5043965,5157199
RE2213,5026820,5220567,5045514,5157762
RE2214,5027115,5220696,5044700,5159187
RE2215,5026512,5220419,5043722,5158301
RE2216,5027104,5220965,5046071,5159225
RE2217,5027109,5220812,5045805,5157796
RE2218,5027429,5220546,5043585,5156896
RE2219,5027052,5221201,5044499,5158100
RE2220,5026953,5220986,5044775,5157140
RE2221,5027145,5220984,5043586,5156503
RE2222,5027233,5220377,5044635,5156885
RE2223,5027390,5220679,5043559,5154825
RE2224,5026712,5220650,5042814,5157524
RE2225,5026855,5220927,5043795,5157188
ADC_LIMIT:5039409,5233743,5054580,5167876,5026512,5220377,5042296,5154825
RE2226,5027295,5220808,5043696,5156568
RE2227,5027115,5220703,5044043,5155368
RE2228,5026988,5220822,5042342,5155926
RE2229,5027277,5220543,5042384,5157250
RE2230,5027222,5220453,5041331,5154905
RE2231,5026920,5220695,5043325,5155351
RE2232,5026696,5220663,5043567,5156683
RE2233,5027096,5220678,5044307,5156835
RE2234,5026918,5220751,5042898,5155096
RE2235,5026888,5220697,5041629,5155456
RE2236,5027278,5221070,5043738,5156364
RE2237,5027169,5220792,5043395,5156615
RE2238,5027013,5220797,5042906,5156932
RE2239,5027099,5220777,5043506,5157160
RE2240,5027205,5220770,5043297,5156743
RE2241,5026986,5220645,5043547,5157504
RE2242,5026962,5220350,5044423,5157084
ADC_LIMIT:5039409,5233743,5054580,5167876,5026512,5220350,5041331,5154825
RE2243,5026879,5220637,5044287,5157593
RE2244,5027093,5220386,5045730,5158181
RE2245,5026948,5220576,5044409,5158556
RE2246,5026958,5220401,5044127,5156769
RE2247,5027049,5220782,5043778,5157655
RE2248,5027136,5220600,5045096,5157380
RE2249,5027045,5220494,5046234,5159141
RE2250,5027243,5220748,5046231,5160356
RE2251,5026871,5220951,5046408,5159137
RE2252,5027045,5220727,5046057,5160094
RE2253,5026928,5220608,5046290,5159620
RE2254,5027090,5220622,5047303,5160020
RE2255,5026759,5220871,5045718,5160285
RE2256,5026848,5220840,5046882,5161371
RE2257,5026812,5220859,5046520,5161472
RE2258,5027253,5220878,5048471,5160368
RE2259,5026801,5220718,5047934,5162292
RE2260,5027104,5220491,5047875,5160613
ADC_LIMIT:5039409,5233743,5054580,5167876,5026512,5220350,5041331,5154825
RE2261,5027041,5220905,5048419,5160691
RE2262,5026815,5220435,5049192,5161352
RE2263,5027088,5220551,5048980,5161124
RE2264,5026690,5220538,5049270,5161787
RE2265,5026753,5220518,5049836,5162558
RE2266,5026959,5220517,5049907,5162356
RE2267,5026968,5221167,5049168,5162942
RE2268,5026937,5220584,5049690,5162825
RE2269,5027220,5220706,5050334,5162638
RE2270,5026906,5220520,5050762,5165137
RE2271,5027000,5220647,5050368,5163493
RE2272,5027039,5220756,5050494,5164773
RE2273,5026636,5220201,5051624,5164029
RE2274,5026734,5220564,5052176,5163164
RE2275,5026808,5220594,5051852,5164315
RE2276,5026617,5220582,5051749,5164198
RE2277,5026862,5220476,5050728,5166056
RE2278,5026967,5220367,5051807,5164693
ADC_LIMIT:5039409,5233743,5054580,5167876,5026512,5220201,5041331,5154825
RE2279,5026870,5220864,5051858,5164044
RE2280,5027114,5220595,5052224,5165294
RE2281,5026828,5220681,5051265,5164414
RE2282,5026904,5220588,5051303,5165242
RE2283,5026564,5220378,5052123,5165128
RE2284,5026818,5220654,5051601,5165728
RE2285,5026882,5220900,5051852,5165891
RE2286,5026899,5220975,5052648,5165316
RE2287,5026802,5220680,5052707,5166209
RE2288,5027081,5220748,5052918,5165036
RE2289,5026557,5221006,5052315,5166991
RE2290,5026797,5221053,5051931,5166557
RE2291,5026698,5220631,5052349,5165462
RE2292,5026751,5220797,5051375,5165537
RE2293,5026968,5220926,5052838,5166296
RE2294,5027122,5220676,5052174,5165474
RE2295,5026987,5220792,5052253,5165037
ADC_LIMIT:5039409,5233743,5054580,5167876,5026512,5220201,5041331,5154825
RE2296,5026805,5220756,5051442,5163503
RE2297,5027068,5220507,5052134,5165936
RE2298,5027040,5220437,5051491,5163899
RE2299,5026902,5220899,5052536,5164737
RE2300,5026716,5220509,5050665,5164087
RE2301,5026940,5220611,5051696,5163555
RE2302,5026948,5220596,5050425,5164468
RE2303,5026812,5220598,5050049,5163999
RE2304,5026309,5220495,5050207,5163834
RE2305,5026686,5220273,5050571,5163664
RE2306,5026227,5220447,5049877,5163874
RE2307,5026749,5220219,5050745,5163306
RE2308,5026426,5220043,5050221,5162841
RE2309,5026687,5220670,5050416,5163654
RE2310,5026621,5220650,5049214,5162424
RE2311,5026657,5220462,5049642,5162306
RE2312,5026909,5220315,5049483,5162777
RE2313,5026758,5220672,5050295,5160717
ADC_LIMIT:5039409,5233743,5054580,5167876,5026227,5220043,5041331,5154825
RE2314,5026610,5220776,5048823,5162782
RE2315,5026729,5220492,5048869,5162570
RE2316,5026945,5220468,5047736,5161382
RE2317,5026998,5220458,5047827,5162040
RE2318,5026527,5220504,5047817,5161144
RE2319,5027050,5220307,5049207,5160679
RE2320,5026446,5220644,5047021,5161223
RE2321,5026720,5220416,5046428,5160435
RE2322,5026545,5220447,5046552,5160037
RE2323,5026665,5220481,5047750,5159200
RE2324,5026614,5220524,5047166,5160283
RE2325,5026664,5220544,5047008,5160134
RE2326,5026732,5220506,5045585,5159358
RE2327,5026932,5220472,5046858,5161749
RE2328,5026598,5220611,5046582,5159772
RE2329,5026804,5220488,5046526,5158779
RE2330,5026486,5220040,5046289,5157727
RE2331,5026534,5220392,5044945,5158889
ADC_LIMIT:5039409,5233743,5054580,5167876,5026227,5220040,5041331,5154825
RE2332,5026789,5220773,5045246,5160132
RE2333,5027062,5220288,5045441,5158121
RE2334,5026865,5219995,5045949,5158533
RE2335,5026748,5220401,5044160,5158730
RE2336,5026701,5219952,5045024,5157222
RE2337,5026367,5220128,5043944,5159243
RE2338,5026895,5220286,5044518,5160310
RE2339,5026638,5220100,5044135,5158927
RE2340,5026625,5220289,5044229,5158260
RE2341,5026698,5220440,5044337,5158834
RE2342,5026936,5220599,5042937,5157875
RE2343,5026713,5220060,5043920,5158361
RE2344,5026757,5220083,5044612,5158502
RE2345,5026816,5220554,5044552,5158272
RE2346,5026248,5220633,5044492,5159477
RE2347,5026838,5220514,5044753,5157458
RE2348,5026737,5220358,5045981,5157568
ADC_LIMIT:5039409,5233743,5054580,5167876,5026227,5219952,5041331,5154825
RE2349,5026780,5220377,5044758,5157308
RE2350,5026496,5220361,5046266,5158137
RE2351,5026450,5220458,5043879,5157445
RE2352,5026758,5220259,5045457,5158778
RE2353,5026501,5220187,5047112,5158745
RE2354,5026516,5219958,5044620,5158944
RE2355,5026511,5220169,5044386,5157480
RE2356,5026547,5220250,5043665,5156983
RE2357,5026800,5220577,5046062,5159432
RE2358,5026825,5220178,5045420,5157022
RE2359,5026332,5220423,5044893,5158857
RE2360,5026350,5220312,5045955,5158031
RE2361,5026533,5220808,5043340,5158421
RE2362,5026571,5220867,5044833,5157614
RE2363,5026664,5220622,5044818,5158440
RE2364,5026684,5220556,5044697,5158227
RE2365,5026889,5220307,5046443,5158619
RE2366,5026893,5220557,5045093,5158846
ADC_LIMIT:5039409,5233743,5054580,5167876,5026227,5219952,5041331,5154825
RE2367,5026761,5220532,5044480,5158787
RE2368,5026899,5220368,5044726,5159408
RE2369,5026892,5220583,5045468,5157986
RE2370,5026577,5220656,5046831,5159354
RE2371,5026859,5220191,5045150,5159455
RE2372,5026979,5220397,5046029,5159524
RE2373,5026692,5220542,5045263,5159471
RE2374,5027098,5220594,5045196,5158985
RE2375,5026617,5220701,5046702,5160036
RE2376,5026844,5220450,5046661,5159157
RE2377,5026733,5220730,5045780,5161887
RE2378,5026656,5220278,5047297,5158290
RE2379,5026759,5220248,5047318,5159382
RE2380,5026345,5220261,5046519,5159195
RE2381,5026626,5220462,5047858,5159580
RE2382,5026541,5220262,5047891,5160681
RE2383,5026656,5220504,5047453,5162787
RE2384,5026632,5220465,5048032,5160492
ADC_LIMIT:5039409,5233743,5054580,5167876,5026227,5219952,5041331,5154825
RE2385,5026508,5220403,5047993,5160984
RE2386,5026805,5220557,5048643,5160384
RE2387,5026849,5220467,5048812,5161667
RE2388,5026846,5220020,5048405,5161353
RE2389,5026901,5220215,5049221,5159893
RE2390,5026625,5220683,5049657,5161435
RE2391,5026437,5220542,5048202,5161724
RE2392,5026680,5220613,5048108,5162535
RE2393,5026755,5220412,5049090,5162624
RE2394,5026658,5220377,5050166,5163033
RE2395,5026560,5220511,5049964,5162557
RE2396,5026635,5220345,5048973,5161428
RE2397,5026683,5220284,5048513,5162388
RE2398,5026537,5220494,5049274,5162997
RE2399,5026250,5220077,5047904,5161187
RE2400,5026314,5220077,5049546,5162917
RE2401,5026621,5220024,5049077,5162467
ADC_LIMIT:5039409,5233743,5054580,5167876,5026227,5219952,5041331,5154825
RE2402,5026471,5219835,5051173,5163476
RE2403,5026545,5220072,5049685,5163940
RE2404,5026845,5220202,5050845,5164301
RE2405,5026391,5220096,5050871,5162420
RE2406,5026220,5219815,5049728,5165260
RE2407,5026240,5220142,5050894,5162650
RE2408,5026460,5220064,5050980,5165291
RE2409,5026543,5220002,5052358,5164492
RE2410,5026452,5220157,5050120,5162505
RE2411,5026392,5220223,5050403,5163310
RE2412,5026463,5220197,5049971,5163076
RE2413,5026458,5220340,5051527,5163712
RE2414,5026476,5220167,5051342,5164975
RE2415,5026361,5220020,5050945,5162993
RE2416,5026714,5220254,5049972,5163020
RE2417,5026480,5220316,5050006,5163476
RE2418,5026453,5220202,5050736,5164191
RE2419,5026444,5220179,5050594,5164608
ADC_LIMIT:5039409,5233743,5054580,5167876,5026220,5219815,5041331,5154825
RE2420,5026472,5220330,5050307,5163693
RE2421,5026363,5220213,5050500,5163317
RE2422,5026573,5219870,5049225,5164189
RE2423,5026732,5219998,5050424,5161910
RE2424,5026881,5220146,5050183,5162588
RE2425,5026593,5219995,5050056,5163483
RE2426,5026449,5220169,5050169,5162468
RE2427,5026271,5219983,5049049,5162196
RE2428,5026530,5220081,5049965,5163390
RE2429,5026526,5220056,5048878,5161556
RE2430,5026215,5219937,5048515,5161757
RE2431,5026397,5220389,5050290,5161871
RE2432,5026325,5220349,5049949,5162583
RE2433,5026119,5220185,5046724,5161655
RE2434,5026524,5219790,5048406,5161342
RE2435,5026498,5220153,5048731,5162788
RE2436,5026588,5220271,5047760,5162134
RE2437,5026304,5219995,5047934,5162783
ADC_LIMIT:5039409,5233743,5054580,5167876,5026119,5219790,5041331,5154825
RE2438,5026690,5220127,5047596,5160831
RE2439,5026206,5219878,5047398,5161300
RE2440,5026256,5219878,5048172,5159426
RE2441,5026182,5219939,5045949,5159936
RE2442,5026191,5219664,5047552,5158108
RE2443,5026461,5220206,5046331,5160538
RE2444,5026299,5220084,5044796,5159961
RE2445,5026306,5219857,5045926,5160069
RE2446,5026524,5219966,5047163,5160354
RE2447,5026278,5220227,5045455,5158860
RE2448,5026155,5220112,5044928,5158592
RE2449,5026104,5220084,5045499,5158680
RE2450,5026366,5220051,5045939,5159172
RE2451,5026414,5219987,5046020,5159269
RE2452,5026594,5220069,5045650,5159957
RE2453,5026323,5220010,5046525,5158801
RE2454,5026310,5220504,5045284,5157208
ADC_LIMIT:5039409,5233743,5054580,5167876,5026104,5219664,5041331,5154825
RE2455,5026329,5220465,5045423,5157388
RE2456,5026178,5220321,5044267,5157978
RE2457,5026461,5220149,5044535,5157421
RE2458,5026122,5220313,5043939,5158665
RE2459,5026430,5219936,5044858,5157971
RE2460,5026383,5219961,5043355,5157401
RE2461,5026427,5220358,5043823,5155652
RE2462,5026499,5220218,5043735,5156939
RE2463,5026502,5220536,5045126,5156241
RE2464,5026239,5220492,5043912,5155835
RE2465,5026658,5220348,5044027,5156837
RE2466,5026323,5220178,5043641,5156650
RE2467,5026340,5220373,5042945,5156399
RE2468,5026453,5219962,5043404,5156296
RE2469,5026791,5220570,5043784,5156174
RE2470,5026110,5219973,5042732,5154820
RE2471,5026133,5220247,5043002,5156808
RE2472,5026414,5220056,5044990,5157034
ADC_LIMIT:5039409,5233743,5054580,5167876,5026104,5219664,5041331,5154820
RE2473,5026568,5220255,5044341,5157823
RE2474,5026405,5220516,5043618,5156231
RE2475,5026645,5220069,5044851,5156891
RE2476,5026690,5220060,5043868,5157342
RE2477,5026288,5220272,5044788,5158334
RE2478,5026468,5220153,5043618,5156778
RE2479,5026214,5220123,5043984,5157683
RE2480,5026368,5220116,5043352,5157369
RE2481,5026461,5220164,5044721,5156813
RE2482,5026055,5220047,5044969,5158026
RE2483,5026288,5219839,5045948,5157696
RE2484,5025939,5219843,5045320,5159547
RE2485,5026317,5220048,5044361,5158060
RE2486,5026190,5220123,5045355,5157730
RE2487,5026435,5220357,5046245,5157944
RE2488,5026024,5219731,5047223,5158660
RE2489,5026196,5220149,5045307,5159302
RE2490,5026112,5219997,5045782,5159209
ADC_LIMIT:5039409,5233743,5054580,5167876,5025939,5219664,5041331,5154820
RE2491,5026157,5220288,5046973,5159478
RE2492,5025959,5219930,5046011,5159733
RE2493,5026178,5219864,5047150,5159279
RE2494,5026303,5219575,5046073,5159410
RE2495,5026343,5220075,5047718,5159749
RE2496,5026245,5220077,5048180,5160672
RE2497,5026038,5220061,5048478,5160344
RE2498,5025932,5220136,5048563,5161334
RE2499,5026349,5220157,5047498,5160980
RE2500,5026210,5220247,5049012,5160599
RE2501,5025901,5219907,5048332,5161883
RE2502,5026120,5220142,5049370,5163249
RE2503,5026290,5219690,5049415,5161485
RE2504,5026039,5220167,5050555,5162550
RE2505,5026025,5219947,5048924,5162805
RE2506,5025914,5220366,5049857,5162312
RE2507,5026357,5220039,5049755,5163664
ADC_LIMIT:5039409,5233743,5054580,5167876,5025901,5219575,5041331,5154820
RE2508,5026084,5219747,5049846,5162645
RE2509,5026039,5219858,5050579,5164150
RE2510,5026022,5219885,5049200,5164281
RE2511,5025838,5219755,5049667,5163562
RE2512,5025837,5219212,5049215,5163374
RE2513,5026148,5219445,5053091,5163588
RE2514,5026056,5219686,5051171,5164176
RE2515,5025779,5219920,5051099,5165093
RE2516,5025806,5219786,5052037,5164562
RE2517,5026197,5219744,5051933,5164836
RE2518,5026535,5220019,5051773,5164951
RE2519,5026430,5220082,5051540,5165079
RE2520,5026422,5219826,5051890,5164529
RE2521,5025881,5219973,5052272,5165123
RE2522,5025816,5219955,5050330,5164057
RE2523,5025888,5219899,5050446,5163921
RE2524,5025945,5219662,5052653,5165811
RE2525,5025981,5219633,5051364,5164279
ADC_LIMIT:5039409,5233743,5054580,5167876,5025779,5219212,5041331,5154820
RE2526,5026061,5219918,5051264,5165563
RE2527,5026052,5219743,5052648,5166203
RE2528,5026053,5219489,5051877,5163993
RE2529,5025702,5219779,5050687,5163921
RE2530,5026047,5219380,5052008,5165492
RE2531,5026089,5219746,5051093,5164234
RE2532,5026289,5219926,5051285,5165148
RE2533,5025877,5220019,5051185,5164910
RE2534,5025698,5219868,5050672,5163693
RE2535,5025796,5219891,5050951,5164157
RE2536,5025727,5220045,5051096,5165216
RE2537,5025956,5219996,5051374,5163582
RE2538,5026016,5219893,5049793,5164210
RE2539,5026071,5219459,5051323,5163001
RE2540,5025894,5219414,5049826,5164471
RE2541,5025990,5219815,5051094,5164802
RE2542,5026019,5219877,5050389,5163763
RE2543,5026347,5219759,5049306,5163449
ADC_LIMIT:5039409,5233743,5054580,5167876,5025698,5219212,5041331,5154820
RE2544,5025868,5219901,5049716,5162618
RE2545,5026254,5219378,5049507,5163432
RE2546,5025934,5219628,5048574,5162984
RE2547,5025958,5219336,5048663,5161920
RE2548,5025817,5219616,5049186,5161126
RE2549,5026113,5219459,5048329,5160531
RE2550,5025789,5219717,5047456,5162157
RE2551,5025903,5219619,5045866,5161066
RE2552,5026118,5219782,5047038,5161961
RE2553,5025843,5219381,5047129,5160553
RE2554,5026003,5219399,5046848,5160927
RE2555,5025798,5219471,5047678,5159273
RE2556,5025834,5219095,5046768,5161665
RE2557,5025825,5219542,5047727,5160160
RE2558,5025879,5219354,5046972,5159701
RE2559,5026088,5219752,5046394,5159263
RE2560,5026074,5219596,5046347,5158039
ADC_LIMIT:5039409,5233743,5054580,5167876,5025698,5219095,5041331,5154820
RE2561,5026100,5219798,5046441,5159826
RE2562,5025739,5219770,5045065,5159339
RE2563,5025951,5219549,5046317,5158805
RE2564,5025880,5219476,5045405,5158723
RE2565,5025750,5219381,5044334,5158004
RE2566,5025231,5219504,5045408,5158854
RE2567,5025867,5219687,5045478,5157201
RE2568,5025807,5219626,5044526,5158013
RE2569,5025689,5219813,5044903,5157533
RE2570,5025818,5219867,5044759,5158294
RE2571,5026135,5219431,5044666,5156010
RE2572,5025728,5219718,5043087,5158398
RE2573,5025998,5219612,5044551,5157052
RE2574,5025771,5219344,5044430,5156232
RE2575,5025721,5219471,5044290,5157463
RE2576,5025707,5219861,5045462,5156789
RE2577,5025762,5219674,5043654,5156727
RE2578,5025914,5219805,5043253,5157542
ADC_LIMIT:5039409,5233743,5054580,5167876,5025231,5219095,5041331,5154820
RE2579,5025537,5219337,5043716,5156147
RE2580,5025652,5219465,5042264,5157765
RE2581,5025937,5219167,5044198,5155428
RE2582,5025734,5219268,5042861,5156335
RE2583,5025845,5219582,5043208,5156966
RE2584,5025568,5219446,5043498,5157060
RE2585,5025996,5219763,5043943,5156415
RE2586,5025653,5219512,5043249,5156827
RE2587,5025860,5219462,5043058,5155539
RE2588,5025758,5219480,5043942,5158000
RE2589,5025709,5219534,5043830,5157165
RE2590,5025758,5219615,5044468,5157747
RE2591,5025661,5219571,5041805,5157399
RE2592,5025832,5219715,5044195,5157900
RE2593,5025844,5219571,5043754,5155230
RE2594,5025812,5219150,5044359,5157563
RE2595,5025536,5219564,5043597,5158925
RE2596,5025517,5219455,5044901,5157087
ADC_LIMIT:5039409,5233743,5054580,5167876,5025231,5219095,5041331,5154820
RE2597,5025555,5219090,5043289,5157437
RE2598,5025731,5219379,5046597,5159308
RE2599,5025199,5219185,5045125,5157812
RE2600,5025458,5219320,5043437,5159958
RE2601,5025587,5219377,5044052,5157341
RE2602,5025908,5219494,5045015,5157991
RE2603,5026092,5219595,5044611,5158633
RE2604,5025673,5219736,5044791,5158485
RE2605,5025874,5219648,5046519,5158036
RE2606,5025500,5219285,5046461,5157378
RE2607,5025820,5219635,5043985,5159826
RE2608,5025568,5219511,5045987,5159023
RE2609,5025690,5219387,5047042,5158169
RE2610,5025844,5219535,5046490,5160149
RE2611,5025514,5219628,5047257,5159778
RE2612,5025859,5219704,5046724,5161372
RE2613,5026120,5219310,5048200,5158682
ADC_LIMIT:5039409,5233743,5054580,5167876,5025199,5219090,5041331,5154820
RE2614,5025738,5219348,5048477,5160027
RE2615,5025432,5219023,5047671,5159932
RE2616,5025800,5219306,5047430,5162140
RE2617,5025570,5218909,5048036,5160570
RE2618,5025509,5219114,5047430,5160978
RE2619,5025640,5218828,5047308,5162373
RE2620,5025863,5219211,5048708,5162239
RE2621,5025999,5219263,5049088,5163469
RE2622,5025800,5219612,5047544,5161453
RE2623,5025795,5219349,5048915,5162172
RE2624,5025611,5219768,5048994,5162860
RE2625,5025859,5219335,5048732,5161580
RE2626,5025689,5219377,5049448,5163221
RE2627,5025701,5219277,5050713,5162988
RE2628,5025364,5219193,5048873,5163645
RE2629,5025641,5219607,5049685,5163256
RE2630,5025649,5219748,5048731,5162770
RE2631,5025824,5219466,5049363,5163186
ADC_LIMIT:5039409,5233743,5054580,5167876,5025199,5218828,5041331,5154820
RE2632,5025722,5219479,5048821,5162373
RE2633,5025826,5219454,5050301,5163261
RE2634,5025521,5219467,5048520,5162810
RE2635,5025884,5219149,5050366,5162573
RE2636,5025705,5219508,5050310,5163375
RE2637,5025529,5219544,5048851,5163994
RE2638,5025624,5219089,5050487,5163210
RE2639,5025704,5219263,5049556,5163311
RE2640,5025574,5219198,5049392,5161896
RE2641,5025476,5218874,5050760,5162434
RE2642,5025579,5219277,5051342,5162150
RE2643,5025481,5219453,5050073,5163688
RE2644,5025592,5219243,5050026,5161513
RE2645,5025344,5219806,5049059,5163786
RE2646,5025355,5219332,5049310,5163387
RE2647,5025647,5219123,5051185,5164877
RE2648,5025364,5219099,5048534,5164012
RE2649,5025465,5218984,5049797,5163479
ADC_LIMIT:5039409,5233743,5054580,5167876,5025199,5218828,5041331,5154820
RE2650,5025428,5219100,5050042,5163797
RE2651,5025464,5219038,5050056,5163708
RE2652,5025214,5218756,5049072,5162666
RE2653,5025475,5218621,5049812,5161066
RE2654,5025401,5219255,5050381,5163981
RE2655,5025453,5219315,5050841,5162509
RE2656,5025673,5219170,5048468,5161430
RE2657,5025196,5218919,5049203,5163661
RE2658,5025536,5219173,5048917,5162631
RE2659,5025388,5218937,5048801,5163381
RE2660,5025314,5218760,5050232,5161092
RE2661,5025467,5219300,5050780,5162193
RE2662,5025287,5219030,5049201,5161926
RE2663,5025389,5219364,5047139,5163132
RE2664,5025436,5219165,5049931,5161465
RE2665,5025459,5219221,5049205,5161238
RE2666,5025745,5219557,5048651,5162993
ADC_LIMIT:5039409,5233743,5054580,5167876,5025196,5218621,5041331,5154820
RE2667,5025319,5219274,5049650,5162459
RE2668,5025264,5218995,5048872,5161628
RE2669,5025029,5219100,5048054,5162140
RE2670,5025582,5219432,5048025,5160910
RE2671,5025674,5219156,5047801,5161175
RE2672,5025102,5218881,5047766,5161371
RE2673,5025305,5219016,5047662,5162232
RE2674,5025383,5218994,5047431,5159870
RE2675,5025252,5219032,5048843,5160865
RE2676,5025337,5219255,5048283,5161605
RE2677,5025717,5219039,5047565,5160450
RE2678,5025257,5219227,5046142,5161515
RE2679,5025415,5218587,5047054,5161303
RE2680,5025222,5218992,5048038,5160030
RE2681,5025251,5218895,5046967,5161189
RE2682,5025235,5218868,5047684,5160591
RE2683,5025692,5218973,5046389,5160194
RE2684,5025071,5219206,5045903,5160370
ADC_LIMIT:5039409,5233743,5054580,5167876,5025029,5218587,5041331,5154820
RE2685,5025348,5218854,5046983,5158467
RE2686,5025312,5219231,5046857,5159726
RE2687,5025398,5219324,5047081,5160544
RE2688,5025526,5219018,5046634,5159969
RE2689,5025571,5219263,5046508,5159664
RE2690,5025250,5218824,5045951,5159556
RE2691,5025645,5219385,5045591,5159689
RE2692,5025804,5219360,5045597,5158367
RE2693,5025129,5219157,5046269,5158348
RE2694,5025324,5219262,5045192,5158856
RE2695,5025589,5219189,5044826,5159208
RE2696,5025507,5219089,5046806,5157633
RE2697,5025480,5219065,5045007,5158003
RE2698,5025399,5218807,5045788,5157735
RE2699,5025151,5219177,5043656,5157819
RE2700,5025237,5219095,5044914,5159370
RE2701,5025224,5219141,5044794,5157836
RE2702,5025578,5219281,5044761,5159230
ADC_LIMIT:5039409,5233743,5054580,5167876,5025029,5218587,5041331,5154820
RE2703,5025458,5218829,5046093,5157775
RE2704,5025154,5218857,5044861,5158113
RE2705,5025174,5218892,5046028,5157146
RE2706,5025419,5219150,5044192,5156007
RE2707,5025345,5219243,5043913,5157829
RE2708,5025490,5219222,5045724,5157540
RE2709,5025339,5219039,5044745,5158560
RE2710,5025537,5219292,5042871,5157291
RE2711,5025257,5218933,5044613,5157519
RE2712,5025422,5219353,5044300,5158466
RE2713,5025605,5219163,5045246,5157642
RE2714,5025424,5219036,5046232,5157159
RE2715,5025694,5219054,5045037,5157829
RE2716,5025331,5218777,5045492,5156720
RE2717,5025677,5218799,5046360,5158751
RE2718,5025035,5218952,5046681,5159066
RE2719,5025387,5218822,5045983,5157851
ADC_LIMIT:5039409,5233743,5054580,5167876,5024996,5218587,5041331,5154820
RE2720,5024996,5219081,5045866,5159532
RE2721,5025386,5218847,5044341,5157573
RE2722,5025429,5218548,5046758,5157582
RE2723,5025317,5219009,5045332,5157236
RE2724,5024908,5218915,5045424,5158830
RE2725,5025482,5219195,5046268,5156745
RE2726,5025211,5219088,5045493,5158205
RE2727,5025379,5218835,5045866,5159683
RE2728,5025399,5219297,5047418,5159182
RE2729,5025133,5218883,5046437,5159375
RE2730,5025225,5218957,5046796,5159285
RE2731,5025091,5218879,5046671,5160100
RE2732,5025163,5218917,5046997,5161678
RE2733,5025528,5219064,5046706,5159248
RE2734,5025429,5218916,5048034,5161621
RE2735,5025510,5219319,5047827,5161356
RE2736,5025458,5219191,5048073,5159776
RE2737,5025285,5218670,5046799,5159148
ADC_LIMIT:5039409,5233743,5054580,5167876,5024908,5218548,5041331,5154820
RE2738,5025008,5218636,5047524,5160525
RE2739,5025188,5219036,5046501,5161594
RE2740,5025218,5218644,5048273,5160035
RE2741,5025127,5218617,5048112,5161574
RE2742,5025528,5219016,5047669,5162040
RE2743,5025222,5219081,5048128,5161972
RE2744,5024976,5219208,5048947,5160579
RE2745,5025031,5219051,5049538,5162780
RE2746,5025168,5218892,5047458,5162308
RE2747,5025258,5219120,5050183,5163843
RE2748,5025223,5218851,5049877,5162555
RE2749,5025400,5219103,5050424,5163709
RE2750,5025294,5219130,5049467,5163224
RE2751,5025676,5219004,5050398,5164308
RE2752,5025281,5219133,5050289,5162773
RE2753,5025396,5219149,5050597,5163874
RE2754,5025302,5218903,5050615,5162988
RE2755,5025265,5219063,5050790,5163915
ADC_LIMIT:5039409,5233743,5054580,5167876,5024908,5218548,5041331,5154820
RE2756,5025092,5218657,5050421,5164888
RE2757,5024956,5218855,5051437,5163820
RE2758,5024811,5218938,5050622,5163858
RE2759,5025538,5218790,5050331,5163020
RE2760,5025229,5218735,5049604,5162804
RE2761,5025173,5218943,5049513,5162479
RE2762,5025269,5219022,5051102,5164220
RE2763,5025397,5218707,5051296,5163771
RE2764,5025027,5219038,5051661,5164890
RE2765,5025169,5218691,5049028,5163252
RE2766,5025161,5218733,5051217,5163770
RE2767,5025153,5218623,5051205,5164460
RE2768,5025149,5218807,5051337,5165149
RE2769,5025122,5218510,5050813,5163833
RE2770,5025141,5218402,5050311,5165285
RE2771,5025236,5218864,5049887,5162995
RE2772,5025018,5218689,5051375,5163601
ADC_LIMIT:5039409,5233743,5054580,5167876,5024811,5218402,5041331,5154820
RE2773,5025022,5218678,5049795,5164864
RE2774,5025212,5218483,5050611,5163576
RE2775,5025143,5218709,5050200,5164084
RE2776,5025246,5218485,5052137,5162725
RE2777,5025015,5218563,5049921,5163196
RE2778,5024596,5218726,5049582,5163422
RE2779,5024886,5218418,5051880,5161975
RE2780,5024919,5218576,5050167,5162340
RE2781,5025021,5218716,5049837,5162955
RE2782,5024730,5218703,5050831,5163012
RE2783,5024701,5218595,5049151,5162295
RE2784,5024790,5218369,5051211,5162507
RE2785,5025345,5218663,5048893,5163189
RE2786,5025055,5218817,5049073,5163610
RE2787,5024961,5219033,5048897,5163788
RE2788,5024800,5218879,5048714,5161708
RE2789,5025243,5218870,5047117,5162171
RE2790,5025015,5218564,5048325,5162103
ADC_LIMIT:5039409,5233743,5054580,5167876,5024596,5218369,5041331,5154820
RE2791,5024846,5218521,5046786,5160137
RE2792,5025102,5218500,5046313,5159659
RE2793,5025120,5218831,5047692,5160134
RE2794,5024737,5218631,5046351,5159045
RE2795,5025092,5218867,5046833,5160248
RE2796,5025115,5218562,5046856,5160524
RE2797,5024932,5218736,5046154,5159796
RE2798,5025178,5218234,5046640,5159396
RE2799,5024991,5218847,5045338,5159058
RE2800,5024698,5218393,5044889,5158186
RE2801,5024894,5218691,5045234,5158816
RE2802,5024812,5218589,5045384,5158570
RE2803,5024843,5218723,5044783,5158232
RE2804,5025102,5219005,5045901,5156935
RE2805,5025362,5218720,5044105,5157348
RE2806,5025166,5218868,5044948,5157857
RE2807,5025162,5218683,5045453,5158199
RE2808,5025133,5218938,5044587,5156674
ADC_LIMIT:5039409,5233743,5054580,5167876,5024596,5218234,5041331,5154820
RE2809,5024940,5218702,5045254,5157331
RE2810,5025292,5218865,5042550,5156830
RE2811,5025474,5219027,5044158,5156753
RE2812,5025235,5218707,5043122,5156465
RE2813,5024892,5218835,5043889,5156587
RE2814,5025188,5218682,5044635,5155285
RE2815,5025155,5218774,5043849,5156546
RE2816,5025250,5218886,5043738,5155866
RE2817,5025177,5218900,5042653,5156034
RE2818,5024749,5218739,5043512,5155176
RE2819,5025097,5218808,5042659,5155669
RE2820,5024862,5218750,5042673,5154981
RE2821,5024976,5218658,5042109,5155671
RE2822,5024945,5218754,5042206,5156125
RE2823,5025008,5218559,5042050,5156578
RE2824,5025354,5218726,5044532,5156243
RE2825,5025296,5218865,5043309,5156633
ADC_LIMIT:5039409,5233743,5054580,5167876,5024596,5218234,5041331,5154820
RE2826,5024988,5218862,5042559,5155141
RE2827,5025035,5218702,5044145,5155193
RE2828,5025185,5218643,5043072,5157149
RE2829,5025055,5218433,5043034,5155666
RE2830,5025028,5218911,5044413,5156665
RE2831,5024971,5218752,5043749,5157197
RE2832,5025095,5218587,5043338,5156235
RE2833,5024900,5218206,5043747,5156375
RE2834,5025021,5218762,5043578,5156943
RE2835,5025020,5218684,5043720,5157495
RE2836,5024893,5218207,5042387,5156906
RE2837,5024640,5218790,5044112,5157329
RE2838,5024793,5218744,5044215,5156902
RE2839,5025237,5218146,5044147,5158418
RE2840,5024747,5218612,5044249,5157870
RE2841,5024804,5218638,5043739,5157863
RE2842,5024708,5218776,5045302,5157147
RE2843,5024818,5218580,5043625,5158687
ADC_LIMIT:5039409,5233743,5054580,5167876,5024596,5218146,5041331,5154820
RE2844,5024950,5218540,5044774,5158774
RE2845,5024946,5218371,5046231,5158611
RE2846,5024820,5218449,5046672,5160026
RE2847,5024963,5218526,5046444,5159612
RE2848,5024554,5218875,5046791,5159422
RE2849,5024919,5218559,5047354,5161308
RE2850,5025266,5218675,5046749,5160371
RE2851,5024740,5218671,5046852,5161051
RE2852,5025004,5218654,5047936,5161102
RE2853,5024789,5218651,5048286,5161679
RE2854,5024880,5218367,5047915,5161489
RE2855,5025085,5218879,5048367,5162104
RE2856,5024957,5218402,5049221,5162320
RE2857,5025326,5218741,5048856,5162014
RE2858,5025045,5218832,5049796,5162143
RE2859,5025109,5218710,5049061,5162477
RE2860,5025048,5218486,5050580,5162794
RE2861,5025337,5218844,5049129,5163194
ADC_LIMIT:5039409,5233743,5054580,5167876,5024554,5218146,5041331,5154820
RE2862,5024768,5218627,5049259,5162821
RE2863,5024913,5218455,5049805,5163197
RE2864,5024920,5218621,5051311,5165887
RE2865,5025035,5218405,5050982,5164932
RE2866,5025403,5218630,5050657,5162790
RE2867,5024938,5218502,5051383,5163403
RE2868,5025077,5218666,5051618,5164604
RE2869,5024880,5218546,5050244,5164861
RE2870,5024787,5218466,5050798,5165064
RE2871,5025086,5218789,5052418,5165242
RE2872,5024740,5218796,5051917,5164998
RE2873,5024776,5218552,5051269,5163711
RE2874,5024824,5218843,5052894,5165523
RE2875,5024926,5218444,5051920,5165120
RE2876,5024782,5218862,5052001,5164768
RE2877,5024798,5218614,5053507,5165629
RE2878,5024597,5218409,5051169,5164675
ADC_LIMIT:5039409,5233743,5054580,5167876,5024554,5218146,5041331,5154820
RE2879,5024646,5218567,5052585,5164143
RE2880,5024626,5218378,5051482,5164479
RE2881,5025069,5218620,5052344,5164737
RE2882,5024436,5218455,5051357,5165463
RE2883,5024929,5218696,5052653,5166106
RE2884,5025125,5218901,5052721,5165056
RE2885,5025025,5218556,5051893,5164892
RE2886,5024733,5218549,5051424,5164694
RE2887,5024773,5218451,5051777,5164106
RE2888,5024746,5218516,5053438,5163882
RE2889,5024800,5218503,5051162,5165165
RE2890,5024912,5218379,5049855,5163755
RE2891,5024653,5218583,5052709,5165681
RE2892,5025042,5218811,5050641,5163502
RE2893,5024875,5218609,5049758,5164122
RE2894,5024619,5218460,5050997,5164918
RE2895,5024810,5218620,5051737,5162635
RE2896,5024660,5218459,5050835,5165239
ADC_LIMIT:5039409,5233743,5054580,5167876,5024436,5218146,5041331,5154820
RE2897,5024719,5218057,5049976,5163561
RE2898,5024520,5218019,5050594,5163201
RE2899,5024491,5218164,5051636,5163590
RE2900,5024694,5218174,5051754,5163379
RE2901,5024606,5218232,5050473,5163429
RE2902,5024426,5218276,5049099,5161462
RE2903,5024737,5218263,5049165,5161807
RE2904,5024697,5218364,5050216,5161765
RE2905,5024569,5218076,5047984,5162501
RE2906,5024719,5218480,5047916,5162213
RE2907,5024811,5218426,5048935,5160463
RE2908,5024497,5218524,5048628,5162495
RE2909,5024485,5218502,5047288,5160008
RE2910,5024483,5218192,5046791,5159269
RE2911,5024553,5218430,5048049,5161127
RE2912,5024485,5218367,5046353,5159756
RE2913,5024513,5218336,5047377,5159861
RE2914,5024403,5217883,5045782,5159056
ADC_LIMIT:5039409,5233743,5054580,5167876,5024403,5217883,5041331,5154820
RE2915,5024425,5218003,5046626,5158614
RE2916,5024260,5218076,5046404,5160182
RE2917,5024520,5218064,5045478,5158547
RE2918,5024278,5218071,5046687,5158533
RE2919,5024630,5218178,5045060,5158874
RE2920,5024450,5218143,5045932,5158203
RE2921,5024566,5218032,5046868,5157280
RE2922,5024210,5218185,5045992,5157926
RE2923,5024547,5218120,5046582,5158719
RE2924,5024444,5218130,5046341,5159149
RE2925,5024461,5218157,5045812,5158334
RE2926,5024306,5217788,5043585,5156163
RE2927,5024548,5218441,5044908,5159094
RE2928,5024496,5218248,5045564,5158771
RE2929,5024423,5217954,5045241,5158800
RE2930,5024443,5218047,5046474,5157171
RE2931,5024409,5217744,5045069,5155813
ADC_LIMIT:5039409,5233743,5054580,5167876,5024111,5217744,5041331,5154820
RE2932,5024111,5217997,5044365,5157198
RE2933,5024418,5218105,5044918,5157954
RE2934,5024216,5218022,5043286,5158342
RE2935,5024677,5218064,5044740,5158037
RE2936,5024116,5217997,5044391,5158070
RE2937,5024656,5218080,5045859,5157803
RE2938,5024519,5218184,5043896,5158815
RE2939,5024417,5218270,5043728,5156377
RE2940,5024484,5218108,5041970,5157320
RE2941,5024492,5218181,5044339,5157792
RE2942,5024490,5218091,5043624,5157481
RE2943,5024446,5218081,5044133,5157014
RE2944,5024751,5218277,5043490,5157118
RE2945,5024399,5218196,5041411,5157755
RE2946,5024546,5218444,5043653,5158115
RE2947,5024580,5218179,5045496,5157971
RE2948,5024410,5218431,5043656,5157817
RE2949,5024605,5218104,5044262,5156942
ADC_LIMIT:5039409,5233743,5054580,5167876,5024111,5217744,5041331,5154820
RE2950,5024626,5218206,5044479,5157380
RE2951,5024295,5217763,5044557,5157878
RE2952,5024323,5217916,5043708,5156886
RE2953,5024713,5217895,5044408,5156858
RE2954,5024722,5218036,5043345,5157304
RE2955,5024550,5217928,5043523,5157151
RE2956,5024770,5218343,5044508,5158540
RE2957,5024560,5218315,5045309,5158100
RE2958,5024764,5218097,5044038,5157358
RE2959,5024566,5218230,5043546,5157368
RE2960,5024527,5218031,5043922,5157042
RE2961,5024608,5218322,5045985,5158140
RE2962,5024428,5218476,5044321,5158909
RE2963,5024503,5217908,5044958,5159180
RE2964,5024661,5218525,5046398,5158765
RE2965,5024491,5218066,5046574,5158198
RE2966,5024577,5218198,5044921,5159368
RE2967,5024420,5218204,5047048,5158380
ADC_LIMIT:5039409,5233743,5054580,5167876,5024111,5217744,5041331,5154820
RE2968,5024320,5218081,5045932,5158185
RE2969,5024491,5217980,5046443,5158429
RE2970,5024463,5218027,5047977,5159046
RE2971,5024729,5218036,5046977,5159281
RE2972,5024689,5218238,5047431,5159869
RE2973,5024430,5218553,5047016,5159370
RE2974,5024771,5218148,5047472,5160060
RE2975,5024473,5218155,5047014,5160257
RE2976,5024144,5218082,5047907,5159415
RE2977,5024233,5217762,5047159,5160393
RE2978,5024550,5218057,5047895,5160656
RE2979,5024304,5218101,5047623,5160798
RE2980,5024476,5218014,5046783,5161384
RE2981,5024510,5218247,5047454,5159482
RE2982,5024718,5218270,5047757,5162103
RE2983,5024458,5218438,5048378,5161596
RE2984,5024669,5218087,5048012,5160904
ADC_LIMIT:5039409,5233743,5054580,5167876,5024111,5217744,5041331,5154820
RE2985,5024643,5218511,5048255,5161037
RE2986,5024871,5218175,5049036,5159940
RE2987,5024370,5218034,5049354,5162487
RE2988,5024396,5218266,5047938,5162528
RE2989,5024487,5218250,5051275,5162001
RE2990,5024219,5218022,5049553,5163439
RE2991,5024475,5217750,5049024,5162476
RE2992,5024544,5217855,5049937,5162731
RE2993,5024466,5218188,5049818,5161932
RE2994,5024548,5218418,5051613,5162051
RE2995,5024667,5218352,5049914,5163777
RE2996,5024320,5218071,5048596,5163416
RE2997,5024314,5218218,5049663,5161699
RE2998,5024537,5218315,5050693,5162959
RE2999,5024321,5218068,5050304,5163342
RE3000,5024542,5218288,5049108,5163002
RE3001,5024488,5218324,5050757,5162480
RE3002,5024986,5217771,5051037,5162674
ADC_LIMIT:5039409,5233743,5054580,5167876,5024111,5217744,5041331,5154820
RE3003,5024430,5217832,5051483,5163038
RE3004,5024199,5217707,5049155,5163695
RE3005,5024070,5217761,5049400,5162027
RE3006,5024386,5218188,5049632,5163424
RE3007,5024124,5217945,5051070,5164266
RE3008,5024359,5218004,5051238,5164025
RE3009,5024261,5218045,5050248,5163710
RE3010,5024475,5218166,5049823,5162584
RE3011,5024534,5217978,5050307,5162819
RE3012,5024223,5217972,5050342,5162405
RE3013,5024430,5218023,5049450,5163575
RE3014,5024241,5218319,5049976,5164541
RE3015,5024115,5218151,5050373,5164525
RE3016,5024104,5218090,5050670,5163496
RE3017,5024533,5218302,5050651,5163319
RE3018,5024522,5217946,5050006,5162185
RE3019,5024234,5218089,5049131,5163813
RE3020,5024395,5217615,5049779,5162735
ADC_LIMIT:5039409,5233743,5054580,5167876,5024070,5217615,5041331,5154820
RE3021,5024203,5217621,5048372,5163045
RE3022,5024266,5217852,5049307,5162960
RE3023,5024476,5217924,5048803,5161443
RE3024,5024126,5218043,5050088,5163648
RE3025,5024155,5217746,5049244,5161370
RE3026,5024140,5217411,5048945,5161494
RE3027,5024283,5217743,5047545,5162890
RE3028,5023918,5217460,5048857,5162137
RE3029,5024262,5217919,5048363,5160953
RE3030,5024316,5217988,5048671,5161989
RE3031,5024305,5217870,5047487,5160987
RE3032,5024378,5218140,5046429,5161082
RE3033,5024207,5217645,5046689,5160881
RE3034,5023850,5218081,5047632,5159446
RE3035,5023904,5217638,5046027,5161232
RE3036,5024164,5217817,5048374,5160428
RE3037,5024318,5217785,5046848,5160367
ADC_LIMIT:5039409,5233743,5054580,5167876,5023850,5217411,5041331,5154820
RE3038,5024145,5217254,5046780,5158836
RE3039,5024023,5217621,5046190,5159325
RE3040,5023994,5217756,5046362,5157913
RE3041,5024198,5217909,5045103,5159910
RE3042,5023931,5217462,5047047,5158792
RE3043,5023983,5217611,5046163,5159943
RE3044,5023919,5217785,5044704,5158791
RE3045,5024341,5217819,5044143,5159395
RE3046,5023778,5217723,5043658,5158608
RE3047,5024130,5217670,5044317,5159607
RE3048,5024350,5217822,5046288,5157569
RE3049,5023938,5217607,5044063,5157841
RE3050,5023985,5217778,5044562,5157642
RE3051,5023972,5217714,5044131,5157756
RE3052,5023911,5217808,5045207,5157180
RE3053,5024161,5217912,5044756,5158182
RE3054,5023809,5218033,5045109,5157269
RE3055,5024269,5217715,5043572,5158946
ADC_LIMIT:5039409,5233743,5054580,5167876,5023778,5217254,5041331,5154820
RE3056,5024291,5217709,5044448,5157031
RE3057,5024149,5217577,5043705,5156981
RE3058,5023874,5217599,5043480,5157320
RE3059,5024099,5217989,5044356,5157976
RE3060,5024088,5217692,5043991,5157027
RE3061,5024274,5217607,5042756,5156357
RE3062,5024014,5217788,5043526,5156444
RE3063,5023782,5217964,5042980,5156872
RE3064,5024162,5217763,5043367,5155941
RE3065,5023877,5217529,5044380,5156813
RE3066,5023749,5217998,5044339,5155919
RE3067,5023893,5217838,5043242,5157264
RE3068,5024095,5217938,5043268,5155479
RE3069,5024146,5217549,5043838,5157256
RE3070,5024155,5217667,5043467,5157212
RE3071,5023895,5217544,5043941,5155431
RE3072,5024202,5217897,5043679,5157847
RE3073,5024152,5217804,5044131,5157496
ADC_LIMIT:5039409,5233743,5054580,5167876,5023749,5217254,5041331,5154820
RE3074,5023700,5217147,5043359,5155925
RE3075,5023796,5217483,5044519,5157859
RE3076,5023866,5217714,5045078,5157747
RE3077,5023948,5217265,5044026,5157501
RE3078,5024061,5217513,5043882,5158677
RE3079,5024062,5217605,5045578,5158648
RE3080,5023814,5217747,5044167,5157091
RE3081,5023961,5217296,5046633,5158720
RE3082,5023961,5217769,5045990,5159176
RE3083,5024073,5217482,5045803,5158199
RE3084,5023905,5217944,5047459,5158801
RE3085,5024042,5217454,5045326,5159642
RE3086,5024107,5217390,5046782,5159906
RE3087,5024056,5217603,5046045,5159209
RE3088,5023886,5217708,5046451,5159642
RE3089,5024047,5217794,5048433,5161317
RE3090,5024157,5217332,5045757,5160453
ADC_LIMIT:5039409,5233743,5054580,5167876,5023700,5217147,5041331,5154820
RE3091,5024404,5217869,5047483,5160863
RE3092,5024450,5217597,5047446,5161603
RE3093,5024070,5217541,5046877,5160369
RE3094,5024326,5218419,5048569,5160913
RE3095,5024115,5217990,5047229,5163260
RE3096,5024169,5217977,5048840,5160219
RE3097,5023946,5217916,5048647,5162945
RE3098,5023843,5217866,5049272,5163167
RE3099,5023909,5217609,5048004,5163083
RE3100,5024144,5217494,5048935,5161970
RE3101,5024134,5217810,5049410,5163510
RE3102,5024497,5217184,5048244,5161958
RE3103,5024155,5217755,5049888,5163086
RE3104,5024186,5217655,5049663,5162195
RE3105,5023993,5217580,5049699,5163082
RE3106,5023999,5217772,5050274,5163503
RE3107,5024168,5217947,5050966,5163787
RE3108,5023878,5217664,5050068,5163389
ADC_LIMIT:5039409,5233743,5054580,5167876,5023700,5217147,5041331,5154820
RE3109,5024091,5217500,5050930,5162915
RE3110,5023962,5217570,5050814,5162193
RE3111,5024371,5217980,5051118,5164710
RE3112,5024091,5217794,5051577,5164293
RE3113,5024129,5217684,5050710,5164754
RE3114,5023702,5217459,5051374,5162699
RE3115,5024159,5217963,5051288,5164111
RE3116,5023689,5217542,5049888,5164734
RE3117,5024066,5217324,5052043,5163053
RE3118,5023837,5217423,5051917,5164886
RE3119,5024150,5217331,5052302,5164238
RE3120,5023772,5217509,5051331,5164447
RE3121,5023721,5217424,5052474,5164591
RE3122,5023962,5217399,5052961,5165069
RE3123,5023845,5217878,5051223,5165380
RE3124,5023969,5217713,5051257,5163678
RE3125,5023727,5217291,5052098,5163736
RE3126,5023828,5217655,5050586,5162970
ADC_LIMIT:5039409,5233743,5054580,5167876,5023689,5217147,5041331,5154820
RE3127,5024040,5217733,5051025,5164939
RE3128,5023935,5217991,5050440,5164334
RE3129,5023948,5217873,5051739,5165186
RE3130,5024000,5217548,5050516,5164715
RE3131,5024034,5217421,5050051,5163469
RE3132,5024179,5217476,5049339,5164383
RE3133,5023709,5217682,5049738,5163380
RE3134,5023534,5217198,5049928,5162938
RE3135,5023997,5217696,5050403,5163454
RE3136,5023514,5217174,5049148,5162460
RE3137,5024145,5217560,5048866,5162077
RE3138,5023757,5217550,5049961,5163179
RE3139,5023684,5217597,5047838,5162954
RE3140,5023620,5217500,5047007,5161698
RE3141,5023531,5217351,5048099,5162477
RE3142,5023275,5217193,5049083,5163081
RE3143,5023762,5217112,5047758,5162193
ADC_LIMIT:5039409,5233743,5054580,5167876,5023275,5217112,5041331,5154820
RE3144,5023617,5217404,5049335,5162258
RE3145,5023542,5217202,5047013,5161000
RE3146,5023941,5217314,5049085,5161436
RE3147,5023538,5217726,5047654,5161061
RE3148,5023548,5217371,5047100,5160489
RE3149,5023686,5217380,5047525,5160965
RE3150,5023709,5217239,5046572,5161171
RE3151,5023573,5217151,5045974,5160240
RE3152,5023534,5217737,5048054,5159201
RE3153,5023875,5217068,5047024,5158634
RE3154,5023442,5217483,5045293,5158704
RE3155,5023563,5217159,5044946,5158490
RE3156,5023946,5217419,5047081,5159018
RE3157,5023443,5217475,5045778,5158501
RE3158,5023796,5217545,5045551,5158264
RE3159,5023480,5217344,5045135,5157705
RE3160,5023644,5217349,5043831,5158493
RE3161,5023624,5217411,5044087,5158442
ADC_LIMIT:5039409,5233743,5054580,5167876,5023275,5217068,5041331,5154820
RE3162,5023632,5217004,5044731,5158627
RE3163,5024097,5217133,5045225,5158335
RE3164,5023376,5217226,5044084,5158330
RE3165,5023732,5217410,5045354,5156718
RE3166,5023668,5217204,5044919,5156646
RE3167,5023661,5217343,5044957,5158276
RE3168,5023750,5217380,5042344,5156149
RE3169,5023367,5217209,5044083,5156196
RE3170,5023447,5217197,5043909,5155215
RE3171,5023724,5217148,5043375,5157108
RE3172,5023461,5217248,5044284,5155863
RE3173,5023640,5217303,5044974,5157359
RE3174,5023414,5217056,5044174,5155701
RE3175,5023807,5217409,5042663,5156196
RE3176,5023429,5217111,5042251,5156692
RE3177,5023677,5217189,5044118,5155938
RE3178,5023737,5217567,5042871,5156826
RE3179,5023557,5216919,5044902,5156698
ADC_LIMIT:5039409,5233743,5054580,5167876,5023275,5216919,5041331,5154820
RE3180,5023550,5217223,5044261,5156230
RE3181,5023505,5217128,5042568,5156545
RE3182,5023709,5217451,5043989,5155301
RE3183,5023578,5217325,5042351,5156959
RE3184,5023752,5217221,5043343,5156577
RE3185,5023756,5217693,5043986,5157030
RE3186,5023425,5217413,5044899,5157105
RE3187,5023587,5217371,5043538,5156960
RE3188,5023642,5217427,5042865,5156266
RE3189,5024057,5217551,5044360,5156431
RE3190,5023762,5217122,5045131,5156377
RE3191,5023552,5217226,5044498,5157475
RE3192,5023591,5217262,5045386,5156782
RE3193,5023564,5217310,5044354,5156709
RE3194,5023462,5217050,5044507,5156668
RE3195,5023563,5217172,5044692,5157691
RE3196,5023826,5217393,5044476,5157451
ADC_LIMIT:5039409,5233743,5054580,5167876,5023275,5216919,5041331,5154820
RE3197,5023679,5217303,5043971,5158250
RE3198,5023871,5217306,5046575,5158040
RE3199,5023709,5217190,5045165,5158943
RE3200,5023673,5217403,5046529,5157069
RE3201,5023923,5217556,5046547,5157551
RE3202,5023820,5217437,5046005,5159288
RE3203,5023960,5217512,5046927,5160679
RE3204,5023275,5217613,5046456,5158624
RE3205,5023974,5217386,5048172,5159431
RE3206,5023618,5217304,5045758,5159533
RE3207,5023462,5217608,5046159,5159947
RE3208,5023577,5217284,5047965,5160225
RE3209,5023566,5217323,5047572,5158772
RE3210,5023539,5217210,5047299,5159773
RE3211,5023869,5217491,5046875,5159652
RE3212,5023545,5217425,5046710,5160217
RE3213,5023509,5217361,5046540,5159960
RE3214,5023661,5217347,5047202,5160788
ADC_LIMIT:5039409,5233743,5054580,5167876,5023275,5216919,5041331,5154820
RE3215,5023906,5217389,5047127,5161027
RE3216,5023731,5217050,5047257,5160739
RE3217,5023929,5217634,5048373,5160977
RE3218,5023720,5217530,5047983,5160338
RE3219,5024008,5217565,5047653,5161217
RE3220,5023777,5217637,5047975,5161049
RE3221,5023658,5217198,5048800,5161281
RE3222,5023695,5217251,5047354,5160926
RE3223,5023357,5217219,5047545,5161692
RE3224,5023472,5217206,5049205,5161551
RE3225,5023675,5217200,5048443,5162269
RE3226,5023606,5217309,5049371,5162546
RE3227,5023284,5217191,5049485,5162651
RE3228,5023659,5217071,5050134,5161925
RE3229,5023570,5217050,5050097,5162484
RE3230,5023710,5217200,5050295,5162179
RE3231,5023359,5217375,5049190,5162916
RE3232,5023464,5217126,5049042,5163971
ADC_LIMIT:5039409,5233743,5054580,5167876,5023275,5216919,5041331,5154820
RE3233,5023621,5217058,5051641,5162546
RE3234,5023172,5217357,5050595,5162899
RE3235,5023676,5217464,5049601,5162965
RE3236,5023716,5217301,5050638,5162919
RE3237,5023443,5217650,5050616,5163387
RE3238,5023799,5217223,5050760,5164679
RE3239,5023598,5217406,5051927,5164993
RE3240,5023617,5217328,5049188,5162539
RE3241,5023537,5217470,5050323,5162899
RE3242,5023296,5217056,5049082,5163358
RE3243,5023376,5217093,5049770,5162622
RE3244,5023318,5217003,5050292,5164085
RE3245,5023352,5216941,5049167,5163668
RE3246,5023496,5217141,5048817,5162749
RE3247,5023302,5217194,5048135,5162765
RE3248,5023346,5216944,5049218,5163503
RE3249,5023413,5217180,5050115,5163422
ADC_LIMIT:5039409,5233743,5054580,5167876,5023172,5216919,5041331,5154820
RE3250,5023201,5216808,5048263,5163575
RE3251,5023541,5216990,5048852,5163353
RE3252,5023325,5217016,5050183,5163502
RE3253,5023285,5216673,5049446,5162748
RE3254,5023507,5216908,5050704,5162044
RE3255,5023406,5217155,5049883,5162211
RE3256,5023315,5217138,5049285,5163532
RE3257,5023373,5217237,5049857,5161876
RE3258,5023512,5217274,5047776,5162427
RE3259,5023250,5217252,5049206,5162376
RE3260,5023513,5216898,5050682,5162441
RE3261,5023378,5217379,5047798,5162593
RE3262,5023581,5217158,5047516,5162754
RE3263,5023462,5217037,5048343,5163768
RE3264,5023385,5217132,5048263,5161984
RE3265,5023371,5217003,5050155,5161701
RE3266,5023545,5217048,5047965,5162610
RE3267,5023407,5216753,5049233,5161155
ADC_LIMIT:5039409,5233743,5054580,5167876,5023172,5216673,5041331,5154820
RE3268,5023567,5217009,5048459,5161334
RE3269,5023262,5216842,5047924,5161586
RE3270,5023096,5216837,5048683,5161051
RE3271,5023236,5216597,5046091,5160815
RE3272,5023223,5216958,5046719,5160745
RE3273,5023289,5217154,5046391,5160668
RE3274,5023304,5217218,5047515,5160345
RE3275,5023294,5216727,5046258,5161958
RE3276,5023455,5217111,5048215,5162013
RE3277,5023386,5217079,5047150,5160148
RE3278,5023302,5217135,5046659,5160006
RE3279,5023289,5217271,5046521,5160328
RE3280,5023792,5217152,5046449,5160479
RE3281,5023697,5217284,5046156,5159594
RE3282,5023486,5216911,5046351,5159919
RE3283,5023298,5217025,5046692,5159895
RE3284,5023280,5216857,5047502,5159698
RE3285,5023612,5216713,5046275,5158546
ADC_LIMIT:5039409,5233743,5054580,5167876,5023096,5216597,5041331,5154820
RE3286,5023254,5216880,5045206,5157580
RE3287,5023412,5216987,5044519,5158667
RE3288,5023544,5216944,5045728,5159591
RE3289,5023763,5217041,5046872,5158804
RE3290,5023325,5217072,5045342,5159195
RE3291,5023427,5217235,5045564,5157530
RE3292,5023349,5217225,5046017,5157569
RE3293,5023355,5216996,5044567,5158702
RE3294,5023872,5217004,5045225,5157681
RE3295,5023496,5216830,5044426,5157984
RE3296,5023548,5217111,5044852,5157260
RE3297,5023371,5217500,5044004,5157463
RE3298,5023426,5217047,5045330,5158389
RE3299,5023451,5217108,5044252,5158600
RE3300,5023429,5217020,5044829,5157056
RE3301,5023326,5216905,5043701,5156079
RE3302,5023342,5216963,5043567,5159792
ADC_LIMIT:5039409,5233743,5054580,5167876,5023096,5216597,5041331,5154820
RE3303,5023366,5216664,5044490,5158719
RE3304,5023397,5216987,5044480,5156345
RE3305,5023200,5217011,5044121,5156192
RE3306,5023279,5217226,5043827,5158350
RE3307,5023228,5216573,5043854,5157596
RE3308,5023327,5217120,5045048,5158890
RE3309,5023003,5216859,5044343,5156717
RE3310,5023508,5217088,5045072,5159076
RE3311,5023472,5216981,5043971,5157243
RE3312,5023214,5216810,5044339,5158699
RE3313,5023435,5216936,5044127,5156371
RE3314,5023476,5217010,5045071,5157465
RE3315,5023525,5217049,5044526,5157831
RE3316,5023621,5216775,5045403,5157935
RE3317,5023331,5217000,5044476,5159537
RE3318,5023659,5216925,5044791,5156979
RE3319,5023489,5216990,5045663,5157744
RE3320,5023748,5216780,5046432,5157596
ADC_LIMIT:5039409,5233743,5054580,5167876,5023003,5216573,5041331,5154820
RE3321,5023411,5216774,5044950,5157217
RE3322,5023074,5216744,5042676,5157750
RE3323,5023302,5217085,5045565,5160206
RE3324,5023561,5217073,5044653,5157329
RE3325,5023279,5216916,5045970,5157941
RE3326,5023357,5217043,5045287,5159970
RE3327,5023385,5216749,5045379,5159146
RE3328,5023355,5217151,5046131,5158597
RE3329,5023117,5217164,5044407,5157372
RE3330,5023229,5217001,5046262,5159403
RE3331,5023370,5216976,5046019,5158676
RE3332,5023745,5217066,5046823,5158481
RE3333,5023442,5216965,5046865,5158598
RE3334,5023211,5217065,5046909,5160993
RE3335,5023563,5216850,5047743,5158930
RE3336,5023305,5216877,5047322,5159944
RE3337,5023208,5216538,5048040,5160988
RE3338,5023053,5216746,5045823,5160627
ADC_LIMIT:5039409,5233743,5054580,5167876,5023003,5216538,5041331,5154820
RE3339,5023191,5216986,5047686,5159778
RE3340,5023447,5216687,5048307,5161029
RE3341,5023101,5216608,5046563,5161593
RE3342,5023328,5216703,5048670,5161442
RE3343,5023134,5217007,5049160,5161587
RE3344,5023591,5216978,5048886,5161503
RE3345,5023499,5217236,5049030,5161279
RE3346,5023195,5217171,5048940,5162534
RE3347,5023305,5217096,5049307,5163256
RE3348,5023235,5216909,5049555,5161251
RE3349,5023018,5216747,5048008,5161155
RE3350,5022872,5216821,5048724,5161712
RE3351,5023037,5216804,5049326,5163684
RE3352,5023312,5217051,5049333,5163539
RE3353,5022878,5216868,5050334,5162176
RE3354,5023221,5216836,5049996,5161843
RE3355,5023020,5216567,5049232,5163950
ADC_LIMIT:5039409,5233743,5054580,5167876,5022872,5216538,5041331,5154820
RE3356,5022888,5216754,5049235,5163540
RE3357,5022945,5216367,5049909,5164735
RE3358,5023231,5217033,5050859,5162924
RE3359,5022986,5216897,5050057,5162244
RE3360,5023051,5216813,5051531,5162510
RE3361,5022847,5216795,5050050,5162914
RE3362,5023215,5216916,5049291,5164533
RE3363,5023315,5216901,5049879,5164190
RE3364,5022971,5216641,5049851,5163908
RE3365,5023230,5216536,5049537,5163736
RE3366,5023161,5216696,5049987,5163991
RE3367,5023357,5216579,5053179,5163954
RE3368,5022971,5216568,5050075,5163299
RE3369,5022785,5216448,5050376,5163242
RE3370,5022895,5216490,5050391,5162664
RE3371,5022758,5216493,5051766,5164723
RE3372,5023030,5216936,5050636,5164033
RE3373,5023444,5216645,5050661,5163713
ADC_LIMIT:5039409,5233743,5054580,5167876,5022758,5216367,5041331,5154820
RE3374,5023377,5216752,5050128,5162848
RE3375,5022651,5216849,5051134,5164175
RE3376,5023329,5217013,5050514,5163937
RE3377,5023136,5216649,5051178,5161728
RE3378,5022931,5216459,5049887,5161295
RE3379,5023310,5216730,5051397,5163016
RE3380,5023205,5216907,5048828,5162357
RE3381,5022708,5216815,5048329,5162460
RE3382,5023176,5216747,5049867,5161900
RE3383,5023315,5216625,5048709,5160766
RE3384,5022973,5216516,5048980,5161620
RE3385,5023239,5216902,5048490,5162928
RE3386,5023256,5216878,5048643,5161433
RE3387,5023177,5216485,5047522,5161228
RE3388,5023227,5216899,5048099,5162421
RE3389,5023129,5216546,5048852,5160011
RE3390,5023187,5216590,5047327,5160789
RE3391,5022945,5216702,5046990,5160177
ADC_LIMIT:5039409,5233743,5054580,5167876,5022651,5216367,5041331,5154820
RE3392,5023082,5216352,5047975,5160096
RE3393,5022431,5216438,5046033,5159533
RE3394,5023023,5216792,5047140,5159266
RE3395,5022978,5216526,5046047,5159548
RE3396,5022734,5216492,5045997,5158605
RE3397,5022954,5216691,5046758,5158794
RE3398,5023046,5216249,5046862,5158583
RE3399,5022804,5216800,5045639,5158279
RE3400,5023151,5216799,5046414,5158057
RE3401,5022709,5216871,5045803,5158785
RE3402,5023167,5216660,5045376,5159516
RE3403,5023405,5216255,5044268,5158054
RE3404,5022924,5216542,5044535,5157854
RE3405,5023192,5216803,5043908,5157270
RE3406,5023115,5216627,5043655,5156322
RE3407,5022934,5216316,5044089,5157461
RE3408,5022816,5216437,5044024,5155907
ADC_LIMIT:5039409,5233743,5054580,5167876,5022431,5216249,5041331,5154820
RE3409,5022887,5215972,5044583,5157067
RE3410,5023164,5216869,5043603,5158204
RE3411,5022865,5216285,5042952,5157339
RE3412,5023181,5216464,5043572,5157583
RE3413,5023015,5216932,5042910,5157664
RE3414,5022659,5216502,5042475,5154926
RE3415,5022950,5216874,5042549,5157246
RE3416,5022996,5216834,5042426,5155956
RE3417,5022720,5216688,5043051,5155578
RE3418,5023227,5216542,5043104,5156389
RE3419,5022829,5216609,5044340,5155904
RE3420,5023065,5216763,5042245,5155808
RE3421,5022608,5216622,5042094,5155173
RE3422,5023319,5216352,5041804,5154484
RE3423,5022828,5216650,5041407,5155782
RE3424,5023273,5216805,5042358,5155358
RE3425,5023180,5216644,5043496,5154517
RE3426,5022939,5216401,5042651,5155738
ADC_LIMIT:5039409,5233743,5054580,5167876,5022431,5215972,5041331,5154484
RE3427,5022892,5216611,5042221,5156682
RE3428,5022929,5216588,5043246,5154216
RE3429,5023230,5216508,5042262,5156659
RE3430,5023221,5216366,5042840,5155409
RE3431,5022840,5216105,5041675,5155957
RE3432,5022997,5216475,5041661,5155898
RE3433,5023082,5216528,5043289,5156108
RE3434,5023113,5216462,5043075,5156426
RE3435,5022806,5216685,5043364,5155647
RE3436,5022850,5216749,5041712,5157704
RE3437,5023027,5216759,5043151,5156248
RE3438,5022698,5216985,5044195,5157713
RE3439,5023379,5216788,5043277,5156973
RE3440,5023380,5216477,5044526,5157053
RE3441,5023231,5216775,5042869,5158266
RE3442,5023209,5216653,5045129,5158071
RE3443,5023044,5216225,5043980,5158111
RE3444,5022956,5216655,5045400,5156937
ADC_LIMIT:5039409,5233743,5054580,5167876,5022431,5215972,5041331,5154216
RE3445,5023107,5216587,5046123,5157734
RE3446,5022758,5216739,5045964,5157922
RE3447,5022896,5216286,5046073,5158096
RE3448,5023129,5216452,5047086,5159562
RE3449,5022958,5216987,5045426,5159069
RE3450,5023007,5216798,5044951,5158351
RE3451,5022945,5216452,5046016,5159658
RE3452,5022998,5216463,5046969,5160144
RE3453,5022959,5216687,5046698,5159791
RE3454,5023099,5216821,5046850,5160207
RE3455,5022789,5216729,5045517,5161049
RE3456,5023045,5216843,5047643,5159772
RE3457,5023048,5216578,5048084,5160743
RE3458,5022770,5216151,5048578,5161059
RE3459,5022839,5216455,5047542,5162718
RE3460,5022664,5216279,5048129,5161269
RE3461,5022629,5216163,5049570,5162357
ADC_LIMIT:5039409,5233743,5054580,5167876,5022431,5215972,5041331,5154216
RE3462,5022878,5216331,5048674,5162859
RE3463,5022905,5216184,5049817,5161542
RE3464,5022966,5216579,5050166,5163033
RE3465,5022828,5216550,5050706,5164504
RE3466,5022967,5216234,5050331,5163120
RE3467,5023010,5216532,5050399,5162820
RE3468,5023058,5216921,5049758,5163801
RE3469,5022623,5216585,5050509,5164235
RE3470,5022558,5216523,5050393,5163444
RE3471,5022554,5216437,5049666,5163001
RE3472,5023137,5216456,5050966,5163673
RE3473,5022732,5216736,5051433,5164046
RE3474,5022952,5216483,5051941,5164021
RE3475,5022888,5216517,5050962,5163661
RE3476,5022888,5216342,5050611,5163964
RE3477,5022958,5216323,5051519,5164502
RE3478,5022505,5216236,5050981,5164659
RE3479,5022940,5216303,5051667,5165471
ADC_LIMIT:5039409,5233743,5054580,5167876,5022431,5215972,5041331,5154216
RE3480,5022798,5216332,5050058,5164515
RE3481,5023022,5216861,5051208,5165688
RE3482,5022765,5216511,5051287,5165628
RE3483,5022818,5216293,5052759,5164756
RE3484,5022975,5216498,5051148,5164110
RE3485,5022657,5216493,5051897,5164405
RE3486,5022463,5216550,5052284,5164854
RE3487,5023224,5216414,5051348,5164855
RE3488,5022800,5216396,5052189,5164078
RE3489,5022728,5216531,5051416,5164122
RE3490,5022655,5216276,5051580,5165669
RE3491,5022652,5215750,5051958,5165700
RE3492,5022594,5216039,5052167,5165459
RE3493,5022715,5216481,5051604,5163651
RE3494,5022589,5216446,5050675,5163833
RE3495,5022515,5216249,5050132,5163805
RE3496,5022976,5216308,5052306,5163714
RE3497,5022585,5216293,5050803,5163240
ADC_LIMIT:5039409,5233743,5054580,5167876,5022431,5215750,5041331,5154216
RE3498,5022930,5216287,5049812,5163458
RE3499,5022915,5216653,5049523,5163286
RE3500,5022982,5216616,5048958,5164268
RE3501,5022507,5216443,5049276,5162209
RE3502,5022650,5216362,5049562,5163029
RE3503,5022603,5216186,5050168,5162455
RE3504,5022436,5216195,5049949,5163047
RE3505,5022474,5216379,5049694,5161965
RE3506,5022732,5216234,5049170,5162229
RE3507,5022624,5216494,5050417,5160654
RE3508,5022710,5216465,5048793,5163323
RE3509,5022598,5216532,5047327,5161378
RE3510,5022768,5216620,5049881,5161751
RE3511,5022851,5216618,5047541,5162561
RE3512,5022888,5216644,5047550,5161501
RE3513,5022900,5216125,5048060,5161860
RE3514,5022832,5216483,5048412,5159694
ADC_LIMIT:5039409,5233743,5054580,5167876,5022431,5215750,5041331,5154216
RE3515,5022726,5216180,5047439,5160901
RE3516,5022671,5216496,5047229,5160396
RE3517,5022695,5216098,5045768,5160589
RE3518,5022480,5216487,5046326,5161617
RE3519,5022935,5216409,5046868,5159167
RE3520,5022507,5216338,5047304,5159960
RE3521,5022590,5216327,5047135,5158819
RE3522,5022567,5216228,5046655,5159311
RE3523,5022276,5216102,5045892,5160242
RE3524,5022496,5215833,5044824,5160729
RE3525,5022802,5216248,5044998,5158680
RE3526,5022800,5216252,5044832,5158198
RE3527,5022231,5216133,5044441,5156543
RE3528,5022194,5216142,5044830,5158074
RE3529,5022632,5216152,5044506,5158872
RE3530,5022603,5216237,5045112,5159974
RE3531,5022484,5215848,5045339,5158298
RE3532,5022757,5216328,5043265,5158189
ADC_LIMIT:5039409,5233743,5054580,5167876,5022194,5215750,5041331,5154216
RE3533,5022846,5216240,5044268,5156895
RE3534,5022590,5216489,5043605,5157609
RE3535,5022756,5216474,5043913,5157313
RE3536,5022619,5216488,5045596,5156561
RE3537,5022616,5215967,5042969,5157474
RE3538,5022593,5216529,5043075,5158055
RE3539,5022968,5216392,5043481,5158935
RE3540,5022684,5216458,5043583,5155899
RE3541,5022783,5216263,5044803,5156666
RE3542,5022579,5216419,5044592,5157017
RE3543,5022680,5216055,5044264,5157099
RE3544,5022809,5216738,5043596,5156089
RE3545,5022683,5216590,5043417,5156764
RE3546,5022679,5216541,5044066,5157368
RE3547,5022793,5216714,5043320,5158025
RE3548,5023130,5216371,5044121,5157906
RE3549,5022618,5216221,5043163,5156168
RE3550,5022560,5216269,5044363,5156494
ADC_LIMIT:5039409,5233743,5054580,5167876,5022194,5215750,5041331,5154216
RE3551,5022647,5216366,5043118,5157344
RE3552,5022604,5216004,5043849,5158281
RE3553,5022793,5216358,5043481,5156141
RE3554,5022230,5216067,5044793,5156983
RE3555,5022538,5216119,5043531,5157210
RE3556,5022729,5216379,5044118,5157794
RE3557,5022501,5215967,5043412,5156641
RE3558,5022673,5216405,5043015,5158484
RE3559,5022472,5216434,5045087,5157037
RE3560,5022662,5216263,5044363,5158964
RE3561,5022663,5216508,5044492,5158136
RE3562,5022770,5216330,5045025,5158341
RE3563,5022943,5215955,5044006,5158405
RE3564,5022548,5216195,5044038,5157996
RE3565,5022813,5216345,5046622,5158983
RE3566,5022639,5216329,5044497,5157495
RE3567,5022575,5216109,5043702,5157770
ADC_LIMIT:5039409,5233743,5054580,5167876,5022194,5215750,5041331,5154216
RE3568,5022762,5216001,5045188,5158016
RE3569,5022480,5216137,5044663,5156548
RE3570,5022524,5216112,5045543,5157858
RE3571,5022598,5216121,5045425,5158725
RE3572,5022594,5216263,5044733,5159001
RE3573,5022772,5216386,5045697,5160268
RE3574,5022711,5216288,5046741,5159657
RE3575,5022580,5216138,5047047,5158638
RE3576,5022766,5216011,5046335,5159713
RE3577,5022597,5216421,5046641,5159444
RE3578,5022249,5215665,5045963,5158230
RE3579,5022343,5216119,5046922,5161853
RE3580,5022480,5216415,5047000,5160558
RE3581,5022576,5215954,5046860,5159592
RE3582,5022277,5216051,5047842,5159898
RE3583,5022283,5215903,5048220,5160580
RE3584,5022436,5216188,5048045,5161511
RE3585,5022174,5215640,5047620,5162184
ADC_LIMIT:5039409,5233743,5054580,5167876,5022174,5215640,5041331,5154216
RE3586,5022418,5216011,5047778,5161005
RE3587,5022130,5216134,5047344,5162134
RE3588,5022618,5216181,5047511,5159686
RE3589,5022362,5215924,5048547,5160732
RE3590,5022331,5216193,5048594,5161688
RE3591,5022693,5215994,5048136,5160759
RE3592,5022412,5215962,5049173,5162107
RE3593,5022449,5215970,5050188,5162731
RE3594,5022419,5215978,5048950,5163046
RE3595,5022386,5216058,5049074,5162117
RE3596,5022210,5216252,5048741,5163998
RE3597,5022358,5216200,5048154,5161101
RE3598,5022469,5216040,5050179,5161704
RE3599,5022576,5215971,5049330,5161992
RE3600,5022518,5216228,5048674,5162386
RE3601,5022406,5215872,5049104,5162152
RE3602,5022533,5215974,5050378,5162534
RE3603,5022195,5215623,5050025,5162548
ADC_LIMIT:5039409,5233743,5054580,5167876,5022130,5215623,5041331,5154216
RE3604,5022122,5216180,5050983,5163262
RE3605,5022322,5215919,5049581,5164743
RE3606,5022570,5215995,5050163,5164257
RE3607,5022136,5215571,5051604,5163944
RE3608,5022252,5215831,5050251,5163548
RE3609,5022147,5215926,5051243,5163177
RE3610,5021936,5215998,5050729,5163344
RE3611,5022249,5215259,5050943,5161887
RE3612,5021787,5215883,5051233,5164041
RE3613,5022184,5215744,5050676,5162480
RE3614,5021877,5215799,5050517,5163709
RE3615,5021961,5216119,5050149,5163120
RE3616,5021964,5215787,5050555,5163817
RE3617,5022056,5215695,5051003,5162917
RE3618,5022208,5215705,5050234,5163062
RE3619,5022126,5215368,5049233,5162935
RE3620,5022247,5215833,5050635,5162727
ADC_LIMIT:5039409,5233743,5054580,5167876,5021787,5215259,5041331,5154216
RE3621,5022412,5215888,5048914,5162296
RE3622,5022052,5215983,5050224,5161419
RE3623,5022326,5216120,5050903,5162115
RE3624,5022287,5216066,5049251,5161315
RE3625,5022279,5215989,5050216,5162998
RE3626,5022460,5216196,5049213,5162310
RE3627,5022278,5215943,5048605,5161877
RE3628,5022431,5216331,5050036,5163547
RE3629,5022083,5216215,5047837,5162220
RE3630,5022285,5216097,5047969,5161082
RE3631,5022427,5216266,5046724,5161521
RE3632,5022525,5216036,5049107,5161200
RE3633,5022246,5216279,5047007,5161145
RE3634,5022123,5215918,5049110,5161419
RE3635,5022343,5215764,5048105,5161010
RE3636,5022231,5215842,5047315,5159046
RE3637,5021943,5215855,5047763,5161653
RE3638,5022401,5215649,5049115,5159813
ADC_LIMIT:5039409,5233743,5054580,5167876,5021787,5215259,5041331,5154216
RE3639,5022051,5216562,5046319,5161364
RE3640,5022329,5216132,5047586,5161199
RE3641,5022455,5215767,5047136,5159562
RE3642,5022499,5216013,5047038,5160417
RE3643,5022390,5216007,5046261,5160018
RE3644,5022406,5216064,5045681,5158482
RE3645,5022795,5216153,5046092,5159120
RE3646,5022439,5216259,5045904,5157679
RE3647,5022813,5215642,5046039,5157707
RE3648,5022352,5216151,5044826,5157173
RE3649,5022481,5216066,5044799,5158216
RE3650,5022374,5216288,5044931,5157748
RE3651,5022274,5215833,5044745,5157853
RE3652,5022635,5216238,5044530,5158014
RE3653,5022839,5216185,5044520,5156733
RE3654,5022216,5215711,5045449,5157371
RE3655,5022228,5215945,5044744,5157598
RE3656,5022175,5215952,5044068,5159437
ADC_LIMIT:5039409,5233743,5054580,5167876,5021787,5215259,5041331,5154216
RE3657,5022517,5215926,5044600,5158266
RE3658,5022485,5215988,5044300,5156825
RE3659,5022421,5216075,5042969,5157351
RE3660,5022156,5215977,5043621,5157283
RE3661,5022041,5215605,5042781,5156192
RE3662,5022482,5215903,5043689,5156119
RE3663,5022136,5215966,5042431,5156158
RE3664,5022353,5216329,5043756,5156556
RE3665,5022444,5215903,5044485,5156730
RE3666,5022419,5215842,5042605,5157426
RE3667,5022481,5216355,5042437,5156127
RE3668,5022339,5215827,5043345,5154685
RE3669,5022268,5215753,5042737,5156449
RE3670,5022452,5216389,5043381,5156814
RE3671,5022286,5215641,5042598,5155562
RE3672,5022442,5215682,5041751,5154941
RE3673,5022205,5215824,5043503,5155993
ADC_LIMIT:5039409,5233743,5054580,5167876,5021787,5215259,5041331,5154216
RE3674,5022637,5215868,5045622,5156033
RE3675,5022590,5215705,5043457,5156671
RE3676,5022017,5215997,5043174,5157033
RE3677,5022321,5216067,5043129,5154806
RE3678,5022083,5215609,5043799,5156099
RE3679,5022364,5216289,5043391,5157718
RE3680,5022262,5215957,5043287,5157803
RE3681,5022431,5215793,5044698,5156248
RE3682,5022452,5216074,5044549,5158521
RE3683,5022511,5216181,5044024,5158374
RE3684,5022081,5216024,5045878,5157560
RE3685,5021993,5216016,5045461,5157412
RE3686,5022432,5215972,5045614,5157300
RE3687,5022677,5215969,5046233,5158994
RE3688,5022559,5215781,5046819,5159647
RE3689,5022465,5216252,5045090,5159307
RE3690,5022631,5215997,5046300,5157750
RE3691,5022605,5216088,5045261,5159253
ADC_LIMIT:5039409,5233743,5054580,5167876,5021787,5215259,5041331,5154216
RE3692,5022217,5215957,5046727,5159781
RE3693,5022519,5216054,5045738,5159169
RE3694,5022257,5216289,5044987,5159067
RE3695,5022364,5215958,5046521,5160229
RE3696,5022150,5215958,5045946,5160178
RE3697,5022425,5215840,5047426,5161322
RE3698,5022093,5216241,5048068,5161306
RE3699,5022172,5216219,5047586,5160089
RE3700,5022473,5215933,5048753,5161949
RE3701,5022509,5216166,5048147,5161738
RE3702,5021869,5215953,5048922,5160605
RE3703,5022471,5215684,5048700,5161694
RE3704,5022176,5215680,5048553,5160792
RE3705,5022141,5215962,5048168,5161783
RE3706,5022232,5215942,5048029,5162448
RE3707,5022453,5215936,5051177,5161529
RE3708,5022161,5215567,5050570,5162340
RE3709,5022119,5215972,5049104,5163772
ADC_LIMIT:5039409,5233743,5054580,5167876,5021787,5215259,5041331,5154216
RE3710,5022461,5215608,5049896,5163506
RE3711,5022176,5216114,5051369,5163296
RE3712,5022076,5215887,5049342,5162081
RE3713,5022041,5215777,5050894,5163037
RE3714,5022306,5215695,5050004,5164397
RE3715,5021907,5215344,5049861,5164333
RE3716,5021774,5215529,5050629,5163484
RE3717,5021915,5215895,5050170,5164616
RE3718,5021991,5216014,5051186,5163928
RE3719,5022164,5215528,5050197,5164342
RE3720,5022193,5215518,5051502,5163977
RE3721,5021585,5215492,5051932,5163374
RE3722,5022134,5215562,5051348,5164581
RE3723,5021661,5215413,5050218,5163677
RE3724,5021997,5215678,5052111,5164091
RE3725,5022134,5215352,5051968,5164188
RE3726,5022074,5215375,5052111,5163110
ADC_LIMIT:5039409,5233743,5054580,5167876,5021585,5215259,5041331,5154216
RE3727,5022029,5215437,5051572,5163326
RE3728,5021794,5215692,5050750,5164768
RE3729,5022224,5215641,5050551,5163109
RE3730,5021845,5215753,5051414,5164133
RE3731,5022016,5215689,5050518,5165259
RE3732,5022057,5215588,5051873,5165284
RE3733,5021455,5215616,5051624,5164280
RE3734,5021530,5215546,5052321,5164346
RE3735,5021753,5215722,5051328,5163420
RE3736,5022283,5215754,5049878,5163435
RE3737,5022044,5215417,5051664,5163342
RE3738,5021937,5215502,5051222,5163983
RE3739,5021953,5215787,5049761,5163507
RE3740,5021913,5215350,5050786,5163110
RE3741,5022184,5215493,5049969,5162874
RE3742,5021787,5215359,5048286,5163982
RE3743,5021964,5215155,5050317,5162247
RE3744,5022044,5215480,5049457,5162958
ADC_LIMIT:5039409,5233743,5054580,5167876,5021455,5215155,5041331,5154216
RE3745,5021940,5215427,5048899,5162115
RE3746,5022037,5215687,5047134,5162293
RE3747,5021852,5215774,5049132,5162996
RE3748,5021947,5215713,5048834,5161262
RE3749,5021889,5215682,5048600,5160890
RE3750,5021913,5215816,5048620,5161979
RE3751,5021914,5215686,5047018,5161580
RE3752,5021736,5215835,5047891,5160133
RE3753,5022309,5215898,5048409,5161005
RE3754,5022147,5215612,5046904,5160231
RE3755,5022092,5215602,5045506,5160378
RE3756,5021979,5215850,5047327,5159443
RE3757,5021828,5215385,5047269,5160630
RE3758,5021979,5215896,5046147,5159583
RE3759,5021697,5215459,5047692,5159967
RE3760,5021925,5215309,5045887,5160229
RE3761,5021720,5215249,5043724,5158566
RE3762,5022120,5215312,5047345,5158033
ADC_LIMIT:5039409,5233743,5054580,5167876,5021455,5215155,5041331,5154216
RE3763,5021836,5215582,5045359,5158583
RE3764,5022154,5215716,5046371,5159187
RE3765,5021971,5215226,5044031,5157277
RE3766,5021685,5215600,5044982,5157252
RE3767,5022189,5215716,5044512,5158331
RE3768,5021853,5215698,5044708,5157665
RE3769,5021832,5215805,5044567,5157462
RE3770,5021880,5215663,5044437,5156496
RE3771,5022195,5215507,5044975,5157116
RE3772,5021923,5215617,5043430,5157324
RE3773,5022314,5215669,5044092,5156845
RE3774,5021920,5215769,5043168,5157587
RE3775,5021881,5215397,5043644,5157362
RE3776,5021889,5215557,5043994,5154993
RE3777,5022200,5215446,5044722,5155847
RE3778,5022284,5215324,5043223,5155769
RE3779,5021831,5215328,5043210,5157657
ADC_LIMIT:5039409,5233743,5054580,5167876,5021455,5215155,5041331,5154216
RE3780,5021823,5215636,5042584,5155304
RE3781,5021891,5215657,5043420,5155999
RE3782,5021888,5215637,5041644,5156293
RE3783,5022211,5215593,5043095,5157519
RE3784,5021863,5215867,5044135,5154729
RE3785,5021867,5215615,5041834,5156211
RE3786,5022078,5215693,5043186,5156384
RE3787,5021911,5215309,5042805,5157857
RE3788,5022028,5215619,5042438,5155090
RE3789,5021570,5215650,5042399,5156432
RE3790,5022044,5215389,5043330,5155208
RE3791,5021948,5215856,5042922,5155695
RE3792,5022081,5215682,5044308,5156436
RE3793,5021794,5215880,5044686,5155327
RE3794,5021883,5215487,5043699,5155891
RE3795,5022182,5215335,5043675,5156321
RE3796,5022027,5215446,5042999,5156408
RE3797,5022240,5215434,5043351,5156062
ADC_LIMIT:5039409,5233743,5054580,5167876,5021455,5215155,5041331,5154216
RE3798,5021538,5215677,5044617,5156534
RE3799,5021763,5215802,5044194,5158387
RE3800,5021937,5215358,5044760,5156151
RE3801,5021930,5215617,5043154,5156586
RE3802,5022014,5215583,5044220,5156469
RE3803,5022128,5215567,5044273,5158252
RE3804,5021854,5215437,5044910,5157251
RE3805,5021750,5215341,5044680,5158399
RE3806,5021995,5215576,5043494,5156423
RE3807,5021867,5215596,5046218,5158648
RE3808,5022158,5215240,5044963,5157003
RE3809,5021760,5215373,5045630,5158180
RE3810,5021784,5215326,5045718,5158650
RE3811,5021780,5215273,5045270,5156905
RE3812,5021976,5215299,5045737,5160708
RE3813,5021671,5215455,5046152,5158156
RE3814,5021808,5215171,5045174,5158549
RE3815,5021633,5215441,5045697,5159618
ADC_LIMIT:5039409,5233743,5054580,5167876,5021455,5215155,5041331,5154216
RE3816,5021836,5215362,5047413,5160712
RE3817,5021739,5215296,5047079,5159047
RE3818,5021719,5215420,5046993,5160097
RE3819,5021630,5215242,5047573,5160653
RE3820,5021451,5215133,5047719,5160701
RE3821,5021650,5215373,5047008,5161960
RE3822,5021899,5215330,5048451,5161356
RE3823,5022029,5215285,5047307,5160859
RE3824,5021776,5215291,5048384,5161116
RE3825,5021603,5215097,5048455,5162664
RE3826,5021863,5215365,5049366,5162561
RE3827,5021605,5215272,5047771,5161137
RE3828,5021627,5215414,5048233,5160909
RE3829,5021534,5214913,5047651,5162754
RE3830,5021494,5215011,5047663,5161322
RE3831,5021481,5215083,5049125,5162451
RE3832,5021421,5215021,5049070,5162755
ADC_LIMIT:5039409,5233743,5054580,5167876,5021421,5214913,5041331,5154216
RE3833,5021584,5215082,5048357,5162656
RE3834,5021718,5215385,5049824,5162931
RE3835,5021719,5215328,5048201,5161514
RE3836,5021789,5215087,5051360,5163032
RE3837,5021655,5215280,5050200,5162892
RE3838,5021420,5214938,5049511,5162904
RE3839,5021604,5215135,5050685,5162922
RE3840,5021626,5215148,5050858,5163297
RE3841,5021563,5215191,5050023,5164139
RE3842,5021537,5215365,5048853,5163596
RE3843,5021739,5215390,5049500,5162108
RE3844,5021587,5215033,5049847,5163027
RE3845,5021680,5215117,5051609,5162938
RE3846,5021657,5215164,5048431,5161721
RE3847,5021626,5215016,5049245,5162743
RE3848,5021429,5214972,5051477,5161846
RE3849,5021669,5214996,5050375,5163951
RE3850,5021892,5215090,5051283,5164560
ADC_LIMIT:5039409,5233743,5054580,5167876,5021420,5214913,5041331,5154216
RE3851,5021586,5215247,5049640,5164171
RE3852,5021627,5215070,5049984,5162813
RE3853,5021540,5215418,5050599,5162642
RE3854,5021690,5215309,5049082,5163899
RE3855,5021681,5215357,5048857,5161839
RE3856,5021572,5215009,5048195,5162763
RE3857,5021388,5215209,5050561,5162345
RE3858,5021351,5215229,5049903,5164059
RE3859,5021383,5214976,5049642,5163337
RE3860,5021124,5214975,5049724,5163501
RE3861,5021278,5215260,5047919,5164297
RE3862,5021742,5215321,5050323,5162163
RE3863,5021628,5215379,5049097,5163671
RE3864,5021662,5215179,5051185,5163907
RE3865,5021350,5215045,5049837,5162073
RE3866,5021500,5214691,5049279,5161823
RE3867,5021338,5215219,5049009,5161178
RE3868,5021339,5214957,5048874,5162516
ADC_LIMIT:5039409,5233743,5054580,5167876,5021124,5214691,5041331,5154216
RE3869,5021497,5215375,5049412,5162882
RE3870,5021442,5214795,5047982,5161061
RE3871,5021344,5215183,5049184,5161825
RE3872,5021553,5215141,5049080,5162175
RE3873,5021208,5214766,5048289,5162081
RE3874,5021439,5214985,5049106,5161778
RE3875,5021308,5215174,5048355,5162470
RE3876,5021784,5215324,5047614,5160417
RE3877,5021724,5215277,5049113,5161148
RE3878,5021489,5215164,5047852,5161111
RE3879,5021713,5215141,5046752,5160326
RE3880,5021541,5215270,5047031,5161608
RE3881,5021524,5215607,5046814,5161063
RE3882,5021764,5215000,5047422,5159345
RE3883,5021540,5215101,5047661,5160161
RE3884,5021235,5215021,5046587,5160572
RE3885,5021266,5215294,5048235,5160434
ADC_LIMIT:5039409,5233743,5054580,5167876,5020853,5214691,5041331,5154216
RE3886,5020853,5215039,5046251,5159640
RE3887,5021338,5215084,5046235,5159412
RE3888,5021689,5215281,5047178,5160383
RE3889,5021392,5214785,5046951,5160260
RE3890,5021196,5215211,5046097,5159414
RE3891,5021593,5214938,5046091,5157307
RE3892,5021309,5214921,5045986,5157960
RE3893,5021087,5215062,5045177,5159720
RE3894,5021529,5215086,5045916,5158745
RE3895,5021342,5214999,5047427,5158963
RE3896,5021428,5215194,5046607,5158099
RE3897,5021445,5215087,5045504,5157746
RE3898,5021611,5215088,5045182,5157458
RE3899,5021371,5215193,5045493,5158260
RE3900,5021260,5215068,5046180,5158076
RE3901,5021417,5214743,5045410,5156426
RE3902,5021500,5214721,5044751,5156936
RE3903,5021428,5214892,5044450,5155867
ADC_LIMIT:5039409,5233743,5054580,5167876,5020853,5214691,5041331,5154216
RE3904,5021504,5215219,5044910,5157900
RE3905,5021699,5215383,5044224,5158163
RE3906,5021472,5214855,5045428,5156972
RE3907,5021565,5215294,5044603,5157881
RE3908,5021357,5215206,5044297,5158073
RE3909,5021456,5214765,5043349,5158595
RE3910,5021455,5215187,5044773,5158881
RE3911,5021300,5214839,5045241,5155993
RE3912,5021596,5214839,5045294,5156630
RE3913,5021458,5214869,5044206,5156535
RE3914,5021178,5215093,5044071,5158176
RE3915,5021571,5214755,5044194,5156084
RE3916,5021128,5215093,5043570,5157438
RE3917,5021430,5214962,5044117,5157311
RE3918,5021762,5214690,5045293,5155438
RE3919,5021287,5214928,5044705,5156369
RE3920,5021335,5214890,5042676,5156882
RE3921,5021397,5215417,5045761,5157743
ADC_LIMIT:5039409,5233743,5054580,5167876,5020853,5214690,5041331,5154216
RE3922,5021595,5215038,5043758,5157061
RE3923,5021564,5215016,5045236,5156934
RE3924,5021605,5215117,5043642,5156324
RE3925,5021641,5215078,5045638,5158835
RE3926,5021645,5215111,5046610,5156408
RE3927,5021267,5214592,5044939,5157773
RE3928,5021667,5215089,5046602,5159216
RE3929,5021592,5214847,5044577,5156375
RE3930,5021307,5215032,5046212,5157977
RE3931,5021215,5214722,5045495,5158537
RE3932,5021314,5214986,5045936,5157817
RE3933,5021065,5215058,5044740,5157988
RE3934,5021390,5214968,5045657,5158853
RE3935,5021130,5214906,5045600,5159623
RE3936,5021251,5214700,5046179,5160114
RE3937,5021346,5214720,5047188,5160534
RE3938,5021113,5215139,5047164,5160711
ADC_LIMIT:5039409,5233743,5054580,5167876,5020853,5214592,5041331,5154216
RE3939,5021501,5214827,5047676,5160270
RE3940,5021383,5215242,5047391,5159960
RE3941,5021400,5214977,5045511,5160786
RE3942,5021193,5214762,5046618,5160107
RE3943,5021163,5215120,5047639,5160737
RE3944,5021408,5214916,5046648,5160540
RE3945,5021441,5214909,5047893,5159899
RE3946,5021488,5214736,5047636,5162160
RE3947,5021743,5214707,5049771,5160267
RE3948,5021287,5215066,5048319,5162465
RE3949,5021341,5214928,5048644,5161288
RE3950,5021577,5214701,5047942,5161153
RE3951,5021566,5215156,5048258,5161186
RE3952,5021483,5214951,5049034,5163447
RE3953,5021400,5215039,5048861,5161873
RE3954,5021281,5214949,5048788,5162936
RE3955,5021540,5214729,5051098,5161775
RE3956,5021681,5215146,5048907,5163225
ADC_LIMIT:5039409,5233743,5054580,5167876,5020853,5214592,5041331,5154216
RE3957,5021594,5215077,5050791,5163513
RE3958,5021715,5215199,5050835,5163593
RE3959,5021805,5215225,5048154,5162853
RE3960,5021704,5215230,5049766,5162706
RE3961,5021520,5215096,5049858,5163011
RE3962,5021335,5215053,5050180,5163994
RE3963,5021483,5214673,5049125,5162367
RE3964,5021284,5214590,5050314,5163073
RE3965,5021163,5214856,5049448,5162849
RE3966,5021385,5215083,5051571,5164361
RE3967,5021240,5215093,5050377,5164219
RE3968,5021379,5214967,5051606,5163085
RE3969,5021604,5214876,5052163,5165709
RE3970,5021261,5215086,5049883,5161955
RE3971,5021487,5214757,5051660,5162366
RE3972,5021245,5214529,5049902,5164666
RE3973,5021045,5214816,5049883,5164663
RE3974,5021413,5215010,5050230,5162920
ADC_LIMIT:5039409,5233743,5054580,5167876,5020853,5214529,5041331,5154216
RE3975,5021361,5214986,5050131,5163177
RE3976,5021273,5215162,5049798,5164227
RE3977,5021168,5215094,5050371,5165282
RE3978,5021355,5215220,5050142,5164223
RE3979,5021202,5214963,5049694,5164816
RE3980,5021229,5215063,5049405,5163709
RE3981,5021213,5215068,5051702,5162734
RE3982,5021338,5215113,5049814,5163853
RE3983,5021709,5214940,5050081,5163072
RE3984,5021155,5214792,5050017,5163788
RE3985,5020964,5214978,5049874,5162211
RE3986,5021166,5214704,5051133,5163222
RE3987,5021070,5215015,5048786,5163244
RE3988,5021434,5214710,5048859,5161253
RE3989,5021352,5214634,5048656,5162044
RE3990,5021223,5214589,5049115,5162812
RE3991,5021103,5214381,5047839,5161592
ADC_LIMIT:5039409,5233743,5054580,5167876,5020853,5214381,5041331,5154216
RE3992,5021040,5214824,5049072,5162706
RE3993,5021078,5214702,5048413,5161468
RE3994,5020981,5214737,5048913,5159493
RE3995,5021113,5214947,5046953,5161834
RE3996,5021172,5214899,5048645,5161057
RE3997,5021118,5214610,5046959,5160654
RE3998,5021364,5214853,5046051,5159413
RE3999,5021621,5214896,5046001,5161210
RE4000,5021119,5215115,5046984,5159353
RE4001,5020971,5214849,5047437,5159263
RE4002,5021072,5214686,5045041,5159735
RE4003,5021039,5214953,5044551,5158655
RE4004,5021045,5214770,5045193,5158444
RE4005,5021203,5214749,5046701,5158954
RE4006,5021184,5214425,5045239,5157887
RE4007,5021215,5214487,5044480,5157601
RE4008,5020920,5214675,5044285,5158258
RE4009,5020989,5214747,5044671,5158219
ADC_LIMIT:5039409,5233743,5054580,5167876,5020828,5214381,5041331,5154216
RE4010,5020828,5214699,5044838,5157855
RE4011,5021216,5214547,5044508,5158968
RE4012,5021536,5214936,5043848,5157201
RE4013,5020864,5214854,5044218,5156962
RE4014,5020860,5214636,5043723,5156552
RE4015,5021212,5214579,5044060,5156432
RE4016,5020922,5214445,5042923,5157582
RE4017,5021228,5214631,5042591,5156597
RE4018,5020976,5214815,5043493,5156488
RE4019,5020870,5214666,5043367,5155910
RE4020,5020856,5214628,5043962,5155617
RE4021,5021094,5214574,5042149,5156441
RE4022,5021390,5214423,5041222,5154849
RE4023,5020998,5214537,5042492,5156741
RE4024,5021047,5214655,5040399,5156166
RE4025,5021132,5214754,5043002,5155608
RE4026,5020736,5214711,5043176,5155772
RE4027,5021139,5214760,5042121,5155312
ADC_LIMIT:5039409,5233743,5054580,5167876,5020736,5214381,5040399,5154216
RE4028,5021253,5214889,5042931,5154678
RE4029,5021235,5214488,5040878,5154825
RE4030,5021171,5214580,5042612,5155201
RE4031,5020972,5214773,5043156,5155118
RE4032,5021257,5214798,5043023,5156132
RE4033,5020839,5214669,5042909,5156980
RE4034,5021282,5215025,5043651,5154758
RE4035,5021222,5214683,5044237,5156582
RE4036,5021248,5214683,5041959,5155746
RE4037,5020987,5214832,5045009,5157388
RE4038,5021114,5214543,5043252,5157374
RE4039,5021205,5214836,5042830,5156750
RE4040,5021351,5214742,5045102,5155822
RE4041,5021076,5214522,5042952,5156907
RE4042,5020955,5214373,5042990,5156605
RE4043,5021050,5214666,5043660,5158597
RE4044,5021339,5214704,5043736,5157875
ADC_LIMIT:5039409,5233743,5054580,5167876,5020736,5214373,5040399,5154216
RE4045,5021317,5214719,5043787,5156928
RE4046,5021161,5214964,5044089,5159844
RE4047,5021005,5214712,5045281,5156983
RE4048,5021134,5214573,5045683,5157808
RE4049,5021236,5214832,5046161,5159115
RE4050,5021232,5215110,5045339,5158406
RE4051,5021186,5214548,5046268,5159201
RE4052,5021288,5214707,5045684,5159322
RE4053,5021283,5214466,5048199,5160295
RE4054,5020686,5214890,5046352,5159002
RE4055,5021266,5214690,5047575,5159945
RE4056,5021220,5214765,5046886,5161486
RE4057,5021084,5214746,5046353,5159999
RE4058,5021224,5214703,5045674,5161434
RE4059,5021090,5214732,5048988,5160636
RE4060,5021274,5214730,5046873,5161524
RE4061,5021305,5214695,5048372,5161083
RE4062,5021537,5214859,5048553,5161470
ADC_LIMIT:5039409,5233743,5054580,5167876,5020686,5214373,5040399,5154216
RE4063,5021026,5214645,5047012,5161843
RE4064,5020853,5214477,5049347,5161773
RE4065,5021036,5214749,5048225,5162997
RE4066,5021207,5214868,5049970,5162152
RE4067,5020803,5214480,5048972,5161869
RE4068,5020870,5214746,5050130,5161234
RE4069,5021089,5214670,5050276,5162102
RE4070,5020850,5214301,5050047,5163533
RE4071,5021115,5214570,5050571,5163123
RE4072,5020686,5214359,5051451,5163557
RE4073,5020963,5214530,5050812,5163452
RE4074,5020983,5214619,5050164,5163576
RE4075,5020765,5214546,5050343,5163459
RE4076,5021017,5214859,5051012,5163850
RE4077,5021128,5214515,5050498,5163398
RE4078,5020942,5214743,5051409,5164339
RE4079,5021048,5215016,5050590,5164978
RE4080,5020831,5214450,5051287,5164841
ADC_LIMIT:5039409,5233743,5054580,5167876,5020686,5214301,5040399,5154216
RE4081,5020738,5214647,5053038,5163387
RE4082,5020954,5214748,5051513,5166001
RE4083,5021031,5214891,5051337,5165361
RE4084,5021128,5214601,5051871,5165999
RE4085,5020778,5214519,5051928,5164345
RE4086,5020783,5214061,5050821,5163521
RE4087,5020641,5214811,5051861,5165127
RE4088,5021140,5214663,5051377,5163823
RE4089,5021079,5214708,5051752,5163522
RE4090,5020932,5214590,5052236,5164853
RE4091,5020867,5214459,5051007,5165654
RE4092,5020784,5214507,5052049,5164301
RE4093,5020593,5214218,5050672,5163839
RE4094,5021013,5214489,5051879,5163497
RE4095,5021152,5214211,5050922,5164622
RE4096,5021076,5214670,5051107,5163448
RE4097,5021115,5214819,5051471,5164000
ADC_LIMIT:5039409,5233743,5054580,5167876,5020593,5214061,5040399,5154216
RE4098,5021000,5214835,5051596,5163648
RE4099,5020787,5214349,5050000,5164288
RE4100,5021073,5214617,5050044,5164879
RE4101,5020670,5214545,5049372,5164342
RE4102,5020765,5214283,5050599,5163640
RE4103,5020756,5214275,5049719,5163645
RE4104,5020999,5214410,5049842,5163835
RE4105,5020729,5214612,5049656,5163299
RE4106,5020810,5214542,5050293,5162790
RE4107,5020733,5214252,5050543,5160353
RE4108,5020683,5214631,5047088,5163157
RE4109,5020740,5214522,5047398,5163131
RE4110,5020687,5214389,5048388,5161603
RE4111,5021094,5214518,5048622,5162190
RE4112,5020832,5214603,5049099,5161786
RE4113,5020822,5214099,5048937,5160727
RE4114,5021178,5214690,5048764,5160804
RE4115,5021246,5214913,5048032,5160686
ADC_LIMIT:5039409,5233743,5054580,5167876,5020593,5214061,5040399,5154216
RE4116,5021027,5214656,5047035,5159319
RE4117,5021109,5214488,5048142,5161481
RE4118,5020963,5214404,5047064,5159744
RE4119,5020879,5214723,5047028,5161523
RE4120,5020710,5214379,5045552,5159349
RE4121,5020855,5214392,5046309,5159197
RE4122,5020679,5214793,5047067,5158922
RE4123,5020928,5214231,5046111,5158886
RE4124,5020399,5214431,5047228,5159746
RE4125,5020746,5214845,5045637,5158416
RE4126,5020885,5214441,5045655,5158449
RE4127,5020952,5214690,5046348,5160171
RE4128,5021355,5214257,5046399,5159373
RE4129,5020705,5214425,5044174,5158732
RE4130,5020788,5214293,5045051,5156487
RE4131,5020935,5214116,5045990,5158345
RE4132,5020583,5214110,5043178,5155744
RE4133,5020805,5214538,5046171,5157559
ADC_LIMIT:5039409,5233743,5054580,5167876,5020399,5214061,5040399,5154216
RE4134,5021059,5214425,5044803,5158241
RE4135,5021049,5214328,5043490,5157430
RE4136,5020592,5214113,5045826,5156522
RE4137,5020609,5214231,5043255,5157342
RE4138,5020602,5214615,5044628,5157257
RE4139,5020716,5214090,5043382,5157638
RE4140,5020812,5214234,5046035,5157238
RE4141,5020694,5214410,5044664,5156817
RE4142,5021262,5214379,5043949,5157662
RE4143,5020795,5214363,5043174,5158287
RE4144,5020987,5214470,5043304,5156668
RE4145,5021006,5214663,5043707,5157416
RE4146,5020769,5214468,5043749,5156937
RE4147,5020836,5214303,5042508,5156416
RE4148,5020931,5214264,5044965,5157598
RE4149,5020768,5214505,5044180,5156363
RE4150,5020976,5214519,5043665,5156922
ADC_LIMIT:5039409,5233743,5054580,5167876,5020399,5214061,5040399,5154216
RE4151,5021020,5214413,5044479,5156670
RE4152,5021091,5214158,5043624,5157092
RE4153,5020805,5214415,5045345,5157088
RE4154,5020814,5214417,5044886,5158261
RE4155,5021020,5214439,5044346,5156910
RE4156,5020891,5214569,5042624,5157693
RE4157,5020802,5214439,5043413,5157243
RE4158,5021066,5214042,5044082,5157070
RE4159,5020764,5214222,5044679,5157636
RE4160,5020858,5214320,5044977,5156975
RE4161,5021073,5214699,5044737,5156913
RE4162,5021192,5214782,5044027,5159297
RE4163,5021094,5214361,5045501,5157668
RE4164,5020943,5214362,5043941,5157951
RE4165,5020863,5214484,5044855,5158594
RE4166,5020889,5214398,5045819,5158430
RE4167,5021079,5214540,5044202,5158132
RE4168,5021162,5214541,5047071,5158502
ADC_LIMIT:5039409,5233743,5054580,5167876,5020399,5214042,5040399,5154216
RE4169,5021252,5214356,5044941,5158242
RE4170,5020997,5214674,5044615,5160243
RE4171,5020996,5214454,5044788,5158256
RE4172,5021058,5214394,5045500,5159329
RE4173,5020967,5214424,5046012,5159455
RE4174,5020912,5214506,5045349,5160019
RE4175,5021036,5214640,5046978,5158486
RE4176,5021003,5214547,5046143,5159537
RE4177,5021025,5214757,5046188,5161237
RE4178,5021040,5214478,5046313,5159366
RE4179,5021012,5214706,5046493,5160410
RE4180,5020814,5214522,5047265,5160285
RE4181,5020757,5214364,5048270,5159742
RE4182,5021035,5214493,5047678,5161029
RE4183,5020760,5214438,5047150,5159379
RE4184,5020999,5214516,5046921,5160432
RE4185,5021237,5214418,5047641,5161481
RE4186,5021070,5214609,5048414,5161828
ADC_LIMIT:5039409,5233743,5054580,5167876,5020399,5214042,5040399,5154216
RE4187,5020994,5214512,5047556,5161033
RE4188,5020794,5214139,5047344,5162381
RE4189,5020661,5214200,5047776,5162529
RE4190,5020753,5214438,5048863,5161379
RE4191,5020967,5214360,5049190,5160974
RE4192,5020728,5213981,5048877,5161815
RE4193,5020582,5214596,5049857,5161204
RE4194,5020590,5214322,5048634,5162125
RE4195,5020947,5214667,5050313,5163322
RE4196,5021036,5214300,5049138,5162518
RE4197,5020815,5214352,5050373,5161480
RE4198,5020827,5214433,5048768,5162958
RE4199,5020807,5214387,5049765,5162568
RE4200,5020477,5213828,5051177,5161944
RE4201,5020917,5214307,5049557,5162949
RE4202,5020613,5214335,5051783,5163413
RE4203,5020488,5214131,5050230,5162660
ADC_LIMIT:5039409,5233743,5054580,5167876,5020399,5213828,5040399,5154216
RE4204,5020755,5214160,5049671,5162647
RE4205,5020494,5214178,5049263,5163810
RE4206,5020472,5214103,5048922,5162501
RE4207,5020577,5213983,5050440,5163517
RE4208,5020676,5214287,5050380,5163614
RE4209,5020474,5213998,5050160,5163020
RE4210,5020495,5214446,5048871,5163121
RE4211,5020511,5214237,5051093,5162869
RE4212,5020417,5214123,5050310,5163156
RE4213,5020656,5214340,5049834,5163582
RE4214,5020496,5214238,5050684,5162829
RE4215,5020502,5214162,5050018,5163180
RE4216,5020462,5213983,5049665,5161980
RE4217,5020600,5214221,5049881,5161867
RE4218,5020657,5213979,5050250,5162822
RE4219,5020489,5214184,5050953,5162424
RE4220,5020744,5214297,5050115,5163122
RE4221,5020221,5214196,5049019,5163580
ADC_LIMIT:5039409,5233743,5054580,5167876,5020221,5213828,5040399,5154216
RE4222,5020302,5214352,5050040,5163070
RE4223,5020746,5214312,5050430,5163752
RE4224,5020764,5214159,5049012,5163559
RE4225,5020363,5214315,5048824,5161266
RE4226,5020361,5214506,5049015,5162935
RE4227,5020316,5214186,5048828,5162738
RE4228,5020506,5214190,5048627,5162563
RE4229,5020419,5214185,5049782,5162218
RE4230,5020622,5214043,5049863,5162705
RE4231,5020596,5214256,5047919,5160920
RE4232,5020509,5214069,5046915,5161648
RE4233,5020374,5214381,5047721,5162017
RE4234,5020439,5214043,5048836,5161433
RE4235,5020536,5214201,5049569,5162358
RE4236,5020547,5214019,5048496,5160238
RE4237,5020166,5214344,5046790,5160821
RE4238,5020552,5213946,5046926,5160313
RE4239,5020205,5213973,5046546,5160303
ADC_LIMIT:5039409,5233743,5054580,5167876,5020166,5213828,5040399,5154216
RE4240,5020517,5213664,5047813,5158732
RE4241,5020404,5214223,5046884,5160241
RE4242,5020223,5214191,5047758,5158336
RE4243,5020443,5213876,5045011,5157543
RE4244,5020233,5214111,5045728,5159793
RE4245,5020542,5214270,5043663,5160026
RE4246,5020607,5213990,5046958,5158769
RE4247,5020649,5214120,5044727,5158460
RE4248,5020562,5214314,5046029,5157523
RE4249,5020578,5213918,5044860,5158747
RE4250,5020530,5214080,5044455,5157601
RE4251,5020479,5213709,5044897,5158287
RE4252,5020310,5213785,5044192,5157666
RE4253,5020251,5213885,5043958,5156997
RE4254,5020111,5213955,5044420,5157222
RE4255,5020038,5214080,5043778,5156141
RE4256,5020570,5213896,5042897,5157618
ADC_LIMIT:5039409,5233743,5054580,5167876,5020038,5213664,5040399,5154216
RE4257,5020478,5214248,5043687,5158057
RE4258,5020925,5214303,5045239,5156127
RE4259,5020557,5214492,5043277,5157928
RE4260,5020624,5214033,5044396,5157193
RE4261,5020053,5214350,5044785,5156372
RE4262,5020659,5214308,5044329,5156220
RE4263,5020414,5214401,5042942,5155165
RE4264,5020409,5214447,5042690,5156233
RE4265,5020045,5214576,5042747,5156185
RE4266,5020641,5214553,5042511,5156016
RE4267,5020728,5214398,5043378,5156455
RE4268,5020622,5214301,5042682,5155490
RE4269,5020678,5214000,5043353,5155063
RE4270,5020679,5214246,5041877,5156708
RE4271,5020895,5214076,5043872,5156252
RE4272,5020611,5214266,5044258,5156302
RE4273,5020386,5214187,5042376,5155680
RE4274,5020607,5214392,5042910,5156840
ADC_LIMIT:5039409,5233743,5054580,5167876,5020038,5213664,5040399,5154216
RE4275,5020630,5214414,5043317,5156643
RE4276,5020814,5214030,5043193,5157006
RE4277,5020661,5214342,5043229,5157155
RE4278,5020398,5213940,5043370,5156989
RE4279,5020611,5214591,5044843,5155705
RE4280,5020393,5214028,5044167,5157119
RE4281,5020510,5214383,5044296,5158128
RE4282,5020498,5214076,5045260,5156914
RE4283,5020733,5213950,5045657,5158284
RE4284,5020740,5213984,5044058,5157232
RE4285,5020769,5214072,5045730,5158036
RE4286,5020599,5214217,5044303,5157957
RE4287,5020434,5214052,5046538,5159424
RE4288,5020577,5213988,5045264,5158819
RE4289,5020463,5214085,5045310,5158670
RE4290,5020560,5214236,5045826,5158038
RE4291,5021013,5214114,5046635,5160153
RE4292,5020767,5214120,5046865,5159411
ADC_LIMIT:5039409,5233743,5054580,5167876,5020038,5213664,5040399,5154216
RE4293,5020483,5214505,5045451,5159783
RE4294,5020618,5214151,5047179,5159700
RE4295,5020751,5214474,5047333,5160722
RE4296,5020421,5214203,5047469,5159865
RE4297,5020705,5214295,5047519,5161450
RE4298,5020635,5214442,5048178,5161490
RE4299,5020373,5214002,5048538,5160863
RE4300,5020372,5214170,5048515,5161229
RE4301,5020662,5214018,5049388,5162135
RE4302,5020395,5214093,5048633,5161583
RE4303,5020612,5214220,5049449,5161720
RE4304,5020440,5214081,5049320,5162619
RE4305,5020335,5213979,5048396,5161431
RE4306,5020614,5213848,5050142,5161833
RE4307,5020247,5214251,5050004,5162526
RE4308,5020767,5214192,5049395,5163632
RE4309,5020368,5214009,5050834,5162459
ADC_LIMIT:5039409,5233743,5054580,5167876,5020038,5213664,5040399,5154216
RE4310,5020892,5214276,5051192,5163510
RE4311,5020300,5214024,5049596,5163722
RE4312,5020552,5214275,5050201,5164087
RE4313,5020491,5213914,5050730,5163304
RE4314,5020404,5214142,5050936,5164376
