
--- 2026-09-22 17:19:56.792798 开始记录 ---
Ilog_system_init:log init ok, buf=4096, filter=1
Iio_system_init:IO System Init OK
Iw25qxx_drv_init:W25Q init start
Iw25qxx_drv_init:W25Q init OK (ID:0xEF17)
Iads1255_init:ADS0: Initting
Iads1255_init:Init ok
Iads1255_init:ADS1: Initting
Iads1255_init:Init ok
Iadc_system_init:ADS Init OK
RE0,4984260,5176374,5037147,5148304
RE1,4983858,5176134,5037084,5148709
RE2,4984097,5175954,5034480,5148468
RE3,4983952,5176088,5034430,5147085
RE4,4984044,5175959,5034167,5145661
RE5,4984180,5175982,5034179,5146697
RE6,4983543,5176186,5032412,5147239
RE7,4984187,5176249,5033202,5145631
RE8,4983878,5176229,5032582,5144974
RE9,4984533,5176192,5032658,5142153
RE10,4983861,5176353,5032134,5144816
RE11,4984005,5175779,5031762,5145525
RE12,4984166,5176025,5032386,5144582
RE13,4984067,5175871,5031496,5143048
RE14,4984023,5176064,5031476,5144791
RE15,4984219,5176435,5032604,5144700
RE16,4983948,5175806,5033462,5144524
RE17,4984085,5175883,5032100,5145306
RE18,4984013,5176050,5033845,5144693
RE19,4984091,5175950,5034070,5146035
RE20,4984015,5176213,5033310,5146132
RE21,4983991,5176029,5035229,5147027
RE22,4984336,5175975,5036074,5148498
RE23,4984066,5175732,5035301,5148861
RE24,4984104,5176010,5036659,5150165
RE25,4984020,5176384,5036782,5149711
RE26,4984074,5176027,5037969,5148581
RE27,4984038,5176223,5038005,5150553
RE28,4984414,5175957,5037965,5150967
RE29,4984125,5176053,5038792,5150087
RE30,4983639,5175893,5037118,5150898
RE31,4983883,5175645,5038811,5150650
RE32,4984315,5176114,5039372,5150764
RE33,4983893,5176463,5038081,5153053
RE34,4984020,5176095,5039072,5151361
RE35,4983803,5175932,5038627,5152187
RE36,4983927,5175787,5037344,5152798
RE37,4983850,5176217,5037947,5150807
RE38,4984163,5175866,5039577,5151326
RE39,4983945,5176002,5038330,5151947
RE40,4983784,5175942,5036564,5151852
RE41,4983965,5175741,5038226,5150345
RE42,4984081,5175902,5038091,5149965
RE43,4983774,5175958,5037220,5150537
RE44,4983687,5175732,5037619,5150518
RE45,4983852,5175665,5038088,5149929
RE46,4983901,5175721,5037122,5149438
RE47,4983881,5176027,5035688,5148726
RE48,4983750,5175741,5035884,5148530
RE49,4984227,5175732,5035828,5147036
RE50,4983814,5176024,5036914,5147739
RE51,4984014,5175804,5035072,5148226
RE52,4983901,5175908,5035870,5145882
RE53,4984111,5175611,5033334,5145793
RE54,4983751,5175782,5034057,5144863
RE55,4983870,5176203,5033938,5147765
RE56,4983863,5175668,5034448,5145773
RE57,4983592,5176116,5031818,5145070
RE58,4984287,5176041,5031917,5145877
RE59,4983748,5175862,5033124,5145727
RE60,4983928,5176227,5032796,5146006
RE61,4983819,5175813,5034383,5144717
RE62,4983929,5176097,5033568,5146790
RE63,4984155,5176087,5033990,5147398
RE64,4984322,5176192,5032335,5146278
RE65,4984303,5176230,5033495,5147319
RE66,4984135,5175822,5035301,5146713
RE67,4983982,5176137,5034425,5147041
RE68,4983920,5176179,5035560,5148535
RE69,4984162,5176071,5036951,5148354
RE70,4984068,5176117,5036215,5149970
RE71,4984178,5175884,5037861,5148278
RE72,4984107,5176252,5036844,5150550
RE73,4984158,5176099,5036995,5150679
RE74,4984249,5176207,5039391,5151086
RE75,4984071,5176065,5037914,5151110
RE76,4984323,5176058,5038794,5151783
RE77,4984030,5176275,5039614,5152581
RE78,4984059,5176152,5039676,5153495
RE79,4983726,5176146,5039179,5151602
RE80,4983965,5175378,5040007,5151647
RE81,4983756,5175828,5037745,5152440
RE82,4983881,5176094,5040434,5151420
RE83,4983981,5175793,5039267,5151634
RE84,4984132,5175724,5040125,5151592
RE85,4984105,5175793,5038691,5151603
RE86,4984073,5176216,5037377,5149546
RE87,4984142,5176120,5036951,5149280
RE88,4984351,5176168,5036571,5149043
RE89,4984250,5176276,5037385,5148913
RE90,4983584,5176287,5037416,5148678
RE91,4983894,5176007,5035559,5148064
RE92,4983821,5175975,5035522,5147178
RE35091,4984807,5177347,5030465,5143765
RE35092,4985100,5177342,5031178,5143447
RE35093,4985016,5176925,5030249,5144116
RE35094,4985083,5177013,5032250,5143246
RE35095,4984983,5177125,5031876,5143594
RE35096,4985032,5177456,5030263,5145205
ADC_LIMIT:4985935,5178139,5042482,5154990,4983439,5175378,5029136,5141121
RE35097,4985166,5177207,5032060,5145617
RE35098,4985149,5177642,5031947,5145267
RE35099,4985239,5177401,5032317,5146357
RE35100,4985378,5177337,5033704,5146015
RE35101,4985133,5177098,5031652,5146835
RE35102,4984803,5177216,5034311,5148406
RE35103,4985281,5177386,5035034,5149529
RE35104,4985032,5177242,5035689,5149799
RE35105,4985111,5177202,5036421,5148744
RE35106,4985254,5177117,5038636,5148833
RE35107,4985287,5177180,5037797,5148920
RE35108,4985354,5177145,5036647,5150751
RE35109,4985099,5177060,5036857,5149460
RE35110,4985090,5177036,5038322,5150816
RE35111,4985274,5177271,5039226,5152361
RE35112,4985347,5177247,5038675,5151263
RE35113,4985153,5177364,5039121,5151697
ADC_LIMIT:4985935,5178139,5042482,5154990,4983439,5175378,5029136,5141121
RE35114,4984953,5177490,5038735,5151723
RE35115,4984958,5177094,5040556,5151636
RE35116,4985089,5177463,5039185,5151048
RE35117,4985354,5177239,5037469,5150700
RE35118,4985130,5177290,5039105,5150547
RE35119,4985175,5177294,5035666,5150477
RE35120,4985300,5177423,5037690,5150470
RE35121,4984874,5177170,5037101,5149130
RE35122,4985121,5177128,5035265,5148827
RE35123,4984964,5177103,5036539,5147671
RE35124,4985150,5177275,5035318,5147734
RE35125,4985175,5177203,5033782,5146610
RE35126,4984994,5177355,5033648,5146336
RE35127,4985278,5177166,5034968,5146725
RE35128,4985200,5177118,5031324,5145025
RE35129,4985177,5176800,5033429,5143713
RE35130,4985280,5177333,5031456,5145004
RE35131,4985406,5177113,5031387,5144568
ADC_LIMIT:4985935,5178139,5042482,5154990,4983439,5175378,5029136,5141121
RE35132,4985144,5177083,5031161,5144586
RE35133,4985325,5177385,5032036,5144373
RE35134,4984877,5177333,5031571,5143392
RE35135,4985097,5177337,5030640,5142244
RE35136,4985020,5177445,5031644,5143296
RE35137,4985231,5177306,5029713,5144820
RE35138,4985238,5177734,5031712,5144865
RE35139,4985210,5177492,5029681,5143703
RE35140,4984998,5177490,5030248,5143492
RE35141,4985019,5177187,5030462,5142966
RE35142,4985471,5177739,5030932,5143322
RE35143,4985437,5177271,5030787,5144161
RE35144,4985271,5177235,5031806,5145708
RE35145,4985516,5177167,5034340,5146738
RE35146,4985395,5177528,5034120,5147252
RE35147,4985210,5177338,5035205,5148246
RE35148,4985253,5177688,5034411,5147163
RE35149,4985111,5177434,5034851,5147734
ADC_LIMIT:4985935,5178139,5042482,5154990,4983439,5175378,5029136,5141121
RE35150,4985456,5177664,5034333,5148821
RE35151,4985596,5177461,5035699,5149285
RE35152,4985480,5177458,5036162,5148346
RE35153,4985473,5177494,5035733,5149067
RE35154,4985228,5177620,5035651,5149668
RE35155,4985591,5177627,5037547,5149320
RE35156,4985599,5177528,5037019,5150805
RE35157,4985433,5177281,5036264,5149802
RE35158,4985343,5177319,5036436,5150466
RE35159,4985407,5177619,5036354,5150282
RE35160,4985443,5177831,5037916,5150749
RE35161,4985300,5177348,5039643,5150276
RE35162,4985191,5177327,5038538,5149407
RE35163,4985433,5177022,5035468,5149171
RE35164,4985138,5176985,5036084,5147915
RE35165,4985209,5177093,5035425,5149905
RE35166,4984962,5177167,5036400,5149883
ADC_LIMIT:4985935,5178139,5042482,5154990,4983439,5175378,5029136,5141121
RE35167,4985032,5176862,5036019,5147468
RE35168,4984967,5177296,5037112,5148794
RE35169,4985111,5177571,5036293,5148641
RE35170,4985281,5177284,5037852,5148777
RE35171,4985238,5177279,5038201,5149315
RE35172,4985312,5177330,5035455,5149179
RE35173,4985492,5177561,5034309,5147377
RE35174,4985477,5177226,5034124,5147092
RE35175,4985546,5177770,5034607,5148107
RE35176,4985529,5177535,5033952,5146367
RE35177,4985157,5177705,5032475,5145472
RE35178,4985213,5177483,5032897,5144616
RE35179,4985390,5177344,5032578,5144362
RE35180,4985561,5177006,5033478,5144852
RE35181,4985461,5176870,5032049,5145481
RE35182,4985327,5177497,5033339,5145996
RE35183,4985308,5177169,5031241,5145705
RE35184,4985274,5177548,5032073,5143822
ADC_LIMIT:4985935,5178139,5042482,5154990,4983439,5175378,5028858,5141121
RE35185,4985380,5177538,5028858,5143926
RE35186,4985456,5177689,5031738,5144327
RE35187,4985540,5177671,5033705,5144485
RE35188,4985848,5177493,5031990,5144859
RE35189,4985476,5177449,5033329,5145031
RE35190,4985365,5177385,5032661,5145128
RE35191,4985460,5177269,5033110,5145842
RE35192,4985226,5177579,5034400,5147732
RE35193,4985709,5177466,5033390,5147871
RE35194,4985331,5177273,5033257,5146439
RE35195,4985518,5177423,5033741,5148496
RE35196,4985629,5176906,5036390,5148409
RE35197,4985292,5177085,5034484,5148772
RE35198,4985349,5177169,5036968,5149362
RE35199,4985387,5177474,5036980,5150063
RE35200,4985281,5177350,5038294,5149428
RE35201,4985083,5177484,5036723,5149533
RE35202,4985165,5177400,5038336,5150532
ADC_LIMIT:4985935,5178139,5042482,5154990,4983439,5175378,5028858,5141121
RE35203,4985300,5177503,5039797,5149662
RE35204,4984972,5177209,5037415,5151350
RE35205,4985369,5177467,5038384,5151931
RE35206,4984965,5177528,5038750,5152330
RE35207,4985089,5177323,5039052,5152006
RE35208,4984906,5177099,5039219,5150043
RE35209,4985103,5177627,5037248,5150957
RE35210,4985231,5177255,5038600,5151940
RE35211,4985252,5177178,5038376,5149956
RE35212,4985257,5177110,5037205,5149949
RE35213,4985337,5177199,5037563,5149206
RE35214,4985206,5177620,5035498,5148691
RE35215,4985218,5177052,5036878,5148420
RE35216,4985316,5176938,5036994,5148256
RE35217,4985467,5177196,5035966,5147235
RE35218,4985459,5177587,5035153,5146803
RE35219,4985027,5177294,5034129,5145366
ADC_LIMIT:4985935,5178139,5042482,5154990,4983439,5175378,5028858,5141121
RE35220,4985340,5177352,5032454,5144550
RE35221,4985001,5177382,5032238,5145943
RE35222,4985178,5177223,5031053,5145352
RE35223,4985239,5177362,5031274,5143435
RE35224,4985197,5177444,5030636,5143292
RE35225,4985198,5177201,5030207,5144448
RE35226,4985463,5177420,5031182,5143602
RE35227,4985130,5177681,5030228,5143195
RE35228,4985362,5177685,5031313,5143208
RE35229,4985757,5177561,5031122,5143518
RE35230,4985388,5177665,5030499,5142919
RE35231,4985144,5177465,5030276,5143088
RE35232,4985381,5177332,5031397,5144507
RE35233,4985545,5177166,5031974,5143765
RE35234,4985317,5177144,5030950,5143509
RE35235,4985206,5177107,5032896,5144132
RE35236,4985397,5177576,5032015,5145775
RE35237,4985302,5177391,5033906,5145771
ADC_LIMIT:4985935,5178139,5042482,5154990,4983439,5175378,5028858,5141121
RE35238,4985514,5177694,5034164,5146627
RE35239,4985186,5177574,5033980,5146449
RE35240,4985288,5177602,5033289,5148433
RE35241,4985418,5177463,5037226,5148722
RE35242,4985381,5177486,5035546,5148710
RE35243,4985442,5177401,5037485,5149108
RE35244,4985402,5177811,5037831,5148934
RE35245,4985341,5177646,5039286,5149924
RE35246,4985268,5177377,5039217,5150513
RE35247,4985297,5177064,5039503,5151477
RE35248,4985318,5177239,5039235,5152425
RE35249,4985325,5177653,5039757,5152011
RE35250,4984957,5177237,5040187,5152286
RE35251,4985250,5177495,5038447,5151749
RE35252,4985300,5177186,5039119,5151136
RE35253,4985331,5177464,5038584,5152584
RE35254,4985161,5177531,5039309,5152977
RE35255,4985384,5177357,5038862,5151759
ADC_LIMIT:4985935,5178139,5042482,5154990,4983439,5175378,5028858,5141121
RE35256,4985400,5177255,5038223,5149785
RE35257,4985281,5177502,5038540,5151749
RE35258,4985307,5177398,5038499,5151856
RE35259,4985260,5177224,5037107,5150379
RE35260,4984785,5177538,5036921,5150639
RE35261,4984978,5177165,5035563,5147559
RE35262,4984990,5177189,5034960,5148205
RE35263,4984853,5177488,5034794,5148183
RE35264,4984874,5177049,5035025,5147638
RE35265,4985062,5177606,5033286,5148730
RE35266,4985258,5177111,5033823,5147235
RE35267,4984995,5177434,5032492,5145793
RE35268,4985416,5176968,5032852,5144703
RE35269,4985114,5176826,5031392,5143202
RE35270,4985327,5176999,5031551,5144652
RE35271,4985121,5177040,5032164,5143835
RE35272,4985236,5177635,5031361,5145084
ADC_LIMIT:4985935,5178139,5042482,5154990,4983439,5175378,5028858,5141121
RE35273,4985374,5177363,5031209,5143519
RE35274,4985427,5177407,5031647,5143846
RE35275,4985198,5177299,5032370,5144986
RE35276,4985240,5177421,5031920,5144562
RE35277,4985174,5177475,5032241,5144615
RE35278,4985244,5177385,5031365,5145534
RE35279,4985360,5177583,5032180,5144490
RE35280,4985545,5177595,5032011,5144267
RE35281,4985536,5177497,5031349,5146423
RE35282,4985419,5177627,5032721,5145746
RE35283,4985525,5177297,5033479,5146056
RE35284,4985494,5177684,5034178,5145324
RE35285,4985701,5177684,5034097,5147837
RE35286,4985708,5177126,5034975,5147463
RE35287,4985154,5177629,5033508,5147028
RE35288,4985589,5177411,5035944,5148270
RE35289,4985414,5177314,5035756,5147327
RE35290,4985223,5177324,5035515,5149489
ADC_LIMIT:4985935,5178139,5042482,5154990,4983439,5175378,5028858,5141121
RE35291,4985048,5177319,5037209,5149009
RE35292,4985204,5177227,5036599,5149996
RE35293,4985390,5177443,5038385,5150469
RE35294,4985463,5177483,5036944,5149307
RE35295,4985175,5177455,5038574,5151074
RE35296,4985145,5177427,5038204,5150015
RE35297,4985134,5177584,5038698,5150561
RE35298,4985305,5177306,5037314,5151272
RE35299,4985086,5177554,5038373,5150708
RE35300,4985028,5177592,5038098,5150892
RE35301,4985325,5177370,5037902,5151775
RE35302,4985189,5177177,5038662,5149622
RE35303,4984814,5177220,5038631,5150707
RE35304,4985386,5177261,5037136,5150432
RE35305,4985069,5177445,5036038,5151742
RE35306,4985190,5177476,5038030,5149366
RE35307,4985261,5177403,5038499,5148520
RE35308,4985313,5177148,5035825,5147901
ADC_LIMIT:4985935,5178139,5042482,5154990,4983439,5175378,5028858,5141121
RE35309,4985483,5177533,5036115,5146463
RE35310,4985190,5177194,5035430,5147471
RE35311,4984799,5177441,5033615,5146779
RE35312,4985144,5177595,5033150,5147568
RE35313,4985076,5177518,5034384,5145590
RE35314,4985267,5177416,5031836,5146182
RE35315,4985220,5177404,5031636,5144137
RE35316,4985177,5177199,5031156,5143802
RE35317,4984891,5177559,5029687,5143069
RE35318,4985090,5177207,5032001,5143588
RE35319,4985478,5177584,5029856,5143225
RE35320,4985251,5177519,5031424,5143312
RE35321,4985271,5177081,5031013,5144254
RE35322,4984873,5177436,5031117,5142804
RE35323,4984822,5177516,5031630,5144822
RE35324,4985099,5177643,5031673,5145254
RE35325,4985155,5177681,5031935,5144078
ADC_LIMIT:4985935,5178139,5042482,5154990,4983439,5175378,5028858,5141121
RE35326,4985052,5177374,5031488,5144778
RE35327,4985346,5177683,5032761,5144656
RE35328,4985153,5177571,5033992,5146631
RE35329,4985264,5177545,5032991,5146843
RE35330,4985342,5177770,5033968,5146337
RE35331,4985055,5177674,5034816,5148351
RE35332,4985603,5177930,5035512,5149159
RE35333,4985449,5177726,5035523,5149063
RE35334,4985575,5177738,5037171,5149753
RE35335,4985301,5177664,5037140,5150257
RE35336,4985449,5177568,5038043,5151696
RE35337,4985256,5177192,5038928,5150881
RE35338,4985133,5177154,5038920,5149638
RE35339,4985230,5177029,5038191,5150931
RE35340,4985315,5177275,5039704,5152359
RE35341,4985059,5177648,5040149,5152210
RE35342,4985263,5177273,5039049,5152830
RE35343,4984898,5177495,5038225,5152221
ADC_LIMIT:4985935,5178139,5042482,5154990,4983439,5175378,5028858,5141121
RE35344,4985078,5177622,5038860,5151681
RE35345,4985132,5177412,5038928,5152523
RE35346,4985047,5177316,5039827,5151403
RE35347,4985242,5177541,5038408,5150408
RE35348,4984979,5177489,5039303,5150952
RE35349,4984918,5177361,5036833,5150013
RE35350,4985096,5177480,5036892,5149259
RE35351,4985271,5177645,5036408,5147674
RE35352,4985293,5177506,5035935,5148944
RE35353,4985402,5177531,5036395,5147921
RE35354,4985216,5177270,5034717,5145082
RE35355,4985204,5177313,5033098,5146701
RE35356,4984804,5177329,5033195,5145893
RE35357,4985015,5177056,5033796,5145968
RE35358,4984870,5177743,5032160,5145022
RE35359,4985190,5177545,5032440,5145466
RE35360,4985039,5177393,5031337,5144073
RE35361,4984856,5177404,5032893,5144185
ADC_LIMIT:4985935,5178139,5042482,5154990,4983439,5175378,5028858,5141121
RE35362,4985172,5177525,5031950,5144239
RE35363,4985279,5177602,5032288,5143784
RE35364,4984938,5177362,5031551,5142297
RE35365,4985708,5177614,5029458,5144684
RE35366,4985169,5177456,5030014,5142972
RE35367,4985318,5177555,5030557,5144514
RE35368,4985351,5177546,5030000,5144358
RE35369,4985222,5177485,5031940,5142542
RE35370,4985072,5177642,5032261,5145351
RE35371,4985008,5177322,5031106,5145501
RE35372,4985187,5177427,5033105,5144990
RE35373,4985472,5177325,5033310,5144599
RE35374,4985307,5177082,5033431,5145297
RE35375,4984939,5177339,5033578,5147361
RE35376,4985475,5177483,5033804,5146343
RE35377,4985574,5177706,5034330,5147585
RE35378,4985304,5177403,5035368,5148706
ADC_LIMIT:4985935,5178139,5042482,5154990,4983439,5175378,5028858,5141121
RE35379,4985350,5177168,5035553,5148791
RE35380,4985695,5177527,5035851,5148502
RE35381,4985276,5177487,5036145,5149921
RE35382,4985244,5177611,5035886,5150014
RE35383,4985279,5176725,5036662,5148814
RE35384,4985051,5177238,5037395,5150612
RE35385,4985446,5177494,5037594,5149129
RE35386,4985609,5177502,5038199,5151028
RE35387,4985325,5177410,5037461,5149922
RE35388,4985260,5177352,5037432,5150341
RE35389,4985362,5177336,5037399,5149906
RE35390,4985376,5177558,5038841,5150497
RE35391,4985217,5177353,5039587,5150133
RE35392,4985379,5177103,5038612,5149333
RE35393,4985099,5177187,5037077,5148515
RE35394,4985374,5177423,5037626,5148508
RE35395,4985558,5177448,5035767,5150074
RE35396,4984953,5177207,5035628,5149474
ADC_LIMIT:4985935,5178139,5042482,5154990,4983439,5175378,5028858,5141121
RE35397,4985062,5177401,5037017,5149764
RE35398,4985182,5177104,5034799,5147416
RE35399,4985236,5177457,5036648,5148752
RE35400,4985168,5177368,5036894,5148535
RE35401,4985014,5177295,5035406,5147571
RE35402,4984987,5177173,5034670,5146442
RE35403,4984988,5177521,5034610,5147691
RE35404,4985176,5177449,5033734,5145994
RE35405,4985227,5177564,5034033,5147342
RE35406,4985224,5177061,5033326,5145615
RE35407,4985180,5177451,5032810,5144742
RE35408,4985147,5177437,5032489,5147055
RE35409,4985233,5177264,5033395,5145821
RE35410,4985211,5177512,5032429,5144639
RE35411,4985328,5177379,5033290,5144786
RE35412,4985112,5177603,5030548,5144903
RE35413,4985197,5177559,5031152,5145603
RE35414,4985430,5177664,5033399,5144842
ADC_LIMIT:4985935,5178139,5042482,5154990,4983439,5175378,5028858,5141121
RE35415,4985099,5177537,5031278,5144765
RE35416,4985431,5177452,5030246,5145974
RE35417,4985156,5177396,5032586,5145564
RE35418,4985187,5177491,5032031,5145667
RE35419,4985369,5177427,5033107,5146875
RE35420,4985256,5177778,5033068,5146305
RE35421,4985142,5177388,5034103,5145094
RE35422,4985236,5177421,5033975,5147333
RE35423,4985113,5177512,5034749,5147040
RE35424,4985485,5177336,5034762,5147628
RE35425,4985430,5177630,5034381,5149838
RE35426,4985085,5177391,5034770,5147719
RE35427,4985378,5177610,5035491,5149322
RE35428,4985253,5177065,5036250,5149171
RE35429,4985222,5177548,5036437,5148938
RE35430,4985202,5177764,5037434,5150054
RE35431,4985327,5177796,5039296,5151000
ADC_LIMIT:4985935,5178139,5042482,5154990,4983439,5175378,5028858,5141121
RE35432,4984965,5177561,5039439,5151698
RE35433,4985522,5177471,5038327,5150732
RE35434,4985278,5177640,5038649,5148926
RE35435,4985077,5177467,5037504,5149282
RE35436,4985039,5177600,5038320,5150249
RE35437,4985431,5177211,5040805,5149479
RE35438,4985419,5177262,5037506,5150215
RE35439,4985346,5177558,5037604,5151314
RE35440,4985342,5177526,5036729,5152474
RE35441,4985001,5177509,5037411,5148568
RE35442,4985236,5177103,5035600,5150514
RE35443,4984855,5177256,5038011,5147737
RE35444,4984960,5177343,5035898,5148264
RE35445,4985256,5177175,5035959,5147385
RE35446,4985257,5177247,5034700,5147751
RE35447,4984767,5177427,5034817,5147425
RE35448,4985081,5177609,5032575,5145479
RE35449,4985588,5177461,5032479,5146217
ADC_LIMIT:4985935,5178139,5042482,5154990,4983439,5175378,5028858,5141121
RE35450,4985331,5177519,5032467,5146255
RE35451,4985352,5177670,5032307,5145235
RE35452,4985543,5177607,5030989,5144880
RE35453,4985596,5177314,5031692,5143091
RE35454,4985453,5177403,5029330,5143231
RE35455,4985298,5177648,5030488,5143203
RE35456,4985324,5177787,5030189,5142232
RE35457,4985316,5177791,5029807,5144528
RE35458,4985290,5177705,5029576,5144302
RE35459,4985269,5177849,5030657,5143412
RE35460,4985281,5177445,5031051,5142437
RE35461,4985150,5177545,5031299,5142451
RE35462,4985266,5177457,5030589,5143727
RE35463,4985665,5177628,5033165,5145164
RE35464,4985315,5177487,5033214,5145657
RE35465,4985392,5177547,5031639,5146162
RE35466,4985384,5177595,5033437,5144773
RE35467,4985328,5177564,5033725,5146401
ADC_LIMIT:4985935,5178139,5042482,5154990,4983439,5175378,5028858,5141121
RE35468,4985515,5177576,5034728,5148641
RE35469,4985060,5177466,5033911,5148762
RE35470,4985499,5177349,5035396,5147760
RE35471,4985105,5177441,5037501,5148849
RE35472,4985248,5177176,5035147,5150236
RE35473,4985230,5177494,5037164,5150846
RE35474,4985176,5177771,5039255,5153261
RE35475,4985010,5177486,5038351,5151355
RE35476,4985149,5177674,5038690,5151332
RE35477,4985153,5177684,5038712,5152517
RE35478,4985512,5177590,5039902,5150821
RE35479,4985221,5177393,5040134,5152438
RE35480,4985125,5177174,5039043,5151862
RE35481,4985173,5177319,5039302,5150939
RE35482,4985200,5177342,5038683,5150900
RE35483,4985505,5177604,5038127,5151871
RE35484,4985365,5177460,5038670,5151334
ADC_LIMIT:4985935,5178139,5042482,5154990,4983439,5175378,5028858,5141121
RE35485,4985259,5177351,5040483,5151505
RE35486,4985002,5177526,5038360,5151921
RE35487,4985216,5177088,5037189,5149125
RE35488,4984917,5177530,5036182,5150097
RE35489,4985048,5177628,5036346,5148806
RE35490,4984979,5177433,5036214,5147822
RE35491,4985704,5177613,5035975,5148979
RE35492,4985102,5177392,5035021,5147669
RE35493,4985052,5177441,5035117,5146294
RE35494,4985038,5177394,5033885,5147095
RE35495,4985076,5177442,5032305,5145350
RE35496,4985292,5177447,5033219,5145436
RE35497,4985359,5177325,5033135,5144714
RE35498,4985057,5177288,5033334,5145484
RE35499,4984944,5177127,5031593,5143559
RE35500,4985112,5177625,5031218,5144136
RE35501,4985395,5177284,5031711,5143888
RE35502,4985086,5177241,5032190,5144260
ADC_LIMIT:4985935,5178139,5042482,5154990,4983439,5175378,5028858,5141121
RE35503,4984976,5177181,5030796,5143667
RE35504,4985043,5177398,5031051,5143564
RE35505,4985448,5177553,5031425,5144086
RE35506,4985266,5176951,5030539,5142178
RE35507,4985022,5177599,5030969,5144545
RE35508,4985434,5177844,5030782,5144747
RE35509,4985684,5177373,5033923,5144488
RE35510,4985274,5177976,5031466,5146219
RE35511,4985586,5177646,5033670,5145835
RE35512,4985481,5177503,5033288,5145130
RE35513,4985501,5177670,5032693,5146333
RE35514,4985227,5177449,5031106,5146336
RE35515,4985436,5177187,5034343,5145409
RE35516,4985235,5177557,5035325,5147645
RE35517,4985223,5178007,5035196,5147563
RE35518,4985225,5177804,5036128,5147273
RE35519,4985403,5177526,5034745,5149050
RE35520,4985416,5177599,5037376,5149566
ADC_LIMIT:4985935,5178139,5042482,5154990,4983439,5175378,5028858,5141121
RE35521,4985193,5177337,5035660,5150686
RE35522,4985090,5177682,5036210,5150332
RE35523,4985244,5177494,5036577,5149561
RE35524,4985162,5177542,5037041,5150505
RE35525,4985280,5177287,5038402,5151274
RE35526,4985417,5177532,5038148,5151871
RE35527,4985091,5177758,5039109,5152108
RE35528,4985419,5177377,5038313,5149755
RE35529,4985538,5177500,5037222,5150907
RE35530,4985044,5177328,5037498,5150376
RE35531,4985146,5177388,5038893,5149206
RE35532,4985142,5177142,5038745,5149478
RE35533,4984979,5177429,5038991,5149128
RE35534,4985063,5177484,5036381,5149457
RE35535,4985366,5177781,5036073,5150062
RE35536,4985362,5177471,5036049,5148320
RE35537,4985142,5177608,5034698,5147107
ADC_LIMIT:4985935,5178139,5042482,5154990,4983439,5175378,5028858,5141121
RE35538,4985331,5177697,5034885,5146452
RE35539,4985285,5177497,5035082,5145378
RE35540,4985536,5177579,5033078,5145752
RE35541,4985468,5177689,5032714,5146241
RE35542,4985369,5177885,5032952,5144986
RE35543,4985040,5177023,5031933,5143809
RE35544,4985365,5177462,5031998,5144542
RE35545,4985431,5177629,5031590,5143255
RE35546,4985255,5177676,5031991,5142259
RE35547,4985272,5177343,5031558,5143045
RE35548,4985514,5177439,5029786,5143945
RE35549,4985202,5177144,5032020,5143300
RE35550,4985292,5176939,5031027,5143737
RE35551,4985429,5177163,5032151,5144104
RE35552,4984992,5177249,5031147,5143877
RE35553,4984997,5177342,5031104,5144612
RE35554,4985387,5177108,5031923,5145856
RE35555,4985259,5177199,5033881,5144799
ADC_LIMIT:4985935,5178139,5042482,5154990,4983439,5175378,5028858,5141121
RE35556,4984884,5177179,5033104,5146403
RE35557,4985022,5177231,5032513,5144275
RE35558,4985403,5177230,5032000,5146670
RE35559,4985190,5177439,5034051,5147075
RE35560,4985011,5177435,5034871,5148372
RE35561,4985279,5177413,5035610,5149313
RE35562,4985333,5177454,5037312,5148810
RE35563,4985177,5177607,5037269,5150012
RE35564,4985294,5177515,5037483,5149917
RE35565,4985127,5177306,5037582,5150453
RE35566,4985228,5177636,5037765,5150855
RE35567,4985175,5177158,5038979,5149962
RE35568,4985339,5177328,5038997,5150671
RE35569,4985254,5177111,5039966,5152945
RE35570,4985192,5177284,5038255,5151579
RE35571,4985229,5177444,5039874,5152246
RE35572,4985419,5177535,5039442,5152982
RE35573,4984855,5176961,5038242,5150663
ADC_LIMIT:4985935,5178139,5042482,5154990,4983439,5175378,5028858,5141121
RE35574,4985333,5177631,5040653,5151127
RE35575,4985341,5177182,5039082,5150424
RE35576,4985241,5177339,5037255,5149952
RE35577,4984960,5177320,5036495,5148316
RE35578,4985082,5177477,5037006,5149546
RE35579,4985150,5177412,5036000,5149378
RE35580,4985432,5177556,5035106,5149000
RE35581,4985388,5177347,5036829,5146642
RE35582,4985349,5177481,5035514,5147694
RE35583,4985347,5177228,5034368,5146092
RE35584,4985684,5177488,5035846,5147462
RE35585,4985394,5177219,5033895,5146126
RE35586,4985443,5177543,5032751,5144877
RE35587,4985619,5177712,5033662,5145031
RE35588,4985073,5177302,5031691,5143996
RE35589,4985440,5177293,5031807,5144204
RE35590,4985283,5177378,5030097,5142715
ADC_LIMIT:4985935,5178139,5042482,5154990,4983439,5175378,5028858,5141121
RE35591,4985121,5177385,5029441,5143662
RE35592,4984945,5177219,5031432,5142555
RE35593,4985110,5177148,5030992,5143950
RE35594,4985161,5177394,5029737,5143358
RE35595,4985195,5177331,5030663,5143751
RE35596,4985267,5177394,5032010,5143747
RE35597,4985213,5177170,5030597,5144497
RE35598,4985247,5177379,5031923,5144698
RE35599,4985206,5177434,5032850,5145093
RE35600,4985360,5177723,5033207,5144116
RE35601,4985279,5177419,5032858,5145692
RE35602,4985426,5177319,5035127,5146652
RE35603,4985593,5177212,5034234,5146965
RE35604,4985507,5177481,5035873,5148034
RE35605,4985320,5177561,5034218,5147631
RE35606,4985260,5177055,5034859,5148017
RE35607,4985340,5177415,5036090,5148037
RE35608,4985552,5177756,5037069,5150152
ADC_LIMIT:4985935,5178139,5042482,5154990,4983439,5175378,5028858,5141121
RE35609,4985084,5177526,5036134,5148692
RE35610,4985334,5177388,5037057,5149154
RE35611,4985113,5177659,5037251,5150121
RE35612,4985450,5177688,5036446,5149162
RE35613,4985489,5177615,5036560,5149862
RE35614,4985123,5177594,5037508,5150457
RE35615,4985168,5177740,5037355,5148986
RE35616,4984979,5177624,5037801,5150454
RE35617,4985100,5177786,5036037,5149672
RE35618,4985403,5177415,5037079,5149082
RE35619,4985297,5177305,5036445,5151176
RE35620,4985409,5176966,5036561,5150803
RE35621,4985066,5177087,5038275,5148719
RE35622,4985221,5177377,5036755,5149925
RE35623,4985205,5177289,5037789,5149904
RE35624,4985261,5177273,5037517,5148611
RE35625,4985553,5177076,5036007,5148864
RE35626,4985164,5177522,5036101,5148147
ADC_LIMIT:4985935,5178139,5042482,5154990,4983439,5175378,5028858,5141121
RE35627,4984855,5177370,5034288,5149389
RE35628,4985229,5177362,5035436,5147622
RE35629,4984824,5177573,5036377,5146470
RE35630,4985026,5177434,5034564,5147426
RE35631,4985298,5177547,5035603,5148236
RE35632,4985426,5177525,5034300,5146789
RE35633,4985479,5177468,5033804,5144698
RE35634,4985360,5177916,5033418,5146938
RE35635,4985116,5177529,5033407,5146296
RE35636,4985301,5177696,5032324,5145144
RE35637,4985181,5177730,5032518,5144469
RE35638,4985188,5177534,5033060,5143306
RE35639,4985364,5177708,5032419,5144729
RE35640,4985243,5177458,5031877,5144010
RE35641,4985159,5177576,5033215,5143526
RE35642,4985398,5177558,5032079,5143421
RE35643,4984954,5177527,5032981,5142231
ADC_LIMIT:4985935,5178139,5042482,5154990,4983439,5175378,5028858,5141121
RE35644,4985203,5177224,5032957,5144397
RE35645,4985109,5177055,5031811,5145602
RE35646,4985214,5177430,5032857,5145803
RE35647,4985190,5177332,5033347,5145514
RE35648,4985349,5177244,5032548,5147180
RE35649,4985019,5177431,5033357,5147093
RE35650,4985270,5177492,5034034,5148141
RE35651,4985490,5177665,5034091,5147831
RE35652,4985314,5177180,5033825,5146439
RE35653,4985497,5177581,5036489,5148257
RE35654,4985435,5177797,5037978,5148528
RE35655,4985458,5176876,5036655,5149614
RE35656,4985093,5176953,5036734,5148577
RE35657,4985169,5177020,5037720,5149543
RE35658,4985116,5177514,5036582,5150887
RE35659,4985017,5177222,5037769,5150002
RE35660,4984865,5177350,5037153,5150692
RE35661,4985077,5177315,5039624,5150766
ADC_LIMIT:4985935,5178139,5042482,5154990,4983439,5175378,5028858,5141121
RE35662,4985154,5177400,5038701,5150973
RE35663,4984866,5177154,5038383,5150557
RE35664,4985063,5177399,5038493,5151274
RE35665,4984838,5177090,5038151,5150738
RE35666,4985037,5177266,5036517,5151845
RE35667,4985117,5177109,5038119,5150728
RE35668,4985019,5177373,5038070,5148454
RE35669,4985115,5177140,5036534,5149881
RE35670,4985158,5177254,5037610,5149993
RE35671,4984935,5177321,5036341,5148563
RE35672,4985069,5177302,5035630,5147068
RE35673,4985464,5177239,5034565,5146477
RE35674,4984867,5177160,5035586,5147365
RE35675,4985006,5177158,5033883,5146627
RE35676,4985041,5177517,5032748,5145407
RE35677,4985080,5177597,5032716,5144264
RE35678,4985275,5177698,5032742,5144822
RE35679,4985291,5177458,5031836,5141991
ADC_LIMIT:4985935,5178139,5042482,5154990,4983439,5175378,5028858,5141121
RE35680,4985236,5177390,5032644,5143782
RE35681,4984862,5177439,5031026,5144624
RE35682,4985073,5177163,5030546,5143125
RE35683,4985249,5177250,5029033,5143668
RE35684,4984989,5177452,5029489,5143119
RE35685,4985164,5177499,5030684,5143446
RE35686,4985240,5177395,5030026,5142708
RE35687,4985215,5177451,5031324,5143072
RE35688,4985428,5177308,5031723,5142983
RE35689,4985277,5177235,5030949,5143356
RE35690,4985213,5177429,5032413,5143548
RE35691,4985869,5177344,5032280,5143447
RE35692,4985257,5177431,5031676,5144951
RE35693,4985019,5177495,5034243,5146953
RE35694,4985200,5177219,5034033,5146595
RE35695,4985345,5177475,5033911,5146618
RE35696,4985167,5177285,5033814,5147323
ADC_LIMIT:4985935,5178139,5042482,5154990,4983439,5175378,5028858,5141121
RE35697,4985194,5177772,5035258,5149256
RE35698,4985444,5177599,5036187,5149540
RE35699,4985196,5177229,5037040,5149986
RE35700,4984920,5177495,5036707,5149032
RE35701,4985324,5177190,5038001,5151750
RE35702,4985317,5177068,5037689,5150512
RE35703,4985132,5177728,5039676,5150668
RE35704,4985021,5177400,5038715,5150681
RE35705,4985178,5177152,5038941,5150832
RE35706,4985211,5177352,5038802,5152411
RE35707,4984974,5177359,5039640,5150939
RE35708,4985049,5176918,5039846,5151874
RE35709,4985133,5177166,5039922,5151507
RE35710,4985239,5177160,5039785,5152686
RE35711,4985245,5177318,5039329,5149906
RE35712,4984902,5177223,5038241,5149603
RE35713,4985185,5177030,5038986,5150121
RE35714,4984982,5177543,5036475,5149371
ADC_LIMIT:4985935,5178139,5042482,5154990,4983439,5175378,5028858,5141121
RE35715,4985257,5177277,5037641,5150049
RE35716,4985206,5177634,5035338,5148703
RE35717,4985188,5177567,5036094,5148426
RE35718,4985310,5177455,5033799,5146989
RE35719,4984955,5177468,5035377,5146275
RE35720,4985144,5177335,5035407,5147861
RE35721,4985213,5177623,5033618,5145521
RE35722,4985242,5177520,5033068,5146926
RE35723,4985443,5177430,5033656,5146083
RE35724,4985357,5177035,5033447,5143233
RE35725,4985396,5177247,5031680,5145373
RE35726,4985000,5177284,5033734,5144689
RE35727,4985028,5177020,5033113,5143130
RE35728,4984886,5177309,5031822,5145615
RE35729,4985317,5177559,5030778,5145386
RE35730,4985369,5177537,5031456,5143872
RE35731,4985398,5177414,5032121,5144635
RE35732,4985066,5177367,5030902,5144940
ADC_LIMIT:4985935,5178139,5042482,5154990,4983439,5175378,5028858,5141121
RE35733,4985383,5177570,5031431,5144330
RE35734,4985778,5177526,5031092,5144448
RE35735,4985573,5177569,5032015,5144066
RE35736,4985277,5177711,5031977,5145135
RE35737,4985486,5177553,5030405,5144852
RE35738,4985474,5177457,5032903,5146134
RE35739,4985308,5177561,5034842,5145525
RE35740,4985309,5177542,5032442,5145787
RE35741,4985366,5177856,5035164,5146289
RE35742,4985648,5177380,5036294,5146469
RE35743,4985354,5177549,5034775,5147112
RE35744,4985475,5177482,5034156,5146658
RE35745,4985337,5177712,5035656,5148445
RE35746,4985342,5177384,5035480,5147861
RE35747,4985104,5177718,5035916,5149272
RE35748,4985505,5177633,5034361,5149022
RE35749,4985606,5177522,5037608,5149428
ADC_LIMIT:4985935,5178139,5042482,5154990,4983439,5175378,5028858,5141121
RE35750,4985222,5177578,5036836,5149540
RE35751,4985197,5177611,5037578,5151384
RE35752,4985292,5177625,5037820,5151364
RE35753,4985154,5177477,5038937,5149900
RE35754,4985230,5177507,5036699,5150084
RE35755,4985154,5177425,5037865,5149633
RE35756,4985326,5177603,5037989,5149802
RE35757,4985105,5177519,5039140,5151868
RE35758,4985450,5177685,5039254,5151557
RE35759,4985521,5177267,5037746,5150083
RE35760,4985385,5177371,5037679,5149573
RE35761,4984911,5177331,5037344,5148961
RE35762,4985276,5177283,5036519,5149378
RE35763,4985198,5177510,5036849,5147733
RE35764,4985232,5177469,5034513,5147170
RE35765,4984949,5177540,5035892,5147822
RE35766,4985171,5177691,5034394,5146757
RE35767,4985461,5177561,5034895,5147427
ADC_LIMIT:4985935,5178139,5042482,5154990,4983439,5175378,5028858,5141121
RE35768,4985499,5177251,5033067,5145854
RE35769,4985174,5177524,5034098,5145041
RE35770,4985219,5177377,5032729,5145275
RE35771,4985232,5177530,5031291,5143533
RE35772,4985201,5177447,5030398,5142607
RE35773,4985444,5177729,5031833,5143957
RE35774,4985245,5177700,5032348,5142567
RE35775,4985181,5177630,5029516,5142184
RE35776,4985571,5177529,5029802,5143126
RE35777,4985752,5177559,5030098,5142236
RE35778,4985389,5177501,5031181,5144254
RE35779,4985339,5177249,5030617,5143407
RE35780,4985441,5177629,5029651,5143099
RE35781,4985456,5177350,5029261,5145563
RE35782,4985437,5177469,5031586,5146559
RE35783,4985300,5177497,5032051,5146438
RE35784,4985464,5177307,5031783,5146696
RE35785,4985451,5177637,5034809,5148409
ADC_LIMIT:4985935,5178139,5042482,5154990,4983439,5175378,5028858,5141121
RE35786,4985716,5177385,5034441,5147632
RE35787,4985521,5178001,5034792,5148444
RE35788,4985469,5177272,5035890,5147968
RE35789,4985545,5177401,5035351,5149621
RE35790,4985505,5177717,5038123,5149522
RE35791,4985092,5177536,5037323,5149328
RE35792,4985310,5177485,5038419,5150939
RE35793,4985050,5177596,5037941,5149168
RE35794,4985313,5177776,5038171,5151926
RE35795,4984941,5177231,5039226,5151837
RE35796,4985368,5177705,5039548,5151484
RE35797,4985427,5177177,5038342,5152049
RE35798,4985425,5177544,5038864,5151940
RE35799,4985260,5177681,5039893,5153084
RE35800,4985583,5177645,5039476,5151632
RE35801,4985283,5177468,5038759,5151470
RE35802,4985330,5177523,5039030,5151824
ADC_LIMIT:4985935,5178139,5042482,5154990,4983439,5175378,5028858,5141121
RE35803,4985416,5177274,5037701,5150795
RE35804,4985120,5177631,5038074,5150371
RE35805,4985267,5177564,5036705,5149053
RE35806,4985351,5177494,5037612,5148889
RE35807,4985144,5177541,5037512,5148422
RE35808,4985630,5177662,5036466,5147482
RE35809,4985338,5177751,5033159,5146899
RE35810,4985369,5177805,5034168,5147085
RE35811,4985591,5177190,5033519,5145474
RE35812,4985337,5177179,5033019,5144992
RE35813,4985527,5177460,5032100,5144327
RE35814,4985288,5177607,5032672,5144155
RE35815,4985353,5177674,5031695,5143898
RE35816,4985414,5177507,5029962,5144466
RE35817,4985305,5177512,5031263,5144223
RE35818,4985342,5177543,5030778,5143409
RE35819,4984970,5177532,5030946,5143359
RE35820,4985465,5177597,5031132,5144248
ADC_LIMIT:4985935,5178139,5042482,5154990,4983439,5175378,5028858,5141121
RE35821,4985287,5177345,5029790,5144484
RE35822,4985522,5177654,5030437,5142419
RE35823,4985382,5177422,5031379,5144593
RE35824,4985150,5177628,5030766,5144143
RE35825,4985367,5177452,5029654,5144036
RE35826,4984926,5177111,5031334,5144072
RE35827,4985283,5177345,5032499,5143775
RE35828,4985435,5177353,5032841,5145733
RE35829,4985400,5177451,5033371,5147289
RE35830,4985356,5177476,5033825,5146532
RE35831,4985283,5177464,5034051,5146391
RE35832,4985592,5177305,5035236,5147537
RE35833,4985378,5177394,5035039,5146922
RE35834,4984957,5177473,5035754,5148551
RE35835,4985477,5177563,5035862,5148790
RE35836,4985345,5177234,5036389,5148318
RE35837,4985484,5177389,5036825,5148917
RE35838,4985338,5177560,5036914,5150385
ADC_LIMIT:4985935,5178139,5042482,5154990,4983439,5175378,5028858,5141121
RE35839,4985272,5177726,5038425,5149777
RE35840,4985318,5177917,5036848,5149801
RE35841,4985105,5177506,5037705,5149177
RE35842,4985225,5177723,5037697,5149444
RE35843,4985380,5177502,5036504,5149565
RE35844,4985174,5177407,5037486,5151171
RE35845,4985044,5177426,5037769,5150527
RE35846,4985524,5177865,5037818,5150753
RE35847,4985348,5177767,5037860,5151236
RE35848,4985448,5177251,5037881,5149436
RE35849,4985510,5177850,5037335,5149192
RE35850,4985382,5177577,5037061,5148506
RE35851,4985421,5177411,5037097,5148599
RE35852,4985273,5177391,5035961,5148725
RE35853,4985381,5177549,5035619,5148637
RE35854,4985307,5177692,5035749,5147780
RE35855,4985278,5177385,5035594,5148409
ADC_LIMIT:4985935,5178139,5042482,5154990,4983439,5175378,5028858,5141121
RE35856,4985280,5177850,5035619,5147646
RE35857,4985322,5177537,5035784,5147782
RE35858,4985570,5177126,5034791,5146824
RE35859,4985202,5177345,5034580,5147310
RE35860,4985193,5177357,5033563,5146414
RE35861,4985593,5177723,5032577,5145404
RE35862,4985558,5177517,5035103,5145172
RE35863,4985457,5177942,5031948,5146159
RE35864,4984992,5177773,5032760,5145306
RE35865,4985265,5177546,5031842,5145378
RE35866,4985701,5177392,5031946,5144881
RE35867,4985477,5177580,5031412,5145065
RE35868,4985239,5177457,5032608,5144819
RE35869,4985594,5177773,5033383,5144632
RE35870,4985670,5177509,5033143,5144880
RE35871,4985402,5177332,5030704,5145413
RE35872,4985227,5177013,5033151,5143693
RE35873,4985177,5177457,5032222,5145043
ADC_LIMIT:4985935,5178139,5042482,5154990,4983439,5175378,5028858,5141121
RE35874,4985141,5177621,5034116,5144588
RE35875,4985357,5177630,5032842,5144663
RE35876,4985388,5177586,5033193,5147208
RE35877,4985371,5177105,5033410,5146370
RE35878,4985263,5177670,5034023,5146784
RE35879,4985412,5177350,5033557,5147742
RE35880,4985376,5177074,5036057,5148854
RE35881,4985330,5177469,5035755,5148835
RE35882,4985401,5177405,5036384,5148833
RE35883,4985272,5177392,5036055,5149465
RE35884,4985227,5176992,5037471,5148817
RE35885,4985311,5176876,5038498,5149772
RE35886,4984940,5177105,5036754,5149321
RE35887,4985160,5177362,5036408,5150135
RE35888,4985196,5177383,5037532,5150303
RE35889,4985308,5177535,5038647,5150040
RE35890,4985085,5177409,5037430,5150987
RE35891,4985038,5177084,5038832,5151054
ADC_LIMIT:4985935,5178139,5042482,5154990,4983439,5175378,5028858,5141121
RE35892,4985066,5176971,5037875,5150225
RE35893,4985460,5177308,5037679,5149384
RE35894,4985195,5177723,5037736,5148729
RE35895,4985245,5177307,5037586,5149770
RE35896,4985164,5177236,5037581,5149476
RE35897,4985402,5177493,5036654,5148780
RE35898,4985270,5177168,5036665,5148950
RE35899,4985229,5177124,5035904,5146065
RE35900,4985061,5177237,5035685,5148079
RE35901,4985248,5176866,5036270,5146893
RE35902,4985074,5177315,5034637,5146887
RE35903,4984903,5177446,5032899,5145778
RE35904,4985163,5177499,5034015,5146543
RE35905,4985450,5177410,5032589,5145341
RE35906,4985528,5177407,5031598,5144352
RE35907,4985089,5177444,5030838,5143071
RE35908,4985520,5177297,5031744,5143485
ADC_LIMIT:4985935,5178139,5042482,5154990,4983439,5175378,5028858,5141121
RE35909,4985193,5177507,5031072,5144570
RE35910,4985202,5177274,5030270,5143284
RE35911,4985426,5177239,5030278,5143404
RE35912,4985417,5177654,5030540,5142370
RE35913,4985550,5177579,5031022,5144601
RE35914,4985313,5177740,5029235,5143455
RE35915,4985438,5177298,5031020,5144098
RE35916,4985472,5177068,5030662,5144068
RE35917,4985231,5177220,5031028,5145244
RE35918,4985531,5177683,5031105,5144212
RE35919,4985468,5176991,5031967,5143705
RE35920,4985376,5177313,5033227,5144127
RE35921,4985248,5177478,5033346,5145985
RE35922,4985201,5177267,5033110,5145282
RE35923,4985205,5177426,5033353,5147982
RE35924,4985264,5177396,5035773,5147701
RE35925,4985397,5177249,5036401,5147813
RE35926,4985178,5177344,5036996,5148580
ADC_LIMIT:4985935,5178139,5042482,5154990,4983439,5175378,5028858,5141121
RE35927,4985264,5176943,5037783,5149218
RE35928,4984981,5177402,5036841,5150965
RE35929,4985250,5177230,5038546,5151967
RE35930,4985178,5177399,5039053,5151498
RE35931,4985634,5177482,5039341,5150963
RE35932,4985380,5177126,5039441,5152354
RE35933,4985272,5177464,5039059,5152389
RE35934,4985470,5177312,5038562,5152030
RE35935,4984998,5177314,5040460,5152805
RE35936,4985377,5177063,5040692,5152447
RE35937,4985244,5177333,5039308,5150128
RE35938,4985149,5177360,5038915,5151572
RE35939,4985414,5177506,5038708,5150765
RE35940,4985518,5177275,5038470,5150746
RE35941,4985109,5177278,5037055,5149359
RE35942,4985036,5177586,5036255,5149299
RE35943,4985276,5177580,5037082,5147563
RE35944,4985139,5177349,5035632,5148551
ADC_LIMIT:4985935,5178139,5042482,5154990,4983439,5175378,5028858,5141121
RE35945,4985376,5177278,5036502,5148226
RE35946,4985076,5177618,5035095,5147646
RE35947,4985217,5177399,5034793,5147699
RE35948,4985606,5177271,5034724,5147308
RE35949,4985075,5177360,5033718,5145885
RE35950,4985381,5177452,5032805,5146725
RE35951,4985060,5177291,5032235,5145137
RE35952,4985098,5177559,5032079,5146159
RE35953,4985264,5177442,5032835,5143833
RE35954,4985268,5177397,5031334,5144216
RE35955,4985620,5177365,5031926,5144536
RE35956,4985399,5177617,5031856,5143819
RE35957,4985352,5177393,5031537,5143087
RE35958,4985369,5177758,5030665,5143670
RE35959,4985194,5177391,5031138,5143229
RE35960,4985489,5177296,5030071,5142916
RE35961,4985104,5177460,5031474,5143393
ADC_LIMIT:4985935,5178139,5042482,5154990,4983439,5175378,5028858,5141121
RE35962,4985288,5177351,5030127,5144301
RE35963,4984954,5177402,5031702,5144690
RE35964,4985562,5177415,5033551,5144449
RE35965,4985416,5177485,5033187,5145616
RE35966,4985463,5177384,5033408,5145787
RE35967,4985319,5177530,5032615,5145641
RE35968,4985482,5177889,5033041,5145570
RE35969,4985365,5177821,5033389,5146596
RE35970,4985576,5177094,5033632,5145389
RE35971,4985539,5177114,5034176,5149349
RE35972,4985162,5177351,5036213,5148534
RE35973,4985130,5177485,5036064,5149039
RE35974,4985038,5177453,5036675,5148200
RE35975,4985111,5177397,5035193,5149753
RE35976,4985320,5177246,5037118,5149555
RE35977,4985420,5177370,5036485,5150161
RE35978,4985194,5177374,5037331,5150404
RE35979,4985450,5177207,5039912,5150527
ADC_LIMIT:4985935,5178139,5042482,5154990,4983439,5175378,5028858,5141121
RE35980,4985299,5177401,5039232,5150916
RE35981,4985468,5177466,5038185,5152151
RE35982,4985110,5177440,5037491,5150105
RE35983,4985072,5177147,5037935,5151122
RE35984,4985287,5177302,5038307,5150812
RE35985,4985036,5177199,5036460,5149418
RE35986,4984932,5177418,5037129,5150108
RE35987,4985126,5177419,5037638,5150509
RE35988,4985548,5177386,5038522,5148335
RE35989,4984983,5177009,5036830,5149009
RE35990,4985066,5177318,5035140,5148009
RE35991,4985351,5177363,5034021,5149311
RE35992,4984736,5177152,5035783,5148393
RE35993,4984973,5176989,5035480,5145538
RE35994,4984954,5177168,5034323,5146869
RE35995,4985192,5177287,5033368,5144932
RE35996,4985069,5177504,5033888,5145255
RE35997,4985240,5177721,5032811,5144020
ADC_LIMIT:4985935,5178139,5042482,5154990,4983439,5175378,5028858,5141121
RE35998,4985305,5177113,5031238,5143711
RE35999,4985047,5177619,5030410,5143952
RE36000,4984928,5177256,5030957,5142800
RE36001,4985283,5177523,5032623,5143632
RE36002,4985266,5177405,5031502,5143923
RE36003,4984980,5177466,5030741,5145026
RE36004,4984893,5177514,5030615,5142844
RE36005,4985325,5177314,5030796,5144613
RE36006,4985069,5177659,5030998,5142775
RE36007,4985173,5177447,5031704,5144433
RE36008,4985250,5176728,5031791,5145136
RE36009,4985104,5177085,5032908,5144334
RE36010,4985297,5177477,5031292,5145974
RE36011,4984962,5177237,5033517,5146037
RE36012,4985038,5177513,5033224,5146622
RE36013,4985246,5177320,5033623,5147090
RE36014,4985300,5177683,5036093,5147392
ADC_LIMIT:4985935,5178139,5042482,5154990,4983439,5175378,5028858,5141121
RE36015,4985416,5177706,5035881,5148371
RE36016,4985083,5177545,5036419,5149383
RE36017,4985049,5177361,5036401,5149684
RE36018,4985317,5177456,5037029,5149939
RE36019,4985585,5177553,5036931,5150346
RE36020,4985354,5177334,5037400,5149847
RE36021,4985016,5177523,5036630,5151569
RE36022,4985154,5177108,5039056,5150490
RE36023,4985238,5177508,5038903,5151524
RE36024,4985247,5177560,5040147,5151998
RE36025,4985295,5176906,5038344,5151538
RE36026,4985187,5177243,5039649,5152359
RE36027,4985136,5177225,5038607,5152969
RE36028,4984947,5177132,5039548,5149131
RE36029,4985029,5177078,5036212,5150695
RE36030,4985038,5177263,5038354,5150546
RE36031,4984812,5177070,5038916,5150582
RE36032,4984946,5177304,5038424,5150174
ADC_LIMIT:4985935,5178139,5042482,5154990,4983439,5175378,5028858,5141121
RE36033,4985137,5177002,5037041,5150230
RE36034,4984949,5177267,5036030,5149228
RE36035,4985324,5177403,5034976,5147992
RE36036,4985013,5177551,5035499,5149215
RE36037,4985233,5177312,5035294,5146897
RE36038,4985135,5177609,5033699,5145591
RE36039,4985530,5177261,5033017,5146461
RE36040,4985169,5177657,5034025,5145730
RE36041,4984936,5177212,5032861,5145196
RE36042,4985129,5177553,5031383,5144560
RE36043,4984987,5177346,5031491,5143720
RE36044,4985403,5177434,5030828,5144107
RE36045,4985399,5177578,5030568,5143383
RE36046,4985193,5177432,5030423,5144501
RE36047,4985295,5177331,5030409,5143000
RE36048,4985188,5177429,5030689,5142499
RE36049,4985315,5177578,5030066,5143323
RE36050,4984942,5177659,5031765,5144722
ADC_LIMIT:4985935,5178139,5042482,5154990,4983439,5175378,5028858,5141121
RE36051,4985128,5177117,5030023,5144430
RE36052,4985230,5177540,5031315,5144802
RE36053,4984931,5177289,5031773,5145236
RE36054,4985226,5177228,5033129,5145837
RE36055,4985590,5177516,5032879,5145280
RE36056,4985077,5177346,5033165,5145543
RE36057,4985281,5177752,5033123,5145333
RE36058,4985293,5177326,5032982,5146167
RE36059,4985307,5177470,5034668,5147848
RE36060,4985172,5177343,5035610,5147770
RE36061,4985486,5177298,5034138,5148459
RE36062,4985307,5177614,5035896,5149816
RE36063,4985266,5177138,5037600,5150152
RE36064,4984921,5177440,5036555,5149709
RE36065,4985331,5177131,5036137,5149315
RE36066,4985386,5177417,5037115,5150309
RE36067,4984908,5176774,5037613,5149983
ADC_LIMIT:4985935,5178139,5042482,5154990,4983439,5175378,5028858,5141121
RE36068,4985041,5177368,5037210,5150609
RE36069,4985381,5177702,5037589,5150521
RE36070,4984867,5177408,5037725,5150671
RE36071,4985037,5177432,5037285,5149853
RE36072,4984805,5177361,5037878,5150441
RE36073,4985007,5177408,5037848,5150383
RE36074,4985485,5177609,5037858,5149965
RE36075,4985222,5177518,5037300,5150375
RE36076,4985438,5177038,5037752,5150525
RE36077,4985075,5177325,5038111,5148552
RE36078,4984998,5177232,5037405,5150833
RE36079,4985300,5177429,5035097,5147669
RE36080,4985125,5177804,5036198,5148702
RE36081,4985106,5177655,5036144,5147911
RE36082,4985386,5177471,5036873,5149492
RE36083,4985503,5177430,5035392,5147961
RE36084,4984991,5177397,5035518,5147041
RE36085,4985114,5177716,5035145,5147229
ADC_LIMIT:4985935,5178139,5042482,5154990,4983439,5175378,5028858,5141121
RE36086,4985398,5177444,5034627,5146780
RE36087,4985507,5177644,5034637,5146248
RE36088,4985259,5177551,5033067,5146189
RE36089,4985091,5177567,5033013,5146965
RE36090,4985312,5177802,5032330,5144739
RE36091,4985508,5177706,5031997,5146013
RE36092,4985324,5177758,5031936,5144019
RE36093,4985323,5177292,5031722,5144782
RE36094,4985332,5177455,5032179,5143549
RE36095,4985406,5177307,5030502,5144634
RE36096,4985259,5177476,5033011,5143714
RE36097,4985543,5177387,5032366,5144753
RE36098,4985416,5177466,5031773,5145354
RE36099,4985212,5177548,5031910,5144382
RE36100,4985412,5177144,5032437,5144931
RE36101,4985030,5177324,5032420,5144894
RE36102,4985356,5177560,5032553,5146307
RE36103,4985143,5177470,5034494,5145386
ADC_LIMIT:4985935,5178139,5042482,5154990,4983439,5175378,5028858,5141121
RE36104,4985434,5177278,5033466,5147576
RE36105,4985448,5177780,5033594,5145704
RE36106,4985482,5177581,5035246,5146740
RE36107,4985140,5177489,5035901,5146823
RE36108,4985140,5177325,5035072,5147750
RE36109,4985002,5177322,5034719,5150019
RE36110,4985027,5177603,5036520,5148608
RE36111,4985269,5177024,5037160,5150523
RE36112,4985104,5177297,5036787,5149135
RE36113,4985420,5177497,5038140,5150564
RE36114,4985297,5177478,5038143,5151032
RE36115,4985283,5177512,5037709,5151916
RE36116,4985390,5177679,5038293,5150526
RE36117,4985513,5177626,5039251,5150691
RE36118,4985291,5177677,5039264,5151367
RE36119,4985219,5177817,5036593,5150303
RE36120,4985055,5177289,5038094,5150196
ADC_LIMIT:4985935,5178139,5042482,5154990,4983439,5175378,5028858,5141121
RE36121,4984783,5177521,5035837,5151477
RE36122,4984831,5177415,5038072,5149598
RE36123,4985095,5177144,5038388,5150226
RE36124,4984958,5177550,5035381,5148350
RE36125,4985292,5177517,5036390,5148828
RE36126,4985157,5177353,5037005,5147445
RE36127,4985520,5177537,5035470,5147238
RE36128,4984870,5177241,5034037,5148895
RE36129,4985071,5177419,5035123,5147380
RE36130,4984877,5177292,5033868,5145492
RE36131,4985429,5177650,5034498,5145058
RE36132,4985327,5177638,5033273,5145021
RE36133,4985231,5177380,5031804,5144790
RE36134,4985552,5177842,5031565,5143744
RE36135,4985454,5177564,5031030,5143504
RE36136,4985565,5177313,5031184,5143798
RE36137,4985328,5177429,5030324,5144346
RE36138,4985565,5177935,5030616,5143108
ADC_LIMIT:4985935,5178139,5042482,5154990,4983439,5175378,5028858,5141121
RE36139,4985554,5177587,5030562,5143577
RE36140,4985261,5177576,5030819,5143648
RE36141,4985575,5177638,5031040,5143563
RE36142,4985623,5177585,5030561,5143589
RE36143,4985356,5177534,5030492,5143956
RE36144,4985071,5177653,5031700,5143125
RE36145,4985401,5177580,5031918,5144304
RE36146,4985283,5178002,5030789,5145076
RE36147,4985274,5177359,5032128,5144918
RE36148,4985455,5177339,5031682,5144858
RE36149,4985323,5177533,5035240,5146333
RE36150,4985440,5177962,5033603,5148707
RE36151,4985401,5177474,5034713,5147279
RE36152,4984945,5177488,5036036,5147984
RE36153,4985326,5177744,5036690,5148943
RE36154,4985540,5177631,5035456,5148957
RE36155,4985437,5177819,5037255,5150455
RE36156,4985190,5177231,5037870,5152180
ADC_LIMIT:4985935,5178139,5042482,5154990,4983439,5175378,5028858,5141121
RE36157,4985170,5177217,5038765,5150709
RE36158,4984996,5177356,5038750,5152384
RE36159,4985237,5177789,5038953,5152113
RE36160,4985320,5177409,5039676,5151415
RE36161,4985115,5177544,5039777,5154114
RE36162,4985049,5177502,5040045,5151281
RE36163,4985271,5177483,5038943,5152695
RE36164,4985148,5177452,5040156,5151790
RE36165,4985497,5177525,5039048,5151795
RE36166,4985804,5177242,5038750,5151871
RE36167,4985165,5177649,5039254,5150473
RE36168,4985206,5177588,5036186,5149522
RE36169,4985219,5177531,5037942,5149304
RE36170,4985306,5177494,5036213,5149087
RE36171,4985138,5177467,5035526,5149132
RE36172,4985468,5177575,5036870,5149522
RE36173,4985558,5177548,5035499,5146912
ADC_LIMIT:4985935,5178139,5042482,5154990,4983439,5175378,5028858,5141121
RE36174,4985294,5177370,5036237,5146013
RE36175,4985668,5177574,5034081,5146911
RE36176,4985290,5177350,5034179,5145475
RE36177,4985544,5177512,5032110,5145960
RE36178,4985224,5177693,5032456,5144753
RE36179,4985746,5177591,5032225,5144701
RE36180,4985339,5177695,5031491,5145433
RE36181,4985373,5177803,5033852,5145272
RE36182,4985470,5177496,5033752,5144389
RE36183,4985432,5177511,5032550,5143656
RE36184,4985448,5177762,5031165,5144794
RE36185,4985277,5177929,5030954,5144118
RE36186,4985634,5177738,5032471,5144861
RE36187,4985459,5177823,5028913,5144096
RE36188,4985479,5177704,5034051,5144845
RE36189,4985516,5177642,5031917,5145539
RE36190,4985325,5177547,5033587,5145456
RE36191,4985157,5177494,5032525,5145989
ADC_LIMIT:4985935,5178139,5042482,5154990,4983439,5175378,5028858,5141121
RE36192,4985698,5177684,5032137,5145655
RE36193,4985403,5177904,5032533,5145746
RE36194,4985555,5177566,5033031,5145640
RE36195,4985585,5177744,5034032,5145997
RE36196,4985257,5177880,5032923,5144878
RE36197,4985261,5177697,5034150,5147394
RE36198,4985263,5177663,5034674,5147718
RE36199,4985271,5177328,5034989,5147792
RE36200,4985681,5177354,5035753,5148333
RE36201,4985134,5177188,5035902,5148616
RE36202,4985330,5177182,5035379,5149162
RE36203,4984969,5177626,5036895,5150571
RE36204,4985549,5177360,5036007,5150439
RE36205,4985023,5177362,5037789,5150164
RE36206,4985525,5177513,5038286,5150704
RE36207,4985358,5177418,5038855,5151806
RE36208,4985285,5177166,5037869,5151282
RE36209,4985234,5177214,5037710,5149923
ADC_LIMIT:4985935,5178139,5042482,5154990,4983439,5175378,5028858,5141121
RE36210,4985362,5177081,5038045,5151603
RE36211,4984822,5177617,5039309,5149646
RE36212,4984919,5177053,5039062,5151006
RE36213,4984992,5177224,5038364,5151699
RE36214,4984938,5177561,5038374,5150216
RE36215,4984935,5177030,5037246,5149291
RE36216,4985105,5177189,5037977,5149541
RE36217,4985059,5177469,5036348,5150548
RE36218,4985158,5176960,5034880,5147244
RE36219,4985234,5177297,5034943,5145141
RE36220,4985504,5177477,5034045,5146761
RE36221,4985272,5177143,5033816,5146770
RE36222,4985105,5177270,5032237,5146305
RE36223,4985447,5177610,5034807,5145860
RE36224,4985144,5177220,5034652,5144953
RE36225,4985386,5177499,5032451,5144662
RE36226,4985213,5177263,5031303,5144520
ADC_LIMIT:4985935,5178139,5042482,5154990,4983439,5175378,5028858,5141121
RE36227,4985103,5177156,5032034,5144788
RE36228,4985214,5177165,5031519,5144767
RE36229,4985148,5177388,5029972,5143814
RE36230,4985328,5177382,5030352,5144778
RE36231,4985107,5177794,5032023,5144252
RE36232,4985236,5177416,5030606,5142372
RE36233,4985320,5177538,5031716,5142840
RE36234,4985399,5177395,5031369,5143935
RE36235,4985330,5177006,5031070,5142462
RE36236,4985337,5177176,5031233,5141671
RE36237,4985214,5176991,5032075,5143780
RE36238,4985431,5177609,5032250,5145420
RE36239,4985208,5177553,5033723,5145716
RE36240,4985222,5177506,5034461,5146922
RE36241,4985289,5177593,5034970,5148159
RE36242,4985410,5177491,5034777,5148143
RE36243,4985493,5177453,5035401,5147913
RE36244,4985234,5177467,5036513,5148641
ADC_LIMIT:4985935,5178139,5042482,5154990,4983439,5175378,5028858,5141121
RE36245,4985817,5177545,5036657,5149976
RE36246,4985202,5177401,5036690,5150254
RE36247,4985349,5177243,5037934,5150541
RE36248,4985137,5177584,5038624,5150233
RE36249,4985309,5177441,5038062,5152578
RE36250,4985228,5177408,5038036,5150544
RE36251,4985076,5177408,5038399,5152185
RE36252,4985095,5177562,5039358,5151079
RE36253,4985287,5177077,5040084,5151480
RE36254,4985279,5177539,5038564,5150336
RE36255,4985380,5177237,5037745,5150635
RE36256,4985142,5177380,5038616,5150187
RE36257,4985195,5177198,5038683,5150927
RE36258,4985022,5177375,5037848,5150112
RE36259,4984995,5177556,5037429,5149384
RE36260,4985197,5177369,5037530,5149432
RE36261,4985404,5177681,5037790,5150034
RE36262,4985185,5177243,5035878,5148274
ADC_LIMIT:4985935,5178139,5042482,5154990,4983439,5175378,5028858,5141121
RE36263,4985187,5177356,5034699,5147507
RE36264,4985331,5177243,5034807,5147731
RE36265,4985078,5177108,5034103,5146039
RE36266,4984983,5177553,5035138,5144629
RE36267,4985065,5177404,5035107,5145708
RE36268,4985363,5177469,5032030,5145220
RE36269,4985360,5177174,5032113,5142691
RE36270,4985063,5177403,5032059,5143208
RE36271,4985374,5177211,5031452,5144323
RE36272,4985368,5177278,5032430,5143712
RE36273,4985282,5177451,5030977,5144547
RE36274,4985233,5177248,5029149,5143079
RE36275,4984955,5177589,5031903,5142599
RE36276,4985551,5177377,5030604,5144250
RE36277,4985557,5177281,5030897,5144633
RE36278,4985420,5177550,5030638,5144594
RE36279,4985094,5177550,5033518,5144763
ADC_LIMIT:4985935,5178139,5042482,5154990,4983439,5175378,5028858,5141121
RE36280,4985043,5177236,5032587,5143581
RE36281,4984928,5177174,5032074,5144124
RE36282,4984762,5177525,5031607,5146224
RE36283,4985254,5177347,5033689,5144078
RE36284,4985643,5177521,5034294,5145705
RE36285,4985044,5177475,5034207,5148481
RE36286,4984941,5177279,5035160,5146986
RE36287,4985234,5177101,5034286,5146824
RE36288,4984742,5177104,5034529,5148508
RE36289,4985026,5177312,5035237,5148604
RE36290,4985353,5177542,5035474,5148719
RE36291,4985209,5177727,5037242,5150984
RE36292,4985209,5177532,5036151,5149136
RE36293,4985231,5177349,5037227,5150266
RE36294,4985110,5177441,5038926,5149933
RE36295,4985340,5177295,5036168,5150492
RE36296,4985221,5177136,5037646,5149021
RE36297,4985234,5177279,5037442,5149101
ADC_LIMIT:4985935,5178139,5042482,5154990,4983439,5175378,5028858,5141121
RE36298,4985168,5177423,5036365,5151473
RE36299,4985278,5177288,5037071,5150976
RE36300,4985025,5177178,5037135,5151583
RE36301,4985032,5177444,5039010,5149237
RE36302,4985376,5177193,5037668,5150993
RE36303,4985089,5177475,5037586,5151430
RE36304,4985388,5177028,5038101,5150418
RE36305,4985192,5177198,5037469,5150626
RE36306,4984853,5177047,5037330,5149815
RE36307,4985126,5177400,5037300,5150094
RE36308,4985028,5177505,5036379,5149807
RE36309,4985210,5177181,5036912,5147983
RE36310,4985521,5177212,5034835,5148332
RE36311,4985118,5177588,5035515,5148586
RE36312,4985218,5177360,5036086,5148404
RE36313,4985142,5177273,5034283,5147993
RE36314,4984967,5177416,5035087,5147962
RE36315,4985041,5177286,5033870,5146687
ADC_LIMIT:4985935,5178139,5042482,5154990,4983439,5175378,5028858,5141121
RE36316,4984987,5177535,5034616,5145561
RE36317,4985125,5177722,5033482,5146331
RE36318,4985071,5177275,5033135,5145873
RE36319,4985176,5177279,5033329,5144560
RE36320,4985555,5177381,5032755,5145269
RE36321,4985056,5177425,5033424,5145152
RE36322,4984984,5177201,5032266,5144348
RE36323,4984998,5177070,5031820,5144278
RE36324,4985276,5177212,5031425,5142914
RE36325,4985131,5177195,5031333,5144510
RE36326,4985094,5177339,5031268,5145050
RE36327,4985020,5177271,5031673,5145528
RE36328,4985434,5177594,5030922,5144984
RE36329,4985098,5177464,5032957,5145460
RE36330,4985244,5177710,5033057,5145267
RE36331,4985124,5177997,5033096,5147656
RE36332,4985598,5177469,5034884,5147073
ADC_LIMIT:4985935,5178139,5042482,5154990,4983439,5175378,5028858,5141121
RE36333,4985281,5177312,5035808,5148065
RE36334,4985481,5177620,5036656,5147756
RE36335,4985363,5177063,5034769,5148101
RE36336,4985361,5177416,5034334,5149136
RE36337,4985081,5177445,5035471,5149351
RE36338,4985004,5177546,5037452,5150014
RE36339,4985324,5177189,5036724,5149208
RE36340,4985098,5177108,5036683,5150370
RE36341,4985210,5177226,5037699,5149980
RE36342,4985207,5177207,5037453,5149289
RE36343,4985243,5177383,5037934,5151948
RE36344,4985140,5177410,5039079,5151266
RE36345,4984924,5177612,5038883,5151258
RE36346,4984982,5177100,5038886,5151218
RE36347,4984944,5177411,5037215,5151263
RE36348,4985067,5177194,5037622,5152223
RE36349,4985206,5177142,5038262,5150717
RE36350,4985016,5177278,5038189,5151491
ADC_LIMIT:4985935,5178139,5042482,5154990,4983439,5175378,5028858,5141121
RE36351,4985297,5177288,5037316,5149153
RE36352,4985302,5177281,5037306,5150624
RE36353,4985039,5177390,5036199,5149099
RE36354,4984915,5177458,5036352,5148347
RE36355,4985246,5177196,5035854,5147039
RE36356,4984895,5177685,5034203,5146849
RE36357,4985035,5176979,5034234,5145447
RE36358,4985164,5177247,5034076,5146883
RE36359,4985013,5177270,5033707,5145678
RE36360,4985196,5177062,5033218,5145291
RE36361,4984929,5177324,5031804,5144205
RE36362,4984913,5177248,5032459,5144056
RE36363,4984705,5177300,5031804,5144417
RE36364,4985556,5177478,5031347,5142242
RE36365,4985063,5177286,5029749,5143113
RE36366,4985108,5177343,5030378,5143178
RE36367,4985389,5177591,5031065,5143973
RE36368,4985050,5177322,5031401,5142070
ADC_LIMIT:4985935,5178139,5042482,5154990,4983439,5175378,5028858,5141121
RE36369,4985270,5176952,5029843,5141677
RE36370,4985173,5177249,5032286,5144279
RE36371,4985619,5177171,5032076,5144578
RE36372,4985017,5177300,5031416,5144328
RE36373,4985495,5177086,5031848,5143657
RE36374,4985116,5177413,5032923,5144587
RE36375,4985091,5177472,5032278,5146360
RE36376,4985293,5177055,5032926,5146605
RE36377,4985285,5177142,5033940,5147406
RE36378,4985118,5177401,5034930,5146425
RE36379,4985212,5177265,5034261,5148403
RE36380,4985469,5176942,5036767,5148880
RE36381,4985231,5177386,5035321,5148279
RE36382,4985115,5177069,5035790,5150953
RE36383,4985426,5177507,5037634,5150813
RE36384,4985166,5177569,5037131,5151396
RE36385,4985232,5177254,5038150,5152404
ADC_LIMIT:4985935,5178139,5042482,5154990,4983439,5175378,5028858,5141121
RE36386,4985227,5177374,5038941,5151292
RE36387,4985293,5177400,5039356,5151793
RE36388,4985125,5177170,5038875,5151977
RE36389,4984977,5177475,5039952,5152588
RE36390,4985414,5177094,5040823,5151336
RE36391,4985218,5177797,5038132,5151076
RE36392,4984883,5177261,5039523,5151110
RE36393,4985002,5177583,5039313,5150630
RE36394,4985266,5177643,5038271,5152278
RE36395,4985419,5177136,5041262,5152418
RE36396,4985210,5177307,5040440,5151173
RE36397,4984977,5177086,5037332,5150593
RE36398,4984830,5177270,5036476,5151170
RE36399,4985212,5177435,5037953,5149726
RE36400,4985061,5177272,5036619,5148197
RE36401,4985068,5177481,5034844,5147440
RE36402,4984788,5177542,5034575,5147997
RE36403,4985073,5177141,5034382,5147401
ADC_LIMIT:4985935,5178139,5042482,5154990,4983439,5175378,5028858,5141121
RE36404,4985152,5177472,5033364,5147226
RE36405,4985225,5177037,5033845,5144780
RE36406,4985078,5177352,5032508,5145606
RE36407,4985152,5177401,5032342,5145405
RE36408,4985169,5177175,5032400,5144632
RE36409,4985124,5177451,5032801,5145609
RE36410,4985245,5177275,5031095,5143034
RE36411,4985237,5177471,5033141,5145602
RE36412,4985045,5177414,5030457,5144289
RE36413,4985370,5177297,5031139,5146156
RE36414,4985100,5177289,5031594,5144308
RE36415,4985403,5177488,5031191,5145596
RE36416,4985572,5177382,5032521,5145315
RE36417,4985235,5177345,5031942,5144023
RE36418,4985752,5177499,5031061,5143905
RE36419,4985213,5177588,5031306,5145410
RE36420,4985419,5177284,5033440,5145525
RE36421,4985506,5177473,5034477,5145318
ADC_LIMIT:4985935,5178139,5042482,5154990,4983439,5175378,5028858,5141121
RE36422,4985390,5177409,5033065,5145258
RE36423,4985456,5177366,5034775,5146015
RE36424,4985321,5177891,5034419,5148398
RE36425,4985631,5177807,5035712,5148021
RE36426,4985558,5177353,5035318,5148196
RE36427,4985351,5177315,5035316,5148222
RE36428,4985300,5177506,5035327,5149217
RE36429,4985578,5177168,5035790,5149087
RE36430,4985529,5177217,5036129,5147954
RE36431,4985215,5177462,5037069,5150165
RE36432,4985242,5177042,5036735,5150244
RE36433,4985255,5177333,5036954,5149954
RE36434,4984707,5177054,5036959,5150218
RE36435,4985204,5177604,5037348,5150732
RE36436,4985607,5177501,5039033,5151048
RE36437,4985552,5177347,5038523,5150288
RE36438,4985465,5177527,5039052,5150443
ADC_LIMIT:4985935,5178139,5042482,5154990,4983439,5175378,5028858,5141121
RE36439,4985284,5177486,5037217,5149736
RE36440,4985515,5177644,5037523,5150403
RE36441,4985170,5177448,5037809,5150472
RE36442,4985581,5177431,5036000,5151296
RE36443,4985708,5177686,5037289,5150266
RE36444,4985567,5177164,5037164,5148673
RE36445,4985259,5177720,5036164,5149452
RE36446,4985325,5177215,5036764,5147121
RE36447,4985234,5176942,5035589,5146697
RE36448,4985354,5177250,5033626,5147909
RE36449,4985552,5177302,5034903,5146364
RE36450,4985223,5177288,5033224,5146154
RE36451,4985220,5177550,5033123,5145652
RE36452,4985295,5177519,5032301,5145170
RE36453,4985541,5177346,5032487,5145503
RE36454,4985164,5177292,5031625,5143166
RE36455,4985138,5177618,5031437,5144337
RE36456,4985560,5177435,5031157,5143641
ADC_LIMIT:4985935,5178139,5042482,5154990,4983439,5175378,5028858,5141121
RE36457,4985512,5177630,5030541,5144976
RE36458,4985249,5177676,5029862,5143406
RE36459,4985726,5177378,5031633,5144831
RE36460,4985426,5177510,5031433,5144008
RE36461,4985547,5177699,5030997,5144348
RE36462,4985512,5177738,5031828,5142750
RE36463,4985512,5177328,5031228,5143485
RE36464,4985079,5177207,5031131,5143676
RE36465,4985488,5177604,5032012,5144908
RE36466,4985760,5177696,5033827,5145676
RE36467,4985203,5177730,5032648,5146625
RE36468,4985037,5177359,5035053,5145811
RE36469,4984991,5177323,5035420,5147205
RE36470,4985441,5177391,5034901,5147249
RE36471,4985362,5177361,5033550,5149407
RE36472,4985502,5177600,5035713,5148690
RE36473,4985668,5177546,5037171,5149343
RE36474,4985241,5177489,5036196,5150494
ADC_LIMIT:4985935,5178139,5042482,5154990,4983439,5175378,5028858,5141121
RE36475,4985072,5177746,5037499,5150275
RE36476,4985122,5177482,5038965,5150792
RE36477,4985163,5177175,5038123,5151143
RE36478,4985454,5177240,5037262,5151328
RE36479,4985343,5177341,5039274,5153387
RE36480,4985175,5177273,5039233,5150085
RE36481,4985174,5177227,5039317,5152333
RE36482,4984816,5177034,5038400,5150614
RE36483,4985131,5176900,5038995,5151304
RE36484,4985261,5177262,5038913,5150583
RE36485,4985065,5177482,5037879,5150912
RE36486,4985203,5177299,5039053,5150278
RE36487,4985059,5177270,5038027,5150659
RE36488,4984983,5177406,5038908,5148909
RE36489,4985157,5177310,5036621,5149682
RE36490,4985186,5177414,5035992,5148137
RE36491,4985351,5177566,5035688,5148195
ADC_LIMIT:4985935,5178139,5042482,5154990,4983439,5175378,5028858,5141121
RE36492,4985124,5177399,5034412,5147799
RE36493,4985426,5177534,5034677,5147547
RE36494,4985321,5177712,5034471,5146459
RE36495,4985163,5177432,5033706,5145096
RE36496,4985196,5177403,5033798,5145829
RE36497,4985512,5177585,5031661,5145194
RE36498,4985246,5177174,5032253,5144104
RE36499,4985238,5177133,5031811,5142500
RE36500,4985054,5177278,5031129,5142745
RE36501,4985403,5177646,5032550,5143717
RE36502,4985251,5177362,5030911,5143636
RE36503,4985034,5176903,5029934,5143658
RE36504,4985207,5177448,5031505,5143324
RE36505,4985259,5177263,5031065,5140780
RE36506,4985056,5177383,5030847,5143711
RE36507,4985174,5177156,5032225,5144126
RE36508,4984887,5177035,5032146,5144019
RE36509,4984843,5177089,5031615,5145180
ADC_LIMIT:4985935,5178139,5042482,5154990,4983439,5175378,5028858,5140780
RE36510,4984833,5177140,5031781,5145033
RE36511,4984956,5177027,5031823,5146416
RE36512,4984925,5177141,5034447,5146307
RE36513,4985239,5177156,5034739,5145534
RE36514,4985486,5177463,5034663,5146849
RE36515,4985133,5177380,5034395,5149089
RE36516,4985101,5177349,5035911,5148810
RE36517,4985198,5177144,5036850,5147776
RE36518,4984862,5177343,5035269,5148249
RE36519,4985037,5177273,5037466,5149451
RE36520,4985152,5177321,5037203,5150413
RE36521,4985020,5176991,5037428,5148646
RE36522,4985192,5177229,5038253,5150676
RE36523,4985437,5177438,5036808,5149945
RE36524,4985294,5177353,5037654,5149536
RE36525,4985190,5177415,5037436,5149102
RE36526,4985405,5177403,5038257,5150897
RE36527,4985293,5177313,5037100,5150199
ADC_LIMIT:4985935,5178139,5042482,5154990,4983439,5175378,5028858,5140780
RE36528,4985155,5177436,5037946,5151310
RE36529,4985285,5177051,5037939,5150927
RE36530,4985376,5177465,5037471,5149699
RE36531,4985259,5177590,5037393,5150781
RE36532,4985250,5177624,5038350,5150565
RE36533,4985107,5177222,5037329,5148764
RE36534,4985305,5177023,5036652,5148680
RE36535,4985323,5177059,5037584,5150797
RE36536,4985527,5177009,5036654,5147868
RE36537,4985085,5177093,5035600,5149164
RE36538,4985263,5177420,5036814,5147595
RE36539,4985174,5177267,5035575,5146982
RE36540,4985209,5177264,5034903,5146581
RE36541,4985044,5177277,5035896,5147527
RE36542,4985353,5177250,5035617,5145532
RE36543,4984966,5177462,5034848,5145356
RE36544,4985335,5177249,5034737,5145580
ADC_LIMIT:4985935,5178139,5042482,5154990,4983439,5175378,5028858,5140780
RE36545,4985293,5177253,5034506,5145326
RE36546,4985455,5177499,5033553,5145647
RE36547,4985297,5177225,5032889,5145989
RE36548,4984803,5177687,5032199,5145277
RE36549,4985264,5177349,5032049,5144414
RE36550,4985535,5177261,5032619,5144178
RE36551,4985220,5177512,5031068,5145647
RE36552,4985108,5176907,5031738,5145170
RE36553,4985193,5177089,5033225,5146334
RE36554,4985175,5177238,5031925,5143963
RE36555,4985101,5177089,5031160,5144643
RE36556,4985013,5177283,5032849,5145080
RE36557,4985030,5177159,5031390,5145338
RE36558,4985281,5177314,5031426,5146035
RE36559,4985199,5177256,5032616,5146548
RE36560,4985492,5177571,5035163,5146504
RE36561,4985396,5177039,5034643,5146670
RE36562,4985485,5177459,5034350,5147251
ADC_LIMIT:4985935,5178139,5042482,5154990,4983439,5175378,5028858,5140780
RE36563,4985472,5177345,5034379,5148068
RE36564,4985458,5177561,5034803,5148621
RE36565,4985438,5177576,5034333,5149729
RE36566,4985414,5177874,5036603,5149273
RE36567,4985468,5177851,5037686,5150332
RE36568,4985205,5177457,5036726,5149337
RE36569,4985482,5177151,5038459,5151162
RE36570,4985220,5177309,5038642,5151270
RE36571,4985390,5177291,5037725,5151279
RE36572,4985351,5177399,5038710,5150948
RE36573,4985259,5177037,5038198,5152132
RE36574,4985538,5177424,5037810,5152670
RE36575,4985290,5176889,5038644,5151562
RE36576,4985485,5177029,5037697,5151714
RE36577,4985254,5177256,5038628,5150794
RE36578,4985158,5177253,5036656,5150312
RE36579,4985310,5177103,5037462,5148218
RE36580,4985279,5177698,5035405,5150551
ADC_LIMIT:4985935,5178139,5042482,5154990,4983439,5175378,5028858,5140780
RE36581,4985113,5177052,5036650,5149486
RE36582,4984783,5177403,5036399,5149367
RE36583,4985103,5177513,5035982,5146857
RE36584,4985213,5177236,5033802,5147089
RE36585,4985183,5177276,5034283,5147530
RE36586,4984812,5177069,5034043,5145610
RE36587,4984858,5176972,5033141,5145534
RE36588,4985466,5177129,5033056,5143951
RE36589,4985101,5177218,5030619,5144486
RE36590,4985251,5177392,5031770,5144569
RE36591,4985153,5177472,5031657,5144793
RE36592,4985426,5177624,5031908,5143180
RE36593,4985068,5177115,5030251,5142598
RE36594,4985456,5177215,5029713,5142934
RE36595,4985347,5177254,5028994,5142904
RE36596,4985276,5176832,5029260,5141651
RE36597,4985175,5177217,5030805,5143801
ADC_LIMIT:4985935,5178139,5042482,5154990,4983439,5175378,5028858,5140780
RE36598,4985063,5177245,5031691,5143881
RE36599,4985288,5177363,5030680,5143557
RE36600,4985432,5176838,5031304,5144011
RE36601,4984973,5177078,5031287,5143496
RE36602,4985241,5177360,5031328,5145142
RE36603,4985172,5177485,5032484,5145281
RE36604,4985318,5177465,5033340,5146233
RE36605,4985476,5177337,5032264,5145434
RE36606,4984920,5176813,5034310,5148498
RE36607,4985241,5176916,5034350,5148844
RE36608,4985251,5177121,5034672,5150252
RE36609,4985033,5177331,5036953,5148803
RE36610,4985265,5177275,5037969,5149750
RE36611,4985247,5177318,5038104,5149940
RE36612,4985502,5176896,5038289,5150836
RE36613,4984962,5177284,5038824,5151074
RE36614,4985081,5177449,5039611,5151393
RE36615,4985119,5177199,5039702,5151748
ADC_LIMIT:4985935,5178139,5042482,5154990,4983439,5175378,5028858,5140780
RE36616,4985314,5177140,5038884,5151240
RE36617,4985046,5177135,5040193,5150938
RE36618,4985369,5177384,5039565,5151279
RE36619,4985346,5177161,5039491,5152193
RE36620,4985273,5177571,5040016,5150908
RE36621,4985043,5177310,5038797,5150215
RE36622,4985180,5177145,5039564,5151123
RE36623,4985423,5177021,5039469,5150115
RE36624,4985034,5177302,5037710,5150201
RE36625,4985286,5177200,5038398,5151201
RE36626,4985052,5177076,5037543,5150043
RE36627,4984922,5177234,5035966,5147845
RE36628,4985074,5177227,5035978,5149814
RE36629,4985052,5176937,5036144,5148144
RE36630,4984986,5177258,5033026,5146569
RE36631,4984850,5176876,5034605,5146369
RE36632,4985133,5177015,5034102,5145334
RE36633,4985207,5177201,5033624,5145910
ADC_LIMIT:4985935,5178139,5042482,5154990,4983439,5175378,5028858,5140780
RE36634,4985153,5176915,5034840,5145857
RE36635,4985032,5176531,5034464,5145510
RE36636,4984971,5177404,5032778,5145938
RE36637,4985138,5177462,5033468,5145380
RE36638,4985206,5176998,5031386,5145405
RE36639,4984923,5177339,5031619,5144684
RE36640,4985331,5177043,5031380,5144579
RE36641,4985456,5177386,5032194,5144392
RE36642,4985488,5176874,5030327,5145564
RE36643,4985152,5177150,5032086,5143962
RE36644,4985150,5177356,5032457,5144292
RE36645,4985189,5177143,5031733,5145164
RE36646,4985048,5177015,5032643,5145358
RE36647,4985101,5177181,5033750,5145021
RE36648,4985335,5177121,5033256,5145631
RE36649,4984995,5177036,5034464,5147206
RE36650,4985199,5177096,5034483,5147364
ADC_LIMIT:4985935,5178139,5042482,5154990,4983439,5175378,5028858,5140780
RE36651,4985161,5177195,5034911,5147318
RE36652,4985403,5177602,5034014,5145868
RE36653,4985361,5177418,5035525,5147020
RE36654,4985292,5177297,5034507,5147950
RE36655,4985843,5177650,5035790,5146932
RE36656,4985156,5177640,5037017,5149443
RE36657,4985317,5177747,5035379,5147678
RE36658,4985317,5177082,5037133,5149234
RE36659,4985609,5177289,5037637,5150254
RE36660,4985256,5177248,5036669,5149779
RE36661,4985489,5177396,5038206,5149665
RE36662,4985211,5176942,5038838,5150688
RE36663,4985041,5177322,5039247,5149664
RE36664,4984869,5176967,5036471,5150593
RE36665,4985271,5177297,5037837,5150324
RE36666,4985633,5177395,5037918,5149859
RE36667,4985229,5177410,5037860,5150497
RE36668,4985483,5177043,5037722,5149368
ADC_LIMIT:4985935,5178139,5042482,5154990,4983439,5175378,5028858,5140780
RE36669,4985280,5177187,5036314,5150054
RE36670,4984981,5177299,5038253,5148352
RE36671,4985310,5177358,5037643,5150678
RE36672,4985033,5177597,5037179,5149513
RE36673,4984752,5177191,5037542,5147554
RE36674,4985232,5177292,5034061,5146734
RE36675,4985365,5177153,5036557,5147232
RE36676,4984936,5177194,5035994,5145208
RE36677,4984941,5177130,5034003,5146544
RE36678,4984971,5177066,5033814,5145624
RE36679,4985048,5177339,5032602,5146009
RE36680,4985128,5177243,5031160,5145513
RE36681,4985390,5177145,5032960,5146845
RE36682,4985256,5177107,5030454,5145194
RE36683,4985141,5177190,5031655,5143408
RE36684,4985019,5177066,5031154,5144114
RE36685,4984853,5176879,5031639,5146132
RE36686,4985015,5177255,5030649,5143829
ADC_LIMIT:4985935,5178139,5042482,5154990,4983439,5175378,5028858,5140780
RE36687,4985202,5177548,5031273,5144026
RE36688,4985151,5177390,5031326,5142514
RE36689,4985219,5177566,5032857,5143216
RE36690,4985641,5177666,5032010,5144970
RE36691,4985208,5177104,5031140,5142510
RE36692,4985284,5177290,5031892,5145761
RE36693,4985221,5177285,5032669,5145058
RE36694,4985345,5177071,5032268,5145164
RE36695,4984984,5177243,5032650,5146169
RE36696,4985193,5177171,5033716,5146708
RE36697,4985130,5177176,5034807,5146326
RE36698,4985022,5177282,5034611,5149017
RE36699,4985337,5177353,5036717,5150550
RE36700,4985347,5177362,5037252,5149435
RE36701,4985073,5177363,5038188,5149766
RE36702,4985109,5177441,5037583,5150483
RE36703,4985097,5177340,5038228,5151951
ADC_LIMIT:4985935,5178139,5042482,5154990,4983439,5175378,5028858,5140780
RE36704,4985325,5177298,5040312,5150252
RE36705,4985245,5177420,5038932,5151386
RE36706,4985557,5177218,5039650,5154550
RE36707,4985060,5177207,5041080,5151576
RE36708,4984925,5177454,5039861,5153339
RE36709,4985254,5177014,5039187,5150010
RE36710,4984945,5176937,5039152,5152474
RE36711,4985202,5176724,5039759,5150748
RE36712,4984984,5176968,5039597,5150448
RE36713,4985267,5176941,5038481,5150124
RE36714,4984889,5177157,5038029,5150596
RE36715,4985122,5177184,5038022,5150521
RE36716,4985338,5177147,5038725,5150954
RE36717,4984904,5177102,5037425,5148066
RE36718,4985108,5177100,5035584,5148011
RE36719,4984882,5177291,5035347,5148803
RE36720,4985004,5177161,5034843,5148281
RE36721,4985032,5177254,5035025,5146816
ADC_LIMIT:4985935,5178139,5042482,5154990,4983439,5175378,5028858,5140780
RE36722,4985230,5177361,5033743,5146067
RE36723,4985249,5177147,5033472,5145120
RE36724,4985318,5177090,5032836,5145096
RE36725,4985007,5177136,5033182,5145178
RE36726,4985178,5177266,5032687,5144655
RE36727,4985188,5177217,5030950,5143627
RE36728,4985270,5176913,5031303,5143036
RE36729,4985395,5177156,5030546,5144030
RE36730,4985268,5177343,5031452,5142936
RE36731,4985146,5177080,5029816,5144607
RE36732,4985042,5177131,5032156,5143336
RE36733,4984808,5177233,5031656,5143973
RE36734,4985329,5177417,5032298,5144957
RE36735,4985193,5177355,5031633,5143783
RE36736,4984825,5177072,5032219,5145666
RE36737,4985240,5177340,5031228,5144785
RE36738,4985188,5176991,5032558,5145132
RE36739,4985222,5177421,5033471,5144232
ADC_LIMIT:4985935,5178139,5042482,5154990,4983439,5175378,5028858,5140780
RE36740,4985054,5177392,5032686,5146379
RE36741,4985266,5177508,5033095,5146688
RE36742,4985251,5177187,5034129,5146046
RE36743,4985141,5177010,5034131,5146962
RE36744,4985066,5177161,5034949,5147937
RE36745,4985044,5176918,5035427,5149118
RE36746,4985016,5177346,5036776,5147183
RE36747,4985365,5177437,5037964,5148473
RE36748,4985491,5177302,5036726,5149260
RE36749,4985069,5177433,5035550,5148364
RE36750,4985560,5177360,5037212,5149602
RE36751,4985022,5177474,5037110,5148642
RE36752,4985086,5176917,5037837,5149306
RE36753,4985469,5177616,5036058,5149192
RE36754,4985180,5177094,5037653,5150655
RE36755,4985139,5177350,5037650,5151051
RE36756,4985164,5177572,5037151,5150992
ADC_LIMIT:4985935,5178139,5042482,5154990,4983439,5175378,5028858,5140780
RE36757,4985366,5177039,5036938,5150997
RE36758,4984957,5177028,5038083,5149064
RE36759,4985241,5177196,5037167,5150646
RE36760,4985087,5177297,5038473,5149699
RE36761,4985227,5177147,5037192,5149391
RE36762,4985258,5177228,5037101,5147009
RE36763,4985434,5177022,5037497,5147422
RE36764,4985249,5177012,5035873,5148661
RE36765,4985096,5177172,5035213,5148492
RE36766,4985249,5177449,5035000,5147671
RE36767,4984873,5177240,5034726,5146936
RE36768,4985104,5177546,5033764,5145984
RE36769,4985210,5177256,5033575,5146899
RE36770,4985312,5177645,5034656,5146781
RE36771,4985467,5177466,5031940,5146444
RE36772,4985093,5177638,5033359,5144438
RE36773,4985175,5177548,5033875,5145315
RE36774,4985064,5177347,5031526,5145566
ADC_LIMIT:4985935,5178139,5042482,5154990,4983439,5175378,5028858,5140780
RE36775,4985384,5177237,5031679,5144592
RE36776,4985320,5177278,5031892,5144973
RE36777,4985215,5177223,5031669,5145750
RE36778,4985217,5177352,5033333,5143966
RE36779,4985199,5177455,5031081,5144234
RE36780,4985101,5177199,5030740,5145278
RE36781,4984927,5177081,5032435,5144274
RE36782,4985228,5176948,5032033,5144695
RE36783,4985034,5177380,5033043,5144963
RE36784,4985204,5177280,5032337,5144032
RE36785,4985199,5176996,5032484,5143856
RE36786,4985159,5177081,5031288,5145444
RE36787,4985354,5177564,5031930,5145359
RE36788,4985128,5177029,5033039,5145494
RE36789,4985113,5177213,5034894,5146251
RE36790,4985338,5177109,5034976,5146932
RE36791,4985429,5177397,5034410,5147672
RE36792,4984982,5177212,5034091,5148663
ADC_LIMIT:4985935,5178139,5042482,5154990,4983439,5175378,5028858,5140780
RE36793,4985325,5177320,5034439,5147872
RE36794,4985438,5177266,5036366,5149233
RE36795,4985296,5177436,5036080,5150116
RE36796,4985228,5177504,5037763,5150332
RE36797,4985223,5177177,5037673,5149598
RE36798,4985168,5177064,5038282,5149751
RE36799,4984972,5177589,5037977,5150610
RE36800,4985266,5177381,5038578,5152476
RE36801,4985319,5177234,5036991,5149835
RE36802,4984961,5177166,5036288,5149400
RE36803,4985043,5177144,5037100,5149900
RE36804,4984773,5177134,5036764,5150638
RE36805,4984984,5176864,5036843,5148568
RE36806,4985075,5177043,5036904,5150636
RE36807,4984879,5177102,5036948,5149491
RE36808,4985183,5176849,5036257,5149497
RE36809,4985046,5177247,5035824,5148623
ADC_LIMIT:4985935,5178139,5042482,5154990,4983439,5175378,5028858,5140780
RE36810,4985299,5177407,5035158,5147021
RE36811,4985020,5176936,5035349,5147865
RE36812,4985209,5177087,5034212,5145635
RE36813,4985260,5177239,5034386,5146231
RE36814,4985131,5176990,5033519,5145500
RE36815,4984893,5176753,5033340,5146154
RE36816,4985270,5177028,5033387,5144427
RE36817,4984851,5176889,5031265,5143481
RE36818,4985193,5176899,5030441,5142720
RE36819,4985156,5177178,5031195,5142871
RE36820,4985189,5177276,5031054,5143128
RE36821,4985038,5177524,5031071,5141421
RE36822,4985107,5177243,5030221,5141959
RE36823,4984717,5177443,5030332,5142311
RE36824,4985289,5177175,5028677,5142633
RE36825,4985283,5177288,5030795,5144215
RE36826,4984967,5177117,5031056,5142962
RE36827,4984957,5177442,5028900,5144771
ADC_LIMIT:4985935,5178139,5042482,5154990,4983439,5175378,5028677,5140780
RE36828,4985183,5177246,5032531,5144258
RE36829,4985023,5177281,5029891,5143011
RE36830,4985211,5177068,5032638,5146473
RE36831,4985236,5177194,5033227,5143643
RE36832,4985012,5177372,5032384,5147107
RE36833,4984815,5177111,5034342,5145959
RE36834,4985370,5177223,5033607,5147495
RE36835,4985090,5176845,5034777,5148302
RE36836,4985046,5177173,5035918,5148073
RE36837,4985156,5177183,5036691,5149390
RE36838,4985205,5177298,5037344,5149568
RE36839,4984785,5177266,5037261,5150213
RE36840,4984956,5177156,5037259,5150724
RE36841,4985016,5177298,5039271,5149778
RE36842,4984898,5177255,5037935,5151954
RE36843,4985003,5177362,5039548,5150040
RE36844,4985042,5177241,5038935,5151760
RE36845,4984688,5176936,5038897,5151411
ADC_LIMIT:4985935,5178139,5042482,5154990,4983439,5175378,5028677,5140780
RE36846,4984962,5177013,5037300,5152256
RE36847,4985103,5177228,5037740,5150885
RE36848,4985019,5177051,5038852,5151562
RE36849,4984894,5177092,5037155,5151534
RE36850,4985408,5177203,5037866,5149621
RE36851,4985100,5177161,5037544,5150442
RE36852,4984706,5176861,5037115,5148321
RE36853,4985386,5176968,5037744,5149207
RE36854,4984877,5176984,5036677,5148060
RE36855,4985308,5177364,5035211,5147182
RE36856,4985372,5177228,5035820,5148577
RE36857,4985152,5176910,5034642,5146437
RE36858,4985301,5177293,5034739,5146377
RE36859,4985393,5177353,5032941,5146683
RE36860,4985151,5177292,5032776,5145028
RE36861,4985091,5177292,5032407,5145606
RE36862,4985096,5177385,5032724,5145090
ADC_LIMIT:4985935,5178139,5042482,5154990,4983439,5175378,5028677,5140780
RE36863,4984946,5177359,5032480,5144108
RE36864,4984993,5177212,5031895,5144503
RE36865,4985166,5177227,5032512,5143912
RE36866,4985127,5177104,5032166,5143304
RE36867,4984945,5176916,5032470,5143615
RE36868,4985099,5176898,5029752,5144607
RE36869,4984812,5176643,5030391,5143963
RE36870,4985330,5177183,5031336,5144135
RE36871,4985142,5177229,5030942,5144470
RE36872,4984936,5177028,5031253,5143870
RE36873,4985219,5177083,5030019,5144692
RE36874,4985243,5177357,5030694,5143587
RE36875,4985215,5177231,5032034,5144093
RE36876,4985271,5177167,5032088,5144895
RE36877,4985296,5177003,5031258,5145097
RE36878,4985154,5177127,5032688,5146214
RE36879,4984879,5177431,5032457,5145720
RE36880,4984975,5177679,5034048,5145437
ADC_LIMIT:4985935,5178139,5042482,5154990,4983439,5175378,5028677,5140780
RE36881,4985119,5176978,5034436,5147424
RE36882,4984855,5177223,5034625,5148804
RE36883,4985074,5177168,5033876,5147012
RE36884,4985119,5177177,5035969,5149083
RE36885,4985011,5177100,5036734,5149102
RE36886,4984815,5176955,5035883,5148652
RE36887,4985247,5176619,5036143,5149550
RE36888,4985083,5176932,5037728,5148626
RE36889,4985041,5177403,5036431,5150062
RE36890,4984675,5177275,5037966,5150322
RE36891,4985059,5177132,5036987,5151095
RE36892,4985102,5177288,5037799,5149951
RE36893,4984977,5177181,5036579,5150047
RE36894,4985049,5177019,5036932,5152193
RE36895,4985183,5177049,5038137,5151178
RE36896,4985098,5177334,5038082,5150159
RE36897,4984928,5177298,5038452,5150166
RE36898,4985051,5177104,5037401,5149614
ADC_LIMIT:4985935,5178139,5042482,5154990,4983439,5175378,5028677,5140780
RE36899,4985098,5177325,5035992,5149765
RE36900,4984831,5176949,5037074,5149627
RE36901,4984843,5177106,5036850,5148364
RE36902,4985181,5176974,5037061,5148653
RE36903,4984867,5177206,5033775,5146022
RE36904,4985017,5176920,5034786,5146521
RE36905,4985397,5177274,5033298,5145784
RE36906,4985246,5177266,5033381,5145007
RE36907,4985122,5177268,5032733,5144493
RE36908,4985071,5177189,5031395,5144392
RE36909,4984958,5177234,5031850,5145208
RE36910,4985151,5177314,5030411,5143474
RE36911,4984933,5177213,5030909,5143469
RE36912,4985648,5177060,5030053,5141800
RE36913,4985300,5177434,5029228,5142525
RE36914,4985147,5177353,5029822,5143005
RE36915,4985150,5176991,5031214,5142790
ADC_LIMIT:4985935,5178139,5042482,5154990,4983439,5175378,5028677,5140780
RE36916,4984814,5177088,5030657,5142990
RE36917,4985111,5177370,5030795,5142675
RE36918,4985442,5177398,5030425,5142652
RE36919,4985286,5177596,5029850,5143358
RE36920,4985137,5177193,5029923,5143493
RE36921,4985477,5177091,5030710,5144809
RE36922,4985254,5177472,5032885,5144332
RE36923,4985071,5177265,5034365,5144460
RE36924,4985370,5176852,5034134,5146100
RE36925,4984942,5177307,5033300,5146838
RE36926,4985258,5177651,5034775,5147398
RE36927,4985336,5177605,5036785,5147956
RE36928,4985468,5177126,5035541,5148106
RE36929,4985145,5177541,5036614,5149522
RE36930,4985331,5177449,5037144,5150112
RE36931,4985450,5177445,5037669,5150476
RE36932,4985253,5177129,5037064,5150718
RE36933,4985139,5177661,5037690,5150462
ADC_LIMIT:4985935,5178139,5042482,5154990,4983439,5175378,5028677,5140780
RE36934,4985434,5177458,5038653,5151521
RE36935,4985198,5177329,5038781,5151398
RE36936,4984995,5177661,5038912,5151469
RE36937,4985461,5177149,5038916,5152097
RE36938,4985362,5177652,5039387,5150590
RE36939,4985446,5177365,5038231,5151948
RE36940,4985392,5177241,5038633,5150255
RE36941,4985403,5177488,5039014,5150143
RE36942,4985132,5177433,5038994,5151365
RE36943,4985327,5177457,5037967,5148878
RE36944,4985197,5177161,5037576,5149538
RE36945,4985286,5177566,5036202,5147554
RE36946,4984999,5177238,5035962,5147071
RE36947,4984848,5177240,5035169,5147723
RE36948,4984869,5177331,5034461,5147348
RE36949,4985436,5177532,5034000,5145139
RE36950,4985355,5176975,5032865,5145211
RE36951,4985147,5177197,5033131,5144993
ADC_LIMIT:4985935,5178139,5042482,5154990,4983439,5175378,5028677,5140780
RE36952,4985328,5177205,5031925,5143187
RE36953,4985145,5177406,5031656,5144626
RE36954,4984949,5177272,5032561,5143143
RE36955,4985032,5177151,5030415,5142600
RE36956,4984822,5177449,5031332,5142921
RE36957,4985011,5176820,5031536,5143216
RE36958,4984825,5176960,5031162,5141253
RE36959,4984935,5177578,5030142,5142400
RE36960,4985312,5177400,5030807,5142995
RE36961,4985393,5177534,5030939,5144479
RE36962,4985342,5177469,5032002,5143517
RE36963,4985248,5177158,5029955,5143758
RE36964,4985058,5177438,5030231,5143896
RE36965,4984965,5177372,5033123,5142374
RE36966,4985624,5177340,5032313,5143706
RE36967,4985414,5177457,5032127,5146040
RE36968,4985128,5177311,5031681,5146195
ADC_LIMIT:4985935,5178139,5042482,5154990,4983439,5175378,5028677,5140780
RE36969,4985040,5177381,5034597,5146567
RE36970,4985300,5177212,5033917,5148030
RE36971,4984956,5177325,5034993,5147800
RE36972,4985272,5177254,5035946,5148240
RE36973,4985246,5177054,5036861,5147764
RE36974,4985258,5177297,5036102,5147628
RE36975,4985470,5177023,5036160,5148665
RE36976,4985239,5177290,5036821,5148731
RE36977,4984945,5177572,5037387,5149561
RE36978,4985354,5177333,5037414,5150537
RE36979,4985278,5177304,5037866,5150418
RE36980,4984997,5177233,5037348,5151163
RE36981,4985390,5177121,5036857,5151192
RE36982,4985034,5176913,5038312,5150663
RE36983,4984927,5177202,5036065,5148158
RE36984,4985040,5177141,5036417,5148697
RE36985,4985199,5177185,5035531,5149818
RE36986,4985134,5177187,5035509,5151046
ADC_LIMIT:4985935,5178139,5042482,5154990,4983439,5175378,5028677,5140780
RE36987,4985105,5177040,5037571,5148502
RE36988,4984717,5177003,5035471,5148981
RE36989,4985088,5177147,5035456,5148747
RE36990,4985071,5177162,5034567,5149931
RE36991,4985197,5177186,5036754,5148057
RE36992,4985103,5177074,5037239,5149604
RE36993,4985013,5177307,5034416,5147616
RE36994,4985212,5177108,5034875,5148036
RE36995,4985037,5177263,5035481,5147940
RE36996,4984806,5177311,5033441,5146664
RE36997,4984986,5177104,5034536,5147125
RE36998,4985117,5177105,5034729,5146587
RE36999,4984842,5177145,5034869,5146653
RE37000,4985020,5177183,5032975,5146673
RE37001,4985249,5177122,5034445,5146038
RE37002,4985105,5177270,5032391,5146515
RE37003,4984890,5177301,5032799,5145052
RE37004,4984967,5177261,5032980,5144367
ADC_LIMIT:4985935,5178139,5042482,5154990,4983439,5175378,5028677,5140780
RE37005,4985072,5177224,5032217,5145683
RE37006,4984911,5177208,5031426,5144242
RE37007,4985133,5177182,5031940,5145697
RE37008,4985174,5176990,5032002,5143097
RE37009,4984855,5176993,5031305,5143715
RE37010,4984968,5176932,5032198,5144006
RE37011,4985186,5177051,5031161,5145646
RE37012,4984941,5177031,5032169,5145183
RE37013,4985224,5177048,5033124,5144979
RE37014,4985196,5176974,5032453,5144596
RE37015,4985103,5177341,5032195,5146422
RE37016,4984972,5177298,5031741,5145843
RE37017,4985168,5177185,5033644,5147561
RE37018,4984700,5176996,5034792,5146973
RE37019,4984957,5176998,5034842,5147518
RE37020,4985239,5177387,5034007,5148333
RE37021,4985101,5177370,5036023,5148789
ADC_LIMIT:4985935,5178139,5042482,5154990,4983439,5175378,5028677,5140780
RE37022,4985131,5177322,5036161,5149256
RE37023,4984894,5176956,5037215,5149104
RE37024,4985298,5177394,5038372,5150312
RE37025,4985135,5177379,5037661,5149336
RE37026,4985044,5177341,5037997,5152002
RE37027,4984611,5177144,5038571,5150838
RE37028,4985077,5177183,5036993,5151417
RE37029,4985023,5177305,5039811,5150476
RE37030,4985226,5176976,5039020,5150585
RE37031,4984877,5177406,5038714,5151260
RE37032,4985127,5177039,5037607,5149915
RE37033,4984969,5177295,5038953,5151361
RE37034,4984871,5177134,5036542,5148801
RE37035,4985002,5177019,5037160,5148656
RE37036,4984977,5177092,5036476,5149799
RE37037,4984791,5177233,5035655,5148007
RE37038,4984857,5177217,5035552,5147492
RE37039,4984529,5176895,5035559,5148615
ADC_LIMIT:4985935,5178139,5042482,5154990,4983439,5175378,5028677,5140780
RE37040,4985060,5177010,5033151,5146486
RE37041,4984954,5176941,5035008,5148069
RE37042,4984982,5177347,5032607,5145339
RE37043,4984967,5177044,5033049,5145968
RE37044,4984694,5177295,5032515,5144653
RE37045,4985050,5177098,5032873,5144414
RE37046,4985343,5177072,5032508,5143089
RE37047,4985036,5177329,5029994,5144112
RE37048,4985101,5177441,5030207,5142872
RE37049,4985301,5177525,5030346,5143699
RE37050,4985322,5177620,5030224,5142433
RE37051,4985030,5177253,5029338,5143002
RE37052,4985288,5177451,5030149,5142611
RE37053,4984911,5177203,5029445,5142874
RE37054,4985140,5177391,5031044,5143233
RE37055,4985439,5177340,5031692,5144348
RE37056,4984891,5177467,5031998,5144498
RE37057,4985084,5177513,5030683,5144909
ADC_LIMIT:4985935,5178139,5042482,5154990,4983439,5175378,5028677,5140780
RE37058,4985446,5177304,5031919,5145931
RE37059,4985207,5177705,5030649,5143942
RE37060,4985248,5177354,5032924,5146416
RE37061,4985183,5177332,5033762,5147769
RE37062,4984965,5177012,5033444,5146017
RE37063,4984850,5176977,5034934,5148212
RE37064,4985133,5176964,5035441,5148691
RE37065,4985010,5177532,5036059,5148660
RE37066,4984893,5177161,5036827,5149540
RE37067,4985066,5177057,5036579,5150391
RE37068,4985259,5177350,5037496,5150231
RE37069,4984810,5177194,5037893,5150283
RE37070,4985089,5177215,5038764,5151913
RE37071,4985047,5177361,5038325,5151414
RE37072,4984773,5177226,5038407,5151752
RE37073,4984795,5177079,5038267,5150624
RE37074,4984816,5177173,5038674,5152679
ADC_LIMIT:4985935,5178139,5042482,5154990,4983439,5175378,5028677,5140780
RE37075,4984890,5177129,5038656,5151737
RE37076,4984844,5177395,5039498,5151418
RE37077,4985283,5177133,5038607,5151738
RE37078,4984978,5176962,5037729,5150315
RE37079,4985200,5176928,5038899,5151154
RE37080,4984908,5177252,5036373,5151598
RE37081,4985280,5177291,5036914,5150525
RE37082,4985061,5177159,5037435,5149084
RE37083,4985180,5177090,5036210,5148405
RE37084,4985097,5177237,5035588,5148161
RE37085,4985225,5177269,5035099,5146411
RE37086,4985047,5177789,5035415,5147279
RE37087,4985087,5177194,5034394,5147483
RE37088,4985061,5177213,5033684,5146057
RE37089,4985033,5177321,5033015,5144839
RE37090,4985005,5177360,5032861,5144909
RE37091,4985125,5177158,5033122,5143916
RE37092,4985285,5177261,5031939,5144616
ADC_LIMIT:4985935,5178139,5042482,5154990,4983439,5175378,5028677,5140780
RE37093,4984825,5177235,5032134,5145316
RE37094,4985135,5176965,5031775,5144794
RE37095,4984933,5177256,5032716,5144145
RE37096,4985157,5177257,5031345,5144559
RE37097,4985192,5176828,5031187,5142620
RE37098,4985107,5177200,5030370,5143729
RE37099,4985233,5176990,5031700,5144700
RE37100,4985047,5177358,5031482,5143650
RE37101,4985239,5176972,5030321,5146754
RE37102,4984986,5177290,5032074,5144611
RE37103,4985184,5177026,5032487,5145124
RE37104,4985365,5177403,5031607,5145768
RE37105,4985278,5177427,5031191,5146137
RE37106,4985321,5177285,5033550,5145961
RE37107,4985422,5177298,5032354,5147045
RE37108,4985066,5177421,5033519,5146176
RE37109,4985331,5177430,5034146,5147733
RE37110,4985360,5177207,5033962,5147914
ADC_LIMIT:4985935,5178139,5042482,5154990,4983439,5175378,5028677,5140780
RE37111,4985067,5177353,5034762,5145517
RE37112,4984839,5177307,5034684,5147415
RE37113,4985014,5177235,5034806,5148906
RE37114,4985289,5177215,5035133,5148421
RE37115,4985152,5176964,5036934,5149266
RE37116,4985151,5177059,5037789,5150316
RE37117,4985008,5177132,5038087,5150472
RE37118,4985119,5177253,5038163,5151338
RE37119,4984980,5177294,5037964,5151746
RE37120,4985106,5177454,5039642,5152410
RE37121,4984745,5177283,5038466,5149860
RE37122,4984947,5177156,5038728,5151690
RE37123,4985038,5176988,5037596,5150084
RE37124,4984642,5177044,5036635,5149543
RE37125,4984473,5176929,5038913,5150089
RE37126,4984984,5177102,5038146,5149691
RE37127,4984881,5177071,5036931,5150312
ADC_LIMIT:4985935,5178139,5042482,5154990,4983439,5175378,5028677,5140780
RE37128,4984893,5176850,5035615,5149164
RE37129,4984631,5176908,5036578,5148946
RE37130,4984858,5176877,5036400,5148523
RE37131,4984781,5177133,5035213,5144863
RE37132,4984815,5176966,5033708,5146505
RE37133,4985276,5177090,5033776,5144856
RE37134,4985085,5177181,5033257,5146404
RE37135,4984906,5177166,5032313,5145508
RE37136,4985057,5177010,5033187,5146310
RE37137,4984810,5176940,5032510,5143661
RE37138,4984948,5176939,5033494,5145264
RE37139,4985309,5177355,5030152,5142974
RE37140,4984856,5177258,5031268,5143675
RE37141,4985034,5177093,5031327,5142880
RE37142,4985081,5177202,5030790,5142792
RE37143,4985151,5177217,5030570,5143926
RE37144,4985225,5176973,5030769,5141902
RE37145,4985148,5176974,5031241,5143152
ADC_LIMIT:4985935,5178139,5042482,5154990,4983439,5175378,5028677,5140780
RE37146,4984985,5177173,5031432,5143387
RE37147,4985082,5177405,5031473,5145625
RE37148,4984916,5177048,5031892,5144114
RE37149,4985171,5177134,5034351,5143635
RE37150,4985064,5177084,5032851,5147657
RE37151,4984876,5176876,5032483,5146457
RE37152,4985195,5177273,5034030,5146651
RE37153,4985011,5177177,5033492,5147907
RE37154,4985331,5177399,5034487,5148473
RE37155,4985184,5177297,5035772,5148427
RE37156,4985066,5177089,5036325,5149037
RE37157,4985081,5177183,5037162,5149566
RE37158,4985165,5176950,5035160,5149840
RE37159,4984737,5177060,5038017,5149394
RE37160,4985002,5177262,5038177,5151227
RE37161,4984938,5177260,5037888,5150691
RE37162,4985095,5177777,5037465,5151530
RE37163,4985185,5177090,5039122,5151368
ADC_LIMIT:4985935,5178139,5042482,5154990,4983439,5175378,5028677,5140780
RE37164,4985001,5177117,5038655,5151652
RE37165,4985187,5177290,5037553,5151689
RE37166,4984796,5177155,5039020,5150900
RE37167,4984829,5177021,5040920,5151684
RE37168,4985031,5176959,5036912,5150278
RE37169,4985047,5177012,5038506,5150299
RE37170,4985045,5177002,5038222,5148942
RE37171,4984736,5176812,5036503,5149672
RE37172,4985207,5177121,5036604,5150240
RE37173,4984475,5176622,5036209,5148793
RE37174,4984972,5176784,5036925,5147897
RE37175,4984831,5176880,5035382,5148122
RE37176,4985139,5176942,5032753,5145781
RE37177,4984922,5177037,5034819,5146806
RE37178,4984883,5177351,5033931,5145083
RE37179,4985263,5177084,5034355,5145357
RE37180,4984695,5176728,5031919,5144296
ADC_LIMIT:4985935,5178139,5042482,5154990,4983439,5175378,5028677,5140780
RE37181,4985167,5176992,5030626,5145834
RE37182,4984848,5177221,5031822,5145338
RE37183,4985086,5176815,5031893,5143590
RE37184,4984803,5177002,5031624,5142958
RE37185,4985109,5177412,5032023,5143465
RE37186,4985027,5177208,5029945,5143529
RE37187,4985345,5177415,5031517,5143474
RE37188,4984920,5177319,5031716,5144115
RE37189,4984895,5177454,5031132,5143397
RE37190,4985227,5176992,5030538,5145011
RE37191,4985062,5176854,5031906,5143955
RE37192,4985528,5177104,5031025,5144025
RE37193,4984787,5177446,5032506,5143755
RE37194,4985016,5177043,5032312,5145999
RE37195,4985196,5177312,5034168,5146599
RE37196,4985521,5177262,5033951,5145886
RE37197,4985094,5176978,5032698,5146079
RE37198,4985393,5176973,5035311,5147804
ADC_LIMIT:4985935,5178139,5042482,5154990,4983439,5175378,5028677,5140780
RE37199,4984989,5177342,5036281,5147857
RE37200,4985152,5177169,5036920,5148009
RE37201,4984883,5177275,5036493,5147623
RE37202,4984924,5177016,5035579,5148039
RE37203,4985049,5177018,5034724,5149144
RE37204,4985074,5177142,5037549,5148600
RE37205,4985077,5177265,5036157,5149140
RE37206,4985202,5177262,5037851,5150632
RE37207,4985159,5177517,5037854,5150230
RE37208,4985036,5177333,5037405,5150742
RE37209,4985003,5177220,5038353,5150417
RE37210,4985359,5177414,5038028,5150373
RE37211,4985313,5177446,5037482,5151256
RE37212,4985131,5177301,5037531,5149442
RE37213,4985413,5177447,5035845,5147496
RE37214,4984825,5177260,5036045,5150040
RE37215,4985186,5177167,5037837,5149764
RE37216,4984860,5177389,5038978,5150712
ADC_LIMIT:4985935,5178139,5042482,5154990,4983439,5175378,5028677,5140780
RE37217,4985204,5177452,5037590,5149988
RE37218,4985061,5177139,5036175,5148736
RE37219,4984999,5176972,5035821,5148657
RE37220,4985587,5176790,5036648,5148168
RE37221,4985172,5176717,5037094,5148440
RE37222,4984881,5177199,5035327,5148684
RE37223,4985440,5177601,5034916,5149087
RE37224,4985108,5177473,5035754,5148213
RE37225,4984802,5177243,5034490,5147708
RE37226,4985158,5177482,5035511,5145721
RE37227,4985185,5177743,5034099,5144992
RE37228,4985156,5177276,5033536,5146709
RE37229,4985352,5177101,5032962,5145660
RE37230,4984947,5177392,5032766,5144193
RE37231,4985003,5177559,5032983,5146456
RE37232,4984901,5177214,5034098,5146483
RE37233,4985182,5177216,5031894,5145260
ADC_LIMIT:4985935,5178139,5042482,5154990,4983439,5175378,5028677,5140780
RE37234,4985294,5177505,5032238,5145583
RE37235,4985206,5177304,5033665,5145936
RE37236,4984848,5177218,5032205,5145751
RE37237,4985256,5177189,5033327,5143230
RE37238,4985226,5177311,5033130,5146288
RE37239,4985002,5177032,5032610,5144678
RE37240,4985142,5177279,5033659,5145382
RE37241,4985317,5177525,5033035,5145568
RE37242,4984892,5177304,5035015,5146056
RE37243,4984834,5177211,5033766,5145105
RE37244,4985561,5177305,5032663,5147888
RE37245,4985060,5177177,5033897,5148102
RE37246,4985445,5177301,5034926,5149344
RE37247,4985172,5177527,5036876,5147582
RE37248,4985106,5177026,5035432,5149315
RE37249,4985302,5177406,5035271,5148483
RE37250,4985148,5177370,5036100,5149076
RE37251,4985006,5177374,5037422,5149625
ADC_LIMIT:4985935,5178139,5042482,5154990,4983439,5175378,5028677,5140780
RE37252,4985236,5177585,5037089,5150214
RE37253,4984809,5177255,5036903,5150172
RE37254,4984978,5176964,5036647,5151282
RE37255,4985159,5177020,5038928,5149340
RE37256,4985188,5176989,5039024,5148713
RE37257,4984716,5177210,5038519,5152168
RE37258,4985148,5177210,5037788,5150946
RE37259,4984934,5177350,5038623,5151180
RE37260,4985222,5177321,5038131,5150870
RE37261,4985112,5177341,5038488,5150758
RE37262,4984921,5177431,5037233,5149102
RE37263,4984868,5177024,5037554,5149534
RE37264,4985089,5177239,5038407,5149866
RE37265,4985024,5177112,5035965,5148701
RE37266,4985138,5177490,5037466,5147907
RE37267,4985354,5177305,5033856,5146628
RE37268,4985115,5177274,5035810,5146336
RE37269,4985199,5177397,5033634,5146062
ADC_LIMIT:4985935,5178139,5042482,5154990,4983439,5175378,5028677,5140780
RE37270,4985217,5177438,5035075,5146600
RE37271,4985601,5177364,5034212,5145542
RE37272,4985240,5177616,5031444,5145469
RE37273,4985091,5176982,5032936,5143248
RE37274,4985096,5177217,5029905,5142968
RE37275,4985155,5177263,5031912,5143365
RE37276,4985047,5177206,5031050,5143304
RE37277,4985121,5177055,5030468,5143275
RE37278,4985271,5177378,5030391,5143160
RE37279,4985106,5177371,5030195,5142444
RE37280,4985034,5176959,5031329,5142887
RE37281,4985560,5177331,5030562,5143236
RE37282,4985393,5177359,5030647,5144034
RE37283,4985329,5177712,5031389,5145247
RE37284,4985572,5177566,5031589,5144608
RE37285,4985275,5177420,5031619,5146681
RE37286,4985354,5177353,5033010,5146102
ADC_LIMIT:4985935,5178139,5042482,5154990,4983439,5175378,5028677,5140780
RE37287,4984996,5177530,5034112,5145704
RE37288,4985128,5177336,5034136,5146890
RE37289,4985468,5177341,5034274,5147758
RE37290,4985220,5177252,5035372,5148294
RE37291,4985116,5177121,5035591,5150156
RE37292,4985318,5177308,5036151,5148305
RE37293,4985164,5177211,5035322,5149680
RE37294,4985039,5177313,5036887,5149084
RE37295,4985007,5177343,5036819,5150887
RE37296,4985018,5177060,5039164,5150228
RE37297,4985021,5177348,5038831,5150126
RE37298,4985101,5177404,5038598,5150943
RE37299,4985153,5177389,5039035,5151684
RE37300,4985113,5177407,5040113,5152024
RE37301,4984992,5177247,5038208,5152401
RE37302,4985269,5177272,5038214,5150791
RE37303,4984990,5177548,5038075,5153282
RE37304,4985114,5177275,5040598,5150659
ADC_LIMIT:4985935,5178139,5042482,5154990,4983439,5175378,5028677,5140780
RE37305,4985112,5177423,5038430,5150827
RE37306,4985128,5177347,5037718,5149390
RE37307,4985029,5177025,5038452,5149204
RE37308,4985131,5177303,5036512,5149874
RE37309,4984765,5176973,5037767,5148264
RE37310,4984829,5177232,5036885,5148100
RE37311,4985398,5176920,5036221,5149158
RE37312,4984877,5176808,5035723,5147481
RE37313,4985123,5176995,5035045,5148060
RE37314,4984885,5177358,5035587,5146802
RE37315,4984832,5176776,5033336,5146638
RE37316,4985234,5177056,5033978,5147399
RE37317,4984862,5177080,5033919,5145103
RE37318,4984676,5177292,5032008,5145150
RE37319,4985127,5177185,5032803,5145869
RE37320,4984836,5177404,5032404,5145487
RE37321,4984766,5177475,5032645,5144920
RE37322,4984927,5177287,5030952,5144567
ADC_LIMIT:4985935,5178139,5042482,5154990,4983439,5175378,5028677,5140780
RE37323,4985305,5177366,5032342,5144028
RE37324,4984765,5177209,5031935,5143977
RE37325,4985122,5176881,5031570,5145379
RE37326,4985289,5177020,5031276,5144795
RE37327,4984825,5176995,5031464,5145238
RE37328,4985164,5177411,5030646,5144327
RE37329,4985383,5177463,5033392,5144293
RE37330,4985437,5177271,5032290,5145687
RE37331,4985165,5177273,5032659,5146207
RE37332,4985028,5177259,5032594,5145989
RE37333,4985149,5177461,5034116,5146439
RE37334,4985147,5177629,5033489,5146076
RE37335,4985229,5177300,5035072,5146820
RE37336,4985346,5177485,5034432,5147053
RE37337,4985394,5177515,5034185,5147082
RE37338,4985105,5177533,5034118,5147262
RE37339,4985462,5177250,5036292,5147501
ADC_LIMIT:4985935,5178139,5042482,5154990,4983439,5175378,5028677,5140780
RE37340,4985289,5177455,5034438,5148113
RE37341,4985052,5177423,5035714,5149286
RE37342,4985328,5177308,5036958,5148954
RE37343,4984988,5177127,5036145,5149116
RE37344,4985024,5176730,5037330,5150184
RE37345,4984964,5176739,5036578,5150836
RE37346,4984863,5177098,5037449,5151982
RE37347,4984975,5177134,5037544,5151729
RE37348,4984952,5177192,5039065,5151145
RE37349,4984822,5177222,5038411,5150298
RE37350,4984869,5177172,5036939,5150138
RE37351,4984599,5177084,5038393,5149597
RE37352,4984955,5176838,5037816,5150044
RE37353,4985009,5177039,5038347,5151069
RE37354,4984841,5177356,5038391,5150735
RE37355,4984985,5177240,5036410,5149116
RE37356,4984784,5177432,5036467,5148517
RE37357,4985064,5177654,5035474,5149268
ADC_LIMIT:4985935,5178139,5042482,5154990,4983439,5175378,5028677,5140780
RE37358,4985232,5177593,5037002,5149703
RE37359,4985130,5177532,5036744,5147373
RE37360,4985269,5177128,5035238,5147277
RE37361,4984900,5177141,5034532,5146432
RE37362,4984729,5176982,5033271,5146033
RE37363,4985326,5177111,5033253,5145571
RE37364,4984942,5177575,5032437,5145806
RE37365,4985113,5177155,5031885,5143996
RE37366,4985226,5177249,5031807,5145311
RE37367,4985230,5177251,5032314,5144742
RE37368,4984899,5177492,5031981,5144221
RE37369,4985200,5177345,5030438,5143722
RE37370,4985001,5177158,5031850,5144486
RE37371,4985039,5177270,5031399,5144536
RE37372,4984911,5177546,5029652,5144093
RE37373,4985485,5177416,5031529,5143811
RE37374,4985460,5177610,5031253,5144121
RE37375,4985254,5177289,5030398,5144653
ADC_LIMIT:4985935,5178139,5042482,5154990,4983439,5175378,5028677,5140780
RE37376,4985305,5177147,5032200,5144218
RE37377,4985335,5177346,5033353,5145075
RE37378,4985218,5177549,5031681,5145263
RE37379,4985600,5177072,5034401,5145948
RE37380,4985354,5177285,5033784,5148335
RE37381,4985237,5177338,5033914,5146163
RE37382,4984913,5177571,5035135,5149206
RE37383,4985279,5177543,5035388,5150281
RE37384,4985119,5177439,5036637,5150251
RE37385,4985119,5177370,5037236,5149942
RE37386,4984947,5177232,5037790,5150110
RE37387,4984958,5177319,5039097,5151323
RE37388,4984877,5177246,5038485,5151850
RE37389,4985039,5177214,5039551,5151073
RE37390,4985025,5176934,5038699,5150614
RE37391,4984754,5177076,5039126,5152683
RE37392,4984974,5177251,5038648,5150694
ADC_LIMIT:4985935,5178139,5042482,5154990,4983439,5175378,5028677,5140780
RE37393,4984658,5177634,5038123,5153234
RE37394,4985154,5177139,5039689,5150706
RE37395,4985025,5177593,5039448,5151455
RE37396,4985042,5177062,5039012,5150672
RE37397,4984974,5176953,5037672,5150331
RE37398,4984911,5177126,5037512,5150473
RE37399,4984836,5177400,5037230,5150441
RE37400,4985064,5177304,5038088,5149658
RE37401,4984942,5177333,5037103,5148770
RE37402,4984909,5177304,5036234,5148774
RE37403,4984975,5177494,5034323,5147863
RE37404,4984885,5177173,5034551,5145538
RE37405,4985281,5177209,5034048,5145725
RE37406,4985035,5177230,5033129,5145689
RE37407,4985008,5177448,5032716,5144973
RE37408,4985042,5177323,5032952,5144593
RE37409,4985331,5177535,5031943,5143569
RE37410,4984990,5177394,5032293,5143459
ADC_LIMIT:4985935,5178139,5042482,5154990,4983439,5175378,5028677,5140780
RE37411,4985128,5177600,5031337,5145782
RE37412,4984954,5177320,5030906,5143173
RE37413,4985381,5177140,5030848,5143531
RE37414,4985012,5177030,5030329,5142407
RE37415,4985002,5177060,5030962,5143743
RE37416,4985019,5177353,5030510,5142513
RE37417,4985200,5177268,5030712,5143122
RE37418,4984931,5177537,5031810,5144753
RE37419,4984821,5177231,5032668,5143598
RE37420,4984644,5177030,5032191,5144402
RE37421,4984676,5177302,5031793,5144455
RE37422,4984870,5177131,5033310,5145086
RE37423,4984893,5177330,5032205,5145077
RE37424,4984790,5177276,5033168,5144727
RE37425,4985024,5177562,5033802,5146274
RE37426,4985153,5177416,5034334,5147198
RE37427,4984936,5177136,5034160,5148496
RE37428,4985056,5176976,5035347,5148820
ADC_LIMIT:4985935,5178139,5042482,5154990,4983439,5175378,5028677,5140780
RE37429,4984990,5177186,5035239,5147756
RE37430,4984901,5177120,5035371,5150252
RE37431,4984909,5176804,5035801,5149020
RE37432,4985278,5176955,5035987,5148725
RE37433,4984790,5177019,5037068,5151108
RE37434,4985069,5177498,5037960,5148375
RE37435,4985089,5177250,5039012,5150068
RE37436,4984989,5176831,5036483,5150410
RE37437,4985021,5177202,5037160,5149354
RE37438,4984918,5177232,5038706,5149435
RE37439,4985186,5176949,5038317,5149992
RE37440,4985010,5177070,5036865,5150478
RE37441,4984809,5176947,5037126,5150142
RE37442,4984786,5176946,5037303,5150397
RE37443,4984886,5177170,5038058,5149650
RE37444,4984772,5177114,5038338,5150166
RE37445,4984947,5177130,5036133,5148408
ADC_LIMIT:4985935,5178139,5042482,5154990,4983439,5175378,5028677,5140780
RE37446,4985024,5177057,5036227,5148627
RE37447,4984790,5176898,5036781,5148706
RE37448,4984984,5177078,5035897,5148269
RE37449,4984979,5177039,5035597,5148106
RE37450,4984832,5177116,5035447,5148325
RE37451,4985037,5177007,5035251,5148543
RE37452,4985180,5176828,5035441,5148130
RE37453,4985003,5176900,5034694,5146334
RE37454,4984814,5177142,5035007,5146694
RE37455,4985091,5177090,5034727,5145661
RE37456,4985101,5176889,5032875,5145932
RE37457,4985204,5177240,5033476,5143971
RE37458,4985191,5177041,5033377,5145124
RE37459,4984930,5177348,5031379,5144687
RE37460,4985308,5177066,5033959,5145373
RE37461,4985190,5177124,5033619,5143665
RE37462,4985097,5177451,5032588,5143265
RE37463,4985494,5177783,5034607,5145907
ADC_LIMIT:4985935,5178139,5042482,5154990,4983439,5175378,5028677,5140780
RE37464,4985433,5177335,5031850,5145747
RE37465,4985244,5177230,5032967,5146360
RE37466,4985260,5177027,5032950,5144393
RE37467,4985068,5177175,5031632,5143336
RE37468,4984993,5176949,5030314,5144583
RE37469,4984839,5177167,5032957,5144855
RE37470,4985182,5176861,5032144,5146107
RE37471,4984977,5177059,5032759,5146035
RE37472,4985210,5176997,5033725,5146275
RE37473,4985014,5177104,5034304,5148092
RE37474,4985331,5177424,5035130,5148046
RE37475,4985036,5177204,5036740,5147796
RE37476,4985127,5177441,5035607,5148937
RE37477,4985021,5177777,5035582,5149672
RE37478,4985027,5177182,5036747,5148823
RE37479,4985076,5177335,5036012,5149474
RE37480,4985318,5177709,5036355,5150125
RE37481,4985425,5177546,5036798,5149728
ADC_LIMIT:4985935,5178139,5042482,5154990,4983439,5175378,5028677,5140780
RE37482,4985223,5177170,5039559,5150054
RE37483,4985269,5177280,5038615,5150518
RE37484,4985280,5177410,5038101,5150613
RE37485,4985172,5177122,5038139,5150191
RE37486,4985382,5177231,5039631,5151538
RE37487,4985161,5177392,5037608,5150850
RE37488,4985188,5177294,5039386,5151538
RE37489,4985211,5177190,5038285,5150742
RE37490,4985030,5177411,5036490,5150136
RE37491,4985293,5177385,5037343,5149968
RE37492,4985232,5177088,5037103,5149057
RE37493,4985337,5177426,5037199,5149385
RE37494,4985016,5177476,5035649,5147902
RE37495,4985222,5177303,5035867,5146941
RE37496,4984889,5177414,5035729,5147848
RE37497,4985235,5177442,5035661,5146406
RE37498,4985188,5177664,5033530,5146489
ADC_LIMIT:4985935,5178139,5042482,5154990,4983439,5175378,5028677,5140780
RE37499,4985028,5177144,5033469,5146139
RE37500,4985185,5177216,5032669,5144538
RE37501,4985162,5177182,5032091,5144166
RE37502,4985320,5177489,5033150,5144775
RE37503,4985413,5177435,5030496,5144409
RE37504,4985261,5177429,5031356,5144650
RE37505,4985173,5177419,5030141,5141042
RE37506,4985420,5177126,5030818,5144776
RE37507,4985362,5177330,5030673,5143454
RE37508,4985182,5177652,5029959,5143432
RE37509,4985437,5177612,5030080,5144417
RE37510,4985472,5177520,5030527,5142296
RE37511,4985560,5177320,5031540,5144020
RE37512,4985404,5177444,5030973,5145186
RE37513,4985343,5177558,5031382,5145814
RE37514,4985252,5177518,5032180,5145448
RE37515,4985353,5177436,5031929,5145054
RE37516,4985110,5177215,5033245,5146779
ADC_LIMIT:4985935,5178139,5042482,5154990,4983439,5175378,5028677,5140780
RE37517,4985618,5177352,5034674,5146577
RE37518,4985354,5177248,5032856,5148446
RE37519,4985550,5177306,5034956,5148301
RE37520,4985205,5177374,5036302,5149135
RE37521,4985717,5177340,5036607,5151079
RE37522,4985294,5177299,5038000,5150116
RE37523,4984887,5177258,5037544,5150262
RE37524,4985100,5177165,5037830,5150553
RE37525,4985087,5177271,5038964,5151229
RE37526,4984862,5177158,5038605,5151750
RE37527,4985051,5177114,5038774,5152053
RE37528,4985029,5177116,5039332,5151151
RE37529,4984874,5176841,5038348,5151041
RE37530,4984712,5177037,5040297,5151361
RE37531,4984968,5176703,5038776,5152272
RE37532,4985039,5177245,5039332,5151162
RE37533,4985057,5177260,5038247,5150380
RE37534,4984759,5177276,5039701,5151092
ADC_LIMIT:4985935,5178139,5042482,5154990,4983439,5175378,5028677,5140780
RE37535,4984855,5176798,5039169,5149171
RE37536,4984832,5176963,5035276,5149806
RE37537,4984803,5177189,5037173,5149669
RE37538,4985165,5177070,5036574,5148498
RE37539,4985188,5177190,5036350,5147940
RE37540,4985004,5177341,5035385,5148805
RE37541,4985229,5177030,5035033,5148340
RE37542,4985157,5177460,5035083,5147724
RE37543,4985366,5177379,5034858,5145519
RE37544,4985204,5177250,5032655,5146127
RE37545,4985063,5177226,5033272,5146337
RE37546,4985137,5177364,5032322,5145404
RE37547,4985228,5177628,5033476,5144942
RE37548,4985075,5177543,5031384,5144182
RE37549,4985129,5177536,5032584,5146145
RE37550,4985224,5177584,5032216,5145063
RE37551,4985028,5177187,5031104,5145089
ADC_LIMIT:4985935,5178139,5042482,5154990,4983439,5175378,5028677,5140780
RE37552,4985515,5177469,5031564,5144341
RE37553,4985209,5177137,5031689,5143838
RE37554,4985501,5177372,5033413,5143517
RE37555,4985482,5177289,5031805,5143260
RE37556,4985359,5177394,5031397,5144369
RE37557,4985408,5177300,5031903,5144007
RE37558,4985273,5177649,5031825,5143733
RE37559,4985375,5177359,5033086,5145513
RE37560,4985109,5177324,5033874,5145325
RE37561,4985062,5177418,5033688,5145463
RE37562,4985271,5177227,5033634,5144261
RE37563,4984887,5177129,5032949,5145283
RE37564,4985310,5177575,5033894,5147370
RE37565,4985377,5177468,5036638,5147373
RE37566,4985039,5177289,5035377,5148867
RE37567,4984848,5177207,5036552,5150207
RE37568,4984977,5177244,5035853,5150107
RE37569,4985330,5177107,5036024,5149254
ADC_LIMIT:4985935,5178139,5042482,5154990,4983439,5175378,5028677,5140780
RE37570,4985050,5177343,5036645,5150416
RE37571,4985115,5177325,5037796,5149724
RE37572,4984743,5176982,5037867,5149696
RE37573,4985294,5177299,5037701,5149988
RE37574,4984988,5177499,5038040,5149966
RE37575,4985061,5177222,5037896,5149609
RE37576,4985155,5176931,5038320,5151415
RE37577,4984803,5177068,5037686,5150333
RE37578,4985017,5177296,5037854,5150458
RE37579,4984935,5177121,5037154,5149263
RE37580,4985065,5177208,5036830,5149277
RE37581,4985284,5177266,5037170,5148917
RE37582,4984991,5177441,5037055,5149099
RE37583,4984734,5177267,5036309,5149763
RE37584,4985203,5177210,5037672,5148115
RE37585,4984914,5177199,5035505,5148225
RE37586,4984841,5177268,5036064,5149310
RE37587,4985302,5177287,5035137,5148073
ADC_LIMIT:4985935,5178139,5042482,5154990,4983439,5175378,5028677,5140780
RE37588,4985162,5177333,5037310,5146744
RE37589,4985203,5177257,5033821,5146215
RE37590,4984933,5176979,5034196,5146242
RE37591,4984910,5176847,5031976,5146592
RE37592,4985314,5177378,5032929,5144390
RE37593,4985097,5177370,5032899,5144527
RE37594,4985114,5177288,5032968,5143240
RE37595,4984850,5177120,5031059,5144677
RE37596,4985181,5177461,5031006,5145166
RE37597,4985125,5177672,5030444,5143042
RE37598,4984967,5177105,5030520,5144170
RE37599,4984804,5177298,5032823,5143773
RE37600,4985356,5177437,5029863,5144998
RE37601,4984868,5177472,5030798,5143493
RE37602,4984905,5177322,5031060,5145235
RE37603,4985140,5177044,5031731,5145443
RE37604,4984991,5177422,5031264,5144850
ADC_LIMIT:4985935,5178139,5042482,5154990,4983439,5175378,5028677,5140780
RE37605,4985168,5177159,5031522,5145100
RE37606,4984968,5177286,5033544,5145520
RE37607,4985009,5177091,5033551,5146052
RE37608,4985017,5177256,5033252,5147451
RE37609,4985335,5177293,5035118,5147093
RE37610,4985579,5177394,5034929,5148597
RE37611,4985209,5177331,5036485,5149615
RE37612,4985074,5177296,5036382,5148199
RE37613,4985106,5177187,5037025,5149549
RE37614,4984782,5177309,5037538,5149228
RE37615,4985028,5177079,5037872,5150921
RE37616,4985023,5177403,5039233,5151309
RE37617,4985168,5177381,5038590,5151927
RE37618,4984911,5177555,5038390,5151473
RE37619,4984980,5177260,5039142,5151821
RE37620,4985061,5177331,5038854,5151334
RE37621,4985051,5177471,5039170,5151499
RE37622,4985242,5177170,5039632,5151466
ADC_LIMIT:4985935,5178139,5042482,5154990,4983439,5175378,5028677,5140780
RE37623,4985018,5177064,5039787,5151346
RE37624,4984737,5177165,5039334,5151889
RE37625,4984875,5176759,5037956,5151615
RE37626,4984841,5177096,5037944,5150023
RE37627,4984762,5177188,5038203,5149092
RE37628,4985000,5177409,5036447,5148569
RE37629,4984974,5177191,5036665,5148850
RE37630,4985097,5177174,5036208,5149202
RE37631,4984745,5177407,5034739,5148362
RE37632,4984599,5177221,5034415,5147333
RE37633,4984887,5176971,5034327,5145606
RE37634,4984720,5177296,5031216,5145118
RE37635,4984863,5177022,5033566,5143738
RE37636,4984881,5177223,5032870,5145274
RE37637,4984705,5176945,5032663,5143522
RE37638,4984655,5177205,5031994,5144510
RE37639,4985026,5177206,5031193,5144869
RE37640,4984847,5177435,5031580,5143131
ADC_LIMIT:4985935,5178139,5042482,5154990,4983439,5175378,5028677,5140780
RE37641,4984847,5177153,5030036,5143733
RE37642,4985081,5176974,5030780,5142296
RE37643,4985242,5176918,5030646,5142663
RE37644,4985325,5177429,5029875,5142494
RE37645,4985180,5177424,5029715,5142187
RE37646,4985126,5176894,5031651,5144748
RE37647,4984879,5177307,5030821,5142739
RE37648,4984627,5177212,5032417,5144319
RE37649,4984865,5177172,5030708,5144352
RE37650,4984879,5177373,5032300,5145254
RE37651,4985074,5177638,5033507,5144878
RE37652,4985156,5177543,5033946,5147213
RE37653,4985316,5177567,5034541,5147486
RE37654,4985389,5177530,5034547,5146422
RE37655,4984904,5177410,5033876,5147358
RE37656,4985162,5177207,5035017,5148522
RE37657,4985110,5177421,5035584,5148650
ADC_LIMIT:4985935,5178139,5042482,5154990,4983439,5175378,5028677,5140780
RE37658,4984731,5177377,5036326,5149384
RE37659,4985089,5177130,5036622,5148768
RE37660,4984891,5177031,5035611,5149156
RE37661,4985138,5177519,5037658,5148670
RE37662,4984929,5177197,5036850,5148832
RE37663,4984997,5177514,5038299,5150315
RE37664,4985164,5177277,5036050,5150440
RE37665,4984897,5177166,5037995,5149755
RE37666,4984963,5177515,5038144,5150894
RE37667,4984998,5177133,5036755,5148293
RE37668,4985007,5177053,5039476,5149209
RE37669,4985057,5176976,5036863,5149347
RE37670,4985107,5177065,5037582,5149905
RE37671,4984970,5177035,5036592,5149921
RE37672,4984761,5177131,5036943,5149134
RE37673,4984805,5177237,5037223,5147619
RE37674,4985003,5177254,5037944,5150615
RE37675,4984935,5177101,5037573,5149618
ADC_LIMIT:4985935,5178139,5042482,5154990,4983439,5175378,5028677,5140780
RE37676,4984985,5176988,5036662,5148320
RE37677,4984868,5176945,5037020,5147243
RE37678,4984961,5176793,5036202,5148451
RE37679,4985161,5177029,5034376,5148098
RE37680,4984791,5177071,5035687,5146843
RE37681,4984678,5177245,5033989,5146962
RE37682,4985282,5177017,5034754,5145550
RE37683,4984988,5177319,5034527,5146702
RE37684,4985364,5176979,5033896,5146653
RE37685,4985266,5177321,5032197,5146513
RE37686,4985210,5177436,5031917,5146473
RE37687,4985119,5177353,5031489,5144782
RE37688,4985412,5177345,5032809,5145944
RE37689,4985012,5177349,5031733,5144815
RE37690,4984940,5177184,5030359,5145799
RE37691,4985248,5177103,5031983,5144213
RE37692,4985423,5177293,5031633,5146269
RE37693,4985031,5177363,5032707,5146458
ADC_LIMIT:4985935,5178139,5042482,5154990,4983439,5175378,5028677,5140780
RE37694,4985297,5177465,5033146,5143801
RE37695,4985155,5177291,5032420,5144628
RE37696,4985222,5177228,5032547,5145237
RE37697,4985188,5177205,5032763,5146706
RE37698,4984927,5177088,5032854,5144571
RE37699,4985144,5177722,5034667,5146968
RE37700,4985345,5177404,5034167,5147764
RE37701,4985124,5177209,5034423,5148697
RE37702,4985030,5177368,5034899,5148482
RE37703,4984967,5177260,5037195,5147860
RE37704,4985036,5177375,5036814,5147829
RE37705,4985486,5177097,5035661,5148781
RE37706,4985103,5177029,5036611,5149876
RE37707,4984873,5177031,5037724,5151113
RE37708,4985280,5176778,5038814,5150299
RE37709,4984868,5176852,5038214,5149569
RE37710,4984605,5177126,5038631,5151363
ADC_LIMIT:4985935,5178139,5042482,5154990,4983439,5175378,5028677,5140780
RE37711,4984832,5177106,5037580,5151159
RE37712,4984760,5177268,5038950,5151004
RE37713,4984877,5177085,5038655,5150506
RE37714,4985125,5177247,5036887,5150307
RE37715,4984926,5176987,5038979,5150342
RE37716,4985136,5177150,5037580,5149806
RE37717,4984629,5177407,5037174,5150598
RE37718,4984981,5176871,5036983,5149156
RE37719,4984756,5177159,5036899,5149782
RE37720,4985039,5177442,5037198,5149790
RE37721,4984805,5177213,5036731,5148296
RE37722,4984982,5177333,5033817,5147747
RE37723,4984836,5176844,5034199,5147037
RE37724,4984912,5177156,5033470,5147461
RE37725,4985126,5177210,5034437,5146738
RE37726,4985123,5177016,5033576,5146859
RE37727,4984878,5177213,5032723,5144909
RE37728,4985064,5176971,5032066,5143819
ADC_LIMIT:4985935,5178139,5042482,5154990,4983439,5175378,5028677,5140780
RE37729,4984946,5176906,5031798,5144398
RE37730,4984922,5177020,5031296,5143785
RE37731,4984983,5176833,5029320,5144295
RE37732,4985016,5176766,5030341,5141745
RE37733,4984955,5176932,5030238,5142810
RE37734,4984897,5177119,5030968,5143044
RE37735,4984692,5176950,5032083,5143412
RE37736,4985033,5176945,5029036,5142897
RE37737,4985072,5177152,5029535,5143010
RE37738,4984756,5177271,5030429,5144374
RE37739,4985298,5177120,5031141,5144515
RE37740,4984863,5177089,5031881,5144774
RE37741,4984966,5177518,5031799,5144088
RE37742,4985163,5177310,5032039,5145252
RE37743,4985317,5177436,5033269,5146403
RE37744,4984895,5177502,5033313,5146691
RE37745,4985188,5177196,5033532,5146850
RE37746,4984887,5177283,5034241,5147247
ADC_LIMIT:4985935,5178139,5042482,5154990,4983439,5175378,5028677,5140780
RE37747,4984967,5177142,5034708,5148289
RE37748,4985133,5176889,5036405,5148325
RE37749,4985056,5176718,5036460,5148501
RE37750,4985302,5177121,5035937,5148921
RE37751,4985390,5177144,5037573,5151491
RE37752,4985165,5176944,5038075,5151348
RE37753,4985025,5176898,5039615,5152145
RE37754,4985256,5177163,5038760,5150823
RE37755,4984914,5177183,5038955,5150649
RE37756,4985021,5177015,5040272,5151076
RE37757,4985010,5177115,5039039,5151777
RE37758,4984927,5177016,5039863,5152754
RE37759,4984690,5176965,5039147,5151588
RE37760,4985033,5176729,5038735,5151507
RE37761,4984965,5177478,5038397,5151436
RE37762,4985280,5177434,5038588,5151168
RE37763,4984960,5177113,5038071,5149866
ADC_LIMIT:4985935,5178139,5042482,5154990,4983439,5175378,5028677,5140780
RE37764,4984690,5176952,5036439,5149192
RE37765,4984725,5176921,5037770,5149189
RE37766,4985037,5177039,5036260,5148681
RE37767,4985077,5177247,5036374,5147831
RE37768,4984924,5177243,5035281,5148421
RE37769,4985197,5177013,5035435,5148245
RE37770,4984917,5177263,5034645,5147360
RE37771,4984910,5176983,5033827,5146020
RE37772,4984890,5177042,5033831,5145260
RE37773,4985057,5177012,5032045,5144819
RE37774,4984826,5176974,5032539,5145105
RE37775,4985157,5177081,5033272,5145759
RE37776,4984856,5177357,5031284,5144855
RE37777,4985216,5177205,5032315,5143978
RE37778,4985027,5176996,5031932,5144839
RE37779,4985332,5177237,5032050,5144129
RE37780,4984772,5176999,5032029,5144885
RE37781,4985329,5177241,5030777,5144299
ADC_LIMIT:4985935,5178139,5042482,5154990,4983439,5175378,5028677,5140780
RE37782,4984632,5176969,5031119,5144618
RE37783,4984954,5177006,5031591,5144341
RE37784,4985071,5176927,5030781,5144230
RE37785,4985361,5177116,5030833,5145284
RE37786,4985142,5177021,5030263,5143421
RE37787,4984808,5177269,5033131,5144002
RE37788,4984867,5177387,5032655,5143501
RE37789,4984976,5177103,5033070,5144882
RE37790,4985155,5177455,5033583,5146150
RE37791,4985218,5177195,5033248,5147938
RE37792,4985230,5177002,5034518,5147102
RE37793,4984797,5177136,5034910,5146410
RE37794,4985001,5177302,5036537,5147603
RE37795,4985196,5177185,5035403,5149098
RE37796,4985174,5177235,5034364,5149762
RE37797,4984792,5177099,5035973,5148680
RE37798,4984915,5177026,5036083,5150839
RE37799,4985136,5176966,5037391,5150722
ADC_LIMIT:4985935,5178139,5042482,5154990,4983439,5175378,5028677,5140780
RE37800,4985201,5177009,5036766,5148968
RE37801,4985132,5176766,5038746,5149878
RE37802,4984783,5177161,5038408,5152006
RE37803,4984778,5177050,5040475,5150576
RE37804,4985122,5176914,5037264,5150916
RE37805,4985015,5176940,5037061,5150526
RE37806,4984724,5177045,5037627,5150725
RE37807,4984867,5177097,5037489,5149283
RE37808,4984837,5176994,5038465,5149905
RE37809,4984745,5176826,5036904,5149098
RE37810,4984838,5176867,5036134,5149545
RE37811,4984936,5176925,5036783,5149537
RE37812,4984956,5176921,5036277,5148164
RE37813,4985125,5177393,5036727,5148931
RE37814,4984533,5177179,5035986,5146833
RE37815,4984830,5177042,5035535,5147879
RE37816,4984663,5176952,5035567,5145886
ADC_LIMIT:4985935,5178139,5042482,5154990,4983439,5175378,5028677,5140780
RE37817,4985070,5176776,5033055,5145019
RE37818,4984801,5177089,5033924,5146937
RE37819,4984968,5176846,5034425,5146882
RE37820,4985202,5176851,5032704,5144067
RE37821,4984630,5177435,5033072,5145398
RE37822,4984813,5177538,5031557,5144574
RE37823,4985085,5177352,5031101,5143619
RE37824,4984908,5177299,5031037,5144549
RE37825,4985180,5177006,5032469,5143564
RE37826,4985015,5177093,5031472,5142348
RE37827,4985002,5177298,5030807,5144083
RE37828,4985078,5176932,5030436,5142550
RE37829,4985008,5177091,5029784,5144171
RE37830,4984656,5177077,5032227,5144687
RE37831,4984912,5177098,5031090,5146261
RE37832,4985017,5177379,5031573,5146397
RE37833,4984934,5177196,5032148,5146536
RE37834,4985157,5177295,5033003,5146919
ADC_LIMIT:4985935,5178139,5042482,5154990,4983439,5175378,5028677,5140780
RE37835,4985133,5176883,5033947,5146554
RE37836,4985050,5177047,5032766,5145741
RE37837,4984880,5176975,5034721,5147505
RE37838,4985007,5177247,5035543,5148256
RE37839,4984730,5177210,5036666,5149039
RE37840,4985048,5177205,5035955,5149332
RE37841,4984891,5176845,5037588,5150721
RE37842,4984924,5177312,5037165,5150877
RE37843,4985367,5177066,5037846,5151418
RE37844,4984939,5177066,5039359,5151340
RE37845,4984856,5176991,5040765,5151862
RE37846,4984831,5177136,5039067,5152820
RE37847,4984831,5177384,5038989,5151839
RE37848,4985213,5177202,5038868,5151374
RE37849,4984931,5177221,5040039,5150264
RE37850,4984916,5176833,5039052,5152468
RE37851,4984706,5176875,5038941,5150880
RE37852,4985018,5177038,5037905,5150405
ADC_LIMIT:4985935,5178139,5042482,5154990,4983439,5175378,5028677,5140780
RE37853,4985067,5176891,5038739,5150778
RE37854,4985024,5177111,5038421,5149736
RE37855,4984950,5176908,5037797,5149497
RE37856,4985274,5177083,5036731,5148520
RE37857,4984953,5177151,5035613,5148406
RE37858,4985151,5177016,5035485,5148978
RE37859,4984861,5176957,5036928,5147209
RE37860,4984921,5177341,5035397,5146620
RE37861,4984839,5177209,5033738,5147248
RE37862,4985146,5177566,5032276,5145796
RE37863,4985365,5177338,5033116,5145125
RE37864,4984792,5176789,5032239,5145124
RE37865,4985065,5177247,5031389,5143809
RE37866,4985063,5177443,5032145,5143769
RE37867,4985113,5177219,5030258,5143533
RE37868,4985185,5177301,5031415,5143799
RE37869,4985157,5177085,5030264,5144038
ADC_LIMIT:4985935,5178139,5042482,5154990,4983439,5175378,5028677,5140780
RE37870,4984907,5177108,5029431,5143115
RE37871,4985170,5177124,5031366,5142784
RE37872,4984915,5177003,5031044,5143694
RE37873,4984944,5177122,5030525,5144104
RE37874,4985037,5177289,5031673,5144459
RE37875,4984795,5177152,5031478,5143839
RE37876,4984838,5176848,5031106,5144481
RE37877,4985009,5177176,5033203,5143902
RE37878,4985026,5176955,5031102,5146394
RE37879,4985141,5177018,5033823,5146229
RE37880,4985003,5176969,5032999,5146333
RE37881,4984635,5177235,5034320,5146812
RE37882,4985274,5176929,5034961,5147613
RE37883,4985278,5176926,5033543,5147838
RE37884,4984921,5177248,5035247,5147443
RE37885,4985120,5177037,5036302,5148428
RE37886,4985060,5177168,5035745,5148552
RE37887,4985225,5176853,5036332,5149198
ADC_LIMIT:4985935,5178139,5042482,5154990,4983439,5175378,5028677,5140780
RE37888,4985429,5176940,5037159,5150105
RE37889,4985140,5177138,5038477,5150746
RE37890,4985160,5177207,5037459,5149213
RE37891,4985152,5177390,5036647,5149304
RE37892,4985026,5177080,5036508,5149305
RE37893,4985037,5177226,5036417,5150671
RE37894,4985196,5177249,5037244,5151299
RE37895,4984969,5176808,5037374,5150171
RE37896,4985065,5177119,5035842,5150205
RE37897,4985062,5177173,5038123,5150214
RE37898,4985091,5177110,5037266,5149773
RE37899,4985065,5177243,5035366,5149425
RE37900,4984957,5177137,5037986,5148660
RE37901,4985050,5176816,5036006,5149565
RE37902,4984830,5177258,5036104,5148979
RE37903,4984996,5177303,5035957,5147896
RE37904,4985213,5177143,5035374,5148272
RE37905,4985074,5177093,5035456,5147453
ADC_LIMIT:4985935,5178139,5042482,5154990,4983439,5175378,5028677,5140780
RE37906,4984902,5177233,5035953,5147711
RE37907,4984985,5176764,5034152,5146666
RE37908,4985067,5177091,5035241,5147060
RE37909,4984961,5177318,5033250,5146387
RE37910,4984990,5176962,5033579,5146000
RE37911,4984652,5176915,5033434,5146771
RE37912,4984902,5176957,5034409,5146338
RE37913,4985492,5177295,5032652,5144879
RE37914,4984732,5177073,5032274,5145274
RE37915,4984828,5176676,5032583,5144278
RE37916,4985053,5177152,5031530,5145183
RE37917,4985010,5177199,5033360,5143817
RE37918,4984804,5176997,5032833,5145052
RE37919,4985053,5177140,5033790,5146166
RE37920,4984962,5177370,5031310,5143679
RE37921,4984959,5177256,5031991,5143326
RE37922,4984969,5176972,5032416,5144405
ADC_LIMIT:4985935,5178139,5042482,5154990,4983439,5175378,5028677,5140780
RE37923,4984960,5177118,5031829,5144208
RE37924,4985404,5177003,5033243,5144314
RE37925,4985344,5177072,5033274,5144483
RE37926,4985324,5177032,5034340,5146567
RE37927,4984968,5176999,5033573,5145930
RE37928,4985060,5177050,5034971,5146175
RE37929,4984944,5177241,5034860,5147139
RE37930,4984992,5177306,5034459,5147460
RE37931,4985073,5176984,5033728,5148405
RE37932,4984977,5177370,5035767,5148514
RE37933,4985093,5177195,5035649,5147710
RE37934,4985035,5176964,5035623,5149185
RE37935,4985005,5177079,5037658,5149167
RE37936,4984947,5177066,5036375,5150720
RE37937,4985135,5176990,5036516,5150153
RE37938,4985003,5177089,5037763,5150923
RE37939,4985118,5176912,5037696,5150877
RE37940,4985047,5177168,5037553,5150271
ADC_LIMIT:4985935,5178139,5042482,5154990,4983439,5175378,5028677,5140780
RE37941,4985053,5177058,5039618,5151830
RE37942,4985326,5177070,5038570,5150632
RE37943,4985366,5176998,5038754,5150429
RE37944,4984999,5177072,5038131,5151900
RE37945,4985025,5177281,5037782,5149646
RE37946,4985002,5177395,5037464,5148903
RE37947,4984960,5177014,5037619,5149836
RE37948,4984980,5177549,5036582,5149464
RE37949,4985067,5177310,5036303,5148964
RE37950,4985150,5176984,5036533,5147311
RE37951,4984630,5177105,5035430,5148430
RE37952,4984926,5177091,5034538,5146977
RE37953,4985032,5177186,5035249,5146716
RE37954,4984973,5177281,5033542,5145896
RE37955,4984988,5177211,5033402,5144162
RE37956,4985127,5177410,5033140,5144163
RE37957,4985199,5177424,5032956,5143555
RE37958,4985179,5177215,5031520,5144993
ADC_LIMIT:4985935,5178139,5042482,5154990,4983439,5175378,5028677,5140780
RE37959,4985113,5177259,5032766,5142806
RE37960,4985088,5177014,5031394,5143561
RE37961,4985563,5177226,5029478,5144201
RE37962,4985030,5177426,5033003,5141643
RE37963,4985249,5177317,5029719,5144497
RE37964,4985137,5177359,5030563,5143228
RE37965,4984999,5177330,5031524,5143242
RE37966,4985229,5177229,5031118,5143529
RE37967,4984993,5177239,5029836,5144025
RE37968,4985243,5177439,5030814,5143734
RE37969,4985185,5177417,5031675,5144424
RE37970,4985118,5177416,5031907,5145552
RE37971,4985086,5177293,5031590,5145923
RE37972,4985061,5177305,5032750,5144694
RE37973,4984934,5177189,5034205,5145994
RE37974,4985207,5177414,5034640,5148515
RE37975,4984989,5177118,5033946,5147556
ADC_LIMIT:4985935,5178139,5042482,5154990,4983439,5175378,5028677,5140780
RE37976,4985073,5176928,5036107,5149392
RE37977,4984955,5176801,5038289,5149804
RE37978,4985242,5177097,5037522,5150056
RE37979,4985104,5177483,5038184,5149707
RE37980,4985067,5177342,5036940,5151771
RE37981,4985430,5177259,5038044,5150717
RE37982,4985129,5177335,5039008,5151168
RE37983,4985038,5177320,5040232,5152236
RE37984,4985220,5177597,5039306,5152469
RE37985,4984993,5177394,5039516,5151735
RE37986,4985132,5177305,5039464,5151467
RE37987,4985166,5177425,5040108,5152503
RE37988,4985084,5177521,5039707,5150770
RE37989,4985202,5177541,5039018,5150654
RE37990,4985174,5177596,5040337,5151085
RE37991,4985150,5177471,5037866,5149512
RE37992,4985147,5177349,5038672,5150472
RE37993,4985134,5177761,5037541,5150233
ADC_LIMIT:4985935,5178139,5042482,5154990,4983439,5175378,5028677,5140780
RE37994,4985050,5177450,5036565,5147507
RE37995,4984988,5176910,5036580,5149009
RE37996,4984982,5177235,5035325,5147519
RE37997,4985028,5177246,5035655,5147465
RE37998,4985006,5177576,5034676,5146369
RE37999,4985037,5177026,5033069,5145718
RE38000,4984985,5177396,5034094,5146684
RE38001,4985039,5177104,5033730,5145345
RE38002,4985224,5177425,5033582,5145315
RE38003,4985375,5177342,5034255,5144762
RE38004,4985121,5177580,5031837,5144154
RE38005,4984943,5177261,5031410,5146385
RE38006,4984968,5177345,5030739,5144706
RE38007,4985212,5176984,5031874,5144075
RE38008,4985096,5177362,5032206,5143560
RE38009,4985126,5177513,5030988,5144192
RE38010,4985273,5177315,5031091,5144945
RE38011,4985106,5177275,5030845,5143813
ADC_LIMIT:4985935,5178139,5042482,5154990,4983439,5175378,5028677,5140780
RE38012,4985001,5177427,5032450,5144112
RE38013,4985414,5177042,5032101,5145330
RE38014,4985379,5177546,5032468,5145146
RE38015,4985491,5177527,5032637,5145419
RE38016,4985164,5177274,5031893,5145067
RE38017,4985153,5177444,5033319,5145126
RE38018,4985161,5177063,5033671,5146261
RE38019,4985129,5177236,5035016,5146885
RE38020,4985206,5177264,5035143,5147428
RE38021,4985077,5177260,5033765,5146954
RE38022,4985073,5177417,5034932,5146550
RE38023,4985403,5177102,5034607,5146430
RE38024,4984996,5177294,5036454,5148428
RE38025,4985115,5177470,5035917,5150255
RE38026,4985084,5177502,5036757,5149216
RE38027,4984976,5177095,5037317,5150028
RE38028,4984977,5176857,5036363,5150047
ADC_LIMIT:4985935,5178139,5042482,5154990,4983439,5175378,5028677,5140780
RE38029,4985120,5177060,5037558,5149898
RE38030,4984928,5176929,5037517,5150026
RE38031,4984876,5177261,5039189,5150970
RE38032,4985271,5177341,5037177,5151221
RE38033,4985176,5177317,5039140,5150850
RE38034,4985035,5177083,5037646,5151790
RE38035,4985158,5177189,5039104,5151849
RE38036,4984989,5177112,5037821,5149516
RE38037,4985114,5177225,5038765,5149356
RE38038,4985254,5177309,5037297,5150041
RE38039,4984849,5177239,5036964,5150294
RE38040,4984945,5177097,5037467,5149448
RE38041,4984925,5177145,5035519,5149634
RE38042,4984992,5177099,5036419,5147413
RE38043,4984837,5177149,5035895,5147863
RE38044,4985159,5177481,5034980,5146825
RE38045,4984950,5177404,5033512,5146754
RE38046,4985058,5177279,5033116,5146075
ADC_LIMIT:4985935,5178139,5042482,5154990,4983439,5175378,5028677,5140780
RE38047,4985162,5177136,5032476,5144511
RE38048,4985156,5176924,5032504,5145461
RE38049,4984709,5177363,5030956,5144928
RE38050,4985443,5177501,5031902,5144517
RE38051,4985134,5177180,5033121,5144851
RE38052,4984954,5177194,5032766,5144700
RE38053,4985046,5177230,5029991,5144518
RE38054,4985162,5177379,5032314,5144231
RE38055,4984828,5177008,5029539,5143070
RE38056,4984931,5177120,5031275,5143642
RE38057,4985081,5177017,5030400,5143499
RE38058,4985212,5177095,5029828,5143084
RE38059,4984755,5177068,5030958,5143492
RE38060,4985130,5177187,5032676,5143959
RE38061,4984961,5177341,5032431,5145365
RE38062,4985372,5177073,5033806,5145902
RE38063,4985243,5176786,5033560,5145986
RE38064,4985064,5176726,5032829,5147746
ADC_LIMIT:4985935,5178139,5042482,5154990,4983439,5175378,5028677,5140780
RE38065,4985208,5176942,5034665,5146912
RE38066,4984980,5176868,5035324,5146435
RE38067,4985056,5177073,5035403,5149205
RE38068,4985073,5177138,5036995,5150270
RE38069,4984887,5177336,5036249,5150040
RE38070,4984931,5177411,5037806,5149798
RE38071,4985130,5177246,5037538,5151070
RE38072,4985019,5177050,5037447,5149980
RE38073,4985182,5177001,5038010,5150887
RE38074,4985237,5177193,5038779,5151233
RE38075,4985013,5177023,5039676,5150361
RE38076,4984752,5177459,5039473,5152399
RE38077,4984964,5177528,5039865,5152034
RE38078,4984916,5177216,5040710,5152523
RE38079,4985104,5177246,5038584,5152062
RE38080,4985341,5177255,5040014,5151113
RE38081,4985124,5177187,5038753,5151699
ADC_LIMIT:4985935,5178139,5042482,5154990,4983439,5175378,5028677,5140780
RE38082,4984941,5177079,5038586,5151656
RE38083,4985049,5176913,5038194,5149425
RE38084,4985294,5176972,5037095,5149280
RE38085,4984837,5177309,5038549,5149398
RE38086,4984771,5176960,5035805,5149257
RE38087,4985087,5176986,5035897,5147630
RE38088,4985094,5177280,5034807,5147891
RE38089,4984787,5177497,5033878,5146850
RE38090,4984811,5176718,5034723,5145559
RE38091,4985015,5176836,5034563,5146352
RE38092,4985175,5176869,5033099,5143605
RE38093,4985005,5177291,5031259,5144784
RE38094,4985127,5177239,5031426,5143437
RE38095,4985068,5177082,5031777,5144054
RE38096,4985129,5177070,5031548,5143468
RE38097,4984692,5177225,5031517,5142286
RE38098,4985140,5177123,5031731,5142351
RE38099,4985642,5176804,5029563,5143496
ADC_LIMIT:4985935,5178139,5042482,5154990,4983439,5175378,5028677,5140780
RE38100,4984916,5176918,5029615,5143390
RE38101,4985141,5177029,5030047,5142071
RE38102,4985002,5177221,5029899,5144474
RE38103,4985089,5177110,5031750,5144078
RE38104,4985062,5176935,5031861,5144131
RE38105,4985045,5176978,5031889,5143923
RE38106,4985144,5177134,5032931,5143161
RE38107,4985256,5177561,5032456,5145321
RE38108,4985081,5177384,5032921,5146311
RE38109,4985297,5177303,5033322,5146451
RE38110,4985166,5177212,5034158,5146011
RE38111,4985202,5177429,5034654,5148317
RE38112,4985148,5177479,5035284,5149054
RE38113,4984997,5177161,5035256,5148015
RE38114,4985199,5177362,5035934,5148312
RE38115,4984893,5177213,5036795,5150250
RE38116,4985200,5176814,5036095,5150848
RE38117,4985223,5176862,5037404,5150919
ADC_LIMIT:4985935,5178139,5042482,5154990,4983439,5175378,5028677,5140780
RE38118,4984794,5176746,5036961,5148026
RE38119,4984758,5177037,5037561,5149589
RE38120,4984808,5177163,5037292,5151031
RE38121,4985023,5177063,5037931,5149942
RE38122,4984941,5177214,5038689,5151761
RE38123,4985128,5177027,5037431,5150856
RE38124,4984937,5176948,5038099,5150522
RE38125,4985049,5176909,5035985,5149307
RE38126,4985089,5177056,5037854,5149728
RE38127,4985058,5176841,5037812,5149930
RE38128,4984937,5176971,5038018,5147924
RE38129,4985020,5177325,5038201,5149775
RE38130,4984835,5177209,5034110,5149640
RE38131,4984967,5176726,5036560,5149006
RE38132,4984910,5177338,5035606,5147952
RE38133,4984976,5176539,5036068,5147608
RE38134,4984594,5176526,5035854,5148031
ADC_LIMIT:4985935,5178139,5042482,5154990,4983439,5175378,5028677,5140780
RE38135,4984904,5176907,5034650,5147071
RE38136,4984869,5176904,5035590,5147633
RE38137,4984720,5176944,5036341,5146577
RE38138,4984753,5176868,5034174,5147823
RE38139,4984740,5176872,5034471,5147276
RE38140,4984733,5177094,5033865,5145321
RE38141,4985227,5176921,5034122,5145453
RE38142,4985027,5177084,5033895,5145340
RE38143,4984799,5177094,5031593,5145355
RE38144,4984957,5177159,5031258,5145211
RE38145,4985108,5177116,5032647,5144138
RE38146,4985060,5176982,5033156,5145336
RE38147,4985318,5177175,5031783,5145862
RE38148,4985223,5177420,5032831,5146512
RE38149,4985046,5177099,5031833,5144666
RE38150,4984919,5176896,5031915,5144198
RE38151,4984761,5176823,5032854,5144449
RE38152,4985194,5177060,5030999,5145585
ADC_LIMIT:4985935,5178139,5042482,5154990,4983439,5175378,5028677,5140780
RE38153,4985067,5176896,5034340,5145713
RE38154,4985217,5177158,5033276,5147005
RE38155,4985334,5177065,5034244,5146643
RE38156,4984829,5177132,5033606,5146995
RE38157,4985074,5177166,5034204,5147184
RE38158,4985010,5177347,5035267,5147224
RE38159,4984865,5177135,5035470,5148358
RE38160,4984921,5176873,5035101,5147269
RE38161,4985056,5177106,5035514,5149015
RE38162,4985066,5177114,5036224,5148860
RE38163,4984769,5177209,5035793,5150283
RE38164,4985303,5177282,5037613,5149046
RE38165,4985010,5177624,5036653,5152202
RE38166,4985208,5177026,5037756,5150303
RE38167,4985054,5176802,5038569,5150763
RE38168,4985020,5177062,5038861,5150345
RE38169,4984632,5176976,5037433,5151008
RE38170,4984867,5176914,5037394,5151457
ADC_LIMIT:4985935,5178139,5042482,5154990,4983439,5175378,5028677,5140780
RE38171,4984807,5176758,5039429,5150973
RE38172,4985022,5177241,5038799,5151151
RE38173,4985167,5177104,5037429,5150714
RE38174,4984969,5176594,5036370,5149990
RE38175,4984736,5176994,5037735,5148786
RE38176,4984830,5176870,5037647,5148907
RE38177,4984829,5176974,5035547,5148906
RE38178,4984983,5177193,5036461,5149168
RE38179,4984869,5177136,5035514,5147118
RE38180,4984862,5177155,5034352,5147617
RE38181,4985277,5177228,5033507,5146642
RE38182,4985229,5177197,5032920,5146741
RE38183,4984993,5177181,5034871,5146031
RE38184,4984750,5176966,5032152,5144407
RE38185,4985134,5177032,5031953,5144567
RE38186,4984819,5176942,5031486,5144610
RE38187,4985127,5176743,5030661,5142860
ADC_LIMIT:4985935,5178139,5042482,5154990,4983439,5175378,5028677,5140780
RE38188,4985057,5176932,5031118,5143269
RE38189,4984988,5177304,5029348,5142263
RE38190,4985042,5177274,5030902,5145119
RE38191,4985248,5177055,5030298,5142802
RE38192,4985070,5177197,5030798,5142736
RE38193,4985260,5177309,5029429,5141172
RE38194,4985230,5177323,5031089,5142824
RE38195,4985036,5177303,5030945,5143541
RE38196,4984767,5177009,5031658,5143001
RE38197,4985057,5177370,5032196,5144270
RE38198,4985413,5177358,5032676,5145284
RE38199,4985027,5176972,5032957,5145294
RE38200,4984854,5177450,5034843,5145872
RE38201,4985329,5177187,5032715,5145715
RE38202,4985148,5177380,5034020,5145965
RE38203,4985225,5177077,5035508,5146760
RE38204,4984842,5177205,5035701,5148434
RE38205,4985050,5177047,5036510,5148432
ADC_LIMIT:4985935,5178139,5042482,5154990,4983439,5175378,5028677,5140780
RE38206,4984916,5176910,5036913,5148739
RE38207,4984880,5177241,5036488,5150678
RE38208,4985077,5176989,5038116,5151337
RE38209,4984758,5177605,5037711,5150336
RE38210,4985039,5177107,5039310,5150035
RE38211,4984825,5176867,5038131,5150943
RE38212,4984922,5177103,5037727,5151408
RE38213,4984912,5176765,5038887,5151332
RE38214,4985079,5176931,5038484,5152289
RE38215,4984946,5177149,5040058,5151866
RE38216,4984790,5177335,5038628,5151606
RE38217,4984760,5177187,5038283,5152053
RE38218,4985158,5177173,5039272,5151887
RE38219,4985117,5177338,5038945,5149751
RE38220,4984947,5177359,5038062,5149605
RE38221,4985022,5177017,5037469,5149704
RE38222,4984620,5177056,5037361,5149694
RE38223,4985140,5176812,5036592,5148886
ADC_LIMIT:4985935,5178139,5042482,5154990,4983439,5175378,5028677,5140780
RE38224,4984919,5177265,5035613,5147577
RE38225,4984761,5176983,5036788,5148138
RE38226,4985040,5177076,5035118,5148813
RE38227,4984810,5177353,5034442,5146751
RE38228,4984941,5177072,5033084,5145869
RE38229,4985349,5177095,5033739,5145676
RE38230,4984829,5176973,5034109,5145814
RE38231,4985087,5176914,5031800,5144542
RE38232,4984799,5177001,5032304,5144744
RE38233,4985067,5177164,5032271,5145115
RE38234,4984916,5177409,5031935,5143713
RE38235,4985166,5176977,5031252,5145209
RE38236,4984868,5177199,5031671,5144342
RE38237,4985081,5177661,5031053,5144999
RE38238,4985162,5177545,5032271,5144481
RE38239,4985239,5177622,5031981,5144132
RE38240,4985090,5177080,5030545,5144320
ADC_LIMIT:4985935,5178139,5042482,5154990,4983439,5175378,5028677,5140780
RE38241,4985281,5177316,5031402,5143398
RE38242,4984873,5177592,5032582,5144002
RE38243,4984981,5177332,5031907,5143866
RE38244,4984969,5177268,5031750,5145186
RE38245,4985294,5177339,5032576,5144583
RE38246,4984862,5176805,5032883,5145889
RE38247,4985023,5177168,5034596,5146769
RE38248,4984803,5177003,5035218,5146641
RE38249,4984829,5177263,5033807,5146578
RE38250,4985097,5177278,5034561,5146969
RE38251,4985171,5177414,5034548,5148327
RE38252,4985029,5177518,5035947,5147755
RE38253,4985020,5177236,5035412,5147725
RE38254,4985036,5177592,5035797,5148616
RE38255,4985110,5177335,5037524,5149717
RE38256,4984808,5177319,5035260,5149616
RE38257,4985292,5177350,5038454,5150415
RE38258,4984721,5176975,5038456,5150075
ADC_LIMIT:4985935,5178139,5042482,5154990,4983439,5175378,5028677,5140780
RE38259,4984986,5177111,5039038,5150686
RE38260,4984958,5177462,5038125,5151811
RE38261,4985047,5177404,5038471,5150585
RE38262,4984850,5177236,5038623,5151168
RE38263,4985293,5177288,5038190,5151001
RE38264,4985304,5177045,5037848,5151208
RE38265,4985052,5177106,5037429,5149212
RE38266,4985251,5177246,5036890,5150018
RE38267,4985109,5177163,5036479,5150514
RE38268,4985111,5177035,5038356,5151331
RE38269,4985244,5176908,5036104,5149775
RE38270,4985149,5177159,5035986,5147135
RE38271,4984956,5177306,5036292,5146380
RE38272,4984748,5177213,5036701,5146553
RE38273,4984923,5177119,5034432,5146697
RE38274,4985133,5176968,5033210,5145842
RE38275,4985131,5176962,5034181,5145076
RE38276,4984774,5176875,5031986,5144710
ADC_LIMIT:4985935,5178139,5042482,5154990,4983439,5175378,5028677,5140780
RE38277,4985056,5177065,5032502,5144448
RE38278,4984981,5177450,5032764,5144572
RE38279,4985021,5177241,5030537,5144751
RE38280,4985208,5176969,5031597,5143935
RE38281,4984708,5177014,5029898,5143146
RE38282,4985079,5177240,5029840,5144062
RE38283,4984855,5177006,5030460,5144355
RE38284,4984954,5176977,5030794,5142139
RE38285,4984940,5177074,5030609,5143497
RE38286,4985368,5177117,5031744,5143531
RE38287,4984875,5177423,5030244,5144888
RE38288,4985239,5177268,5031235,5146463
RE38289,4985354,5177284,5032287,5144818
RE38290,4984845,5177265,5032259,5144647
RE38291,4985274,5177007,5030985,5146266
RE38292,4985463,5177292,5033125,5144989
RE38293,4985071,5177184,5034359,5146021
ADC_LIMIT:4985935,5178139,5042482,5154990,4983439,5175378,5028677,5140780
RE38294,4985407,5177134,5035413,5147464
RE38295,4985070,5177295,5034372,5147856
RE38296,4985241,5177294,5036199,5149067
RE38297,4985497,5177063,5036752,5149948
RE38298,4985061,5177224,5036861,5150630
RE38299,4985434,5177142,5037511,5150206
RE38300,4985073,5176986,5036964,5151241
RE38301,4985001,5177463,5037857,5150374
RE38302,4985381,5177169,5038586,5152748
RE38303,4985158,5177484,5039083,5150902
RE38304,4984870,5177052,5039562,5151238
RE38305,4985141,5177026,5038692,5153251
RE38306,4984919,5177367,5038154,5150446
RE38307,4984963,5177365,5039481,5151182
RE38308,4985286,5176988,5038778,5151303
RE38309,4985214,5177223,5039729,5150249
RE38310,4985164,5177143,5038448,5150218
RE38311,4984820,5176964,5035514,5150317
ADC_LIMIT:4985935,5178139,5042482,5154990,4983439,5175378,5028677,5140780
RE38312,4985112,5176804,5036826,5149758
RE38313,4985132,5177262,5039066,5149566
RE38314,4985270,5176930,5036292,5148204
RE38315,4985062,5177095,5036120,5146992
RE38316,4984970,5176776,5034811,5147046
RE38317,4985200,5176904,5034517,5146528
RE38318,4984937,5177275,5032999,5147218
RE38319,4984870,5177124,5033482,5145379
RE38320,4985595,5177197,5032250,5146118
RE38321,4985277,5177239,5032669,5145550
RE38322,4985002,5177317,5031110,5144524
RE38323,4985145,5177360,5031634,5144396
RE38324,4985130,5177386,5030978,5144317
RE38325,4985138,5177207,5030748,5143481
RE38326,4985236,5176985,5031563,5142558
RE38327,4985178,5177407,5030551,5143523
RE38328,4984975,5176785,5030992,5143595
RE38329,4985125,5177105,5030756,5143074
ADC_LIMIT:4985935,5178139,5042482,5154990,4983439,5175378,5028677,5140780
RE38330,4985332,5176846,5030041,5142459
RE38331,4985426,5177084,5030881,5144264
RE38332,4985107,5177316,5031678,5144063
RE38333,4984891,5176944,5030687,5143826
RE38334,4984883,5177059,5032474,5144397
RE38335,4984837,5177224,5033703,5147090
RE38336,4985274,5177321,5033002,5145773
RE38337,4985418,5176989,5033122,5145660
RE38338,4984860,5177065,5033375,5147966
RE38339,4985069,5177064,5034671,5147605
RE38340,4985171,5177002,5034809,5147385
RE38341,4985088,5177267,5034659,5148066
RE38342,4985028,5177295,5036503,5147951
RE38343,4985000,5177350,5036480,5149732
RE38344,4985052,5177038,5037793,5148549
RE38345,4985019,5177044,5037046,5148265
RE38346,4985005,5177307,5037002,5150347
ADC_LIMIT:4985935,5178139,5042482,5154990,4983439,5175378,5028677,5140780
RE38347,4985136,5176838,5037171,5149375
RE38348,4985016,5176935,5037545,5150238
RE38349,4984877,5176819,5036795,5149324
RE38350,4984882,5176923,5038249,5148690
RE38351,4984682,5176758,5038485,5150438
RE38352,4985056,5177124,5037379,5150305
RE38353,4984946,5177105,5038671,5148874
RE38354,4985120,5176915,5037511,5151071
RE38355,4984653,5177037,5037804,5150287
RE38356,4984926,5176739,5037736,5149948
RE38357,4984987,5177104,5036935,5150878
RE38358,4984684,5177064,5037004,5149378
RE38359,4984958,5176918,5036592,5149186
RE38360,4984945,5176779,5036747,5150077
RE38361,4984869,5177026,5036277,5148772
RE38362,4984680,5177006,5035919,5148193
RE38363,4984520,5176791,5035084,5148933
RE38364,4984734,5176627,5034785,5148076
ADC_LIMIT:4985935,5178139,5042482,5154990,4983439,5175378,5028677,5140780
RE38365,4985438,5176890,5036300,5147394
RE38366,4985151,5177264,5033623,5147827
RE38367,4984983,5177249,5035007,5146914
RE38368,4984672,5176875,5034053,5146294
RE38369,4984896,5177200,5033349,5145819
RE38370,4984917,5176765,5033235,5145761
RE38371,4985065,5177366,5033780,5145517
RE38372,4985095,5177073,5033336,5144482
RE38373,4985022,5177281,5033558,5145878
RE38374,4985081,5177292,5032341,5145984
RE38375,4985114,5177368,5031335,5143897
RE38376,4985120,5177250,5031379,5145297
RE38377,4985341,5176981,5032538,5143981
RE38378,4985034,5176938,5031954,5144643
RE38379,4985159,5177088,5032760,5144100
RE38380,4985080,5177223,5031478,5146191
RE38381,4984804,5177049,5032992,5145383
RE38382,4984979,5176986,5033018,5146136
ADC_LIMIT:4985935,5178139,5042482,5154990,4983439,5175378,5028677,5140780
RE38383,4985049,5177289,5033314,5145456
RE38384,4985302,5177425,5033650,5146179
RE38385,4984863,5177437,5034239,5146886
RE38386,4984974,5176831,5033309,5147573
RE38387,4985104,5177128,5035332,5148614
RE38388,4985320,5176836,5034562,5147481
RE38389,4985194,5176905,5036948,5148211
RE38390,4985168,5176924,5037627,5149309
RE38391,4984960,5176991,5038196,5148812
RE38392,4984906,5176896,5037895,5150650
RE38393,4984939,5176827,5036700,5150720
RE38394,4985242,5177097,5037250,5151796
RE38395,4985049,5177358,5038326,5150843
RE38396,4984886,5177036,5038256,5152328
RE38397,4984944,5176880,5038895,5151193
RE38398,4985250,5176872,5038436,5152031
RE38399,4985176,5176872,5038768,5150726
ADC_LIMIT:4985935,5178139,5042482,5154990,4983439,5175378,5028677,5140780
RE38400,4985029,5176869,5038628,5148998
RE38401,4984843,5177301,5037883,5149802
RE38402,4985129,5176814,5038376,5150385
RE38403,4985094,5177370,5039845,5150538
RE38404,4984940,5176887,5037185,5149646
RE38405,4985302,5177148,5036820,5150906
RE38406,4984919,5177204,5036941,5149267
RE38407,4984842,5176951,5035866,5147291
RE38408,4984651,5176854,5035847,5148068
RE38409,4984956,5177409,5035118,5147975
RE38410,4985226,5177148,5033891,5147415
RE38411,4985191,5176617,5033497,5144324
RE38412,4985103,5177104,5033733,5144670
RE38413,4984854,5177145,5031579,5144841
RE38414,4985173,5176889,5032985,5144947
RE38415,4985033,5176914,5031936,5143566
RE38416,4984938,5176900,5030127,5142934
RE38417,4985443,5177216,5028579,5142949
ADC_LIMIT:4985935,5178139,5042482,5154990,4983439,5175378,5028579,5140780
RE38418,4985118,5177094,5031187,5142459
RE38419,4984947,5176989,5029384,5142961
RE38420,4985181,5177290,5030270,5142040
RE38421,4985161,5177117,5031894,5144476
RE38422,4984546,5176985,5029930,5143080
RE38423,4984980,5176833,5030369,5145335
RE38424,4985069,5177090,5031885,5142182
RE38425,4984944,5176986,5030717,5145473
RE38426,4985076,5177113,5031407,5144129
RE38427,4985195,5177103,5032887,5145773
RE38428,4985187,5177087,5033585,5146446
RE38429,4984975,5177132,5034551,5146126
RE38430,4985290,5176936,5032976,5146211
RE38431,4985091,5176947,5033978,5148579
RE38432,4985000,5177291,5035260,5148836
RE38433,4984856,5177128,5035757,5147882
RE38434,4985068,5177083,5036902,5148922
RE38435,4984813,5176443,5036917,5150439
ADC_LIMIT:4985935,5178139,5042482,5154990,4983439,5175378,5028579,5140780
RE38436,4985165,5177019,5038184,5150639
RE38437,4985060,5177311,5036560,5150168
RE38438,4985053,5177220,5038419,5150423
RE38439,4984999,5177113,5037834,5151646
RE38440,4985042,5176983,5038888,5151363
RE38441,4984836,5177175,5039445,5152046
RE38442,4985072,5176952,5038953,5151405
RE38443,4984754,5177227,5039662,5152602
RE38444,4984783,5177253,5039385,5151306
RE38445,4985177,5177129,5038014,5150288
RE38446,4984843,5176963,5039112,5149853
RE38447,4985151,5177360,5038764,5151474
RE38448,4984879,5177013,5037298,5149775
RE38449,4984616,5176686,5038359,5149354
RE38450,4984811,5177066,5037065,5149305
RE38451,4984750,5176559,5038325,5148221
RE38452,4984955,5176858,5035871,5148324
ADC_LIMIT:4985935,5178139,5042482,5154990,4983439,5175378,5028579,5140780
RE38453,4984937,5176523,5036326,5148461
RE38454,4985098,5177025,5036319,5148437
RE38455,4984990,5177173,5035344,5146807
RE38456,4984992,5176789,5034074,5145954
RE38457,4984984,5176798,5033616,5146726
RE38458,4984986,5176722,5032820,5146039
RE38459,4985127,5176930,5032837,5146596
RE38460,4985051,5176954,5034016,5143604
RE38461,4984803,5177285,5032630,5145678
RE38462,4984912,5177230,5032093,5144947
RE38463,4984842,5177342,5032094,5145019
RE38464,4984481,5176880,5031545,5143950
RE38465,4984861,5177127,5031467,5142766
RE38466,4985215,5177214,5032239,5145635
RE38467,4985159,5177218,5030725,5144571
RE38468,4985135,5177009,5031249,5143442
RE38469,4985006,5177074,5032302,5144082
RE38470,4984871,5177071,5032245,5144477
ADC_LIMIT:4985935,5178139,5042482,5154990,4983439,5175378,5028579,5140780
RE38471,4985062,5177132,5033252,5143808
RE38472,4984990,5177141,5032355,5145821
RE38473,4984948,5177319,5032512,5144441
RE38474,4985218,5177283,5033111,5145822
RE38475,4985048,5177132,5033284,5145997
RE38476,4984981,5177149,5033850,5144631
RE38477,4984804,5177214,5033063,5147073
RE38478,4985210,5176637,5033002,5145702
RE38479,4985032,5177314,5035665,5146668
RE38480,4985227,5177319,5035031,5147714
RE38481,4985180,5177045,5035459,5148697
RE38482,4985117,5177147,5035407,5148975
RE38483,4985005,5177186,5036281,5149409
RE38484,4985135,5177106,5036862,5150487
RE38485,4984777,5177006,5036186,5149395
RE38486,4984957,5176860,5037012,5149069
RE38487,4984878,5176734,5036719,5151039
RE38488,4984881,5176867,5037404,5151600
ADC_LIMIT:4985935,5178139,5042482,5154990,4983439,5175378,5028579,5140780
RE38489,4984761,5177030,5038581,5150307
RE38490,4984953,5177224,5038022,5150861
RE38491,4985029,5177197,5038392,5151065
RE38492,4985161,5177199,5038715,5150948
RE38493,4984765,5177135,5037048,5151119
RE38494,4984763,5176959,5037354,5151402
RE38495,4985113,5176620,5037711,5149580
RE38496,4984723,5176880,5036586,5149956
RE38497,4984632,5177012,5037343,5149589
RE38498,4984876,5176881,5035949,5147843
RE38499,4984778,5177016,5036295,5147871
RE38500,4984995,5177192,5035452,5146439
RE38501,4985042,5177268,5033906,5146954
RE38502,4985133,5177140,5033547,5147063
RE38503,4985190,5177099,5032499,5146426
RE38504,4984855,5177040,5033540,5145205
RE38505,4985066,5176936,5033382,5143717
ADC_LIMIT:4985935,5178139,5042482,5154990,4983439,5175378,5028579,5140780
RE38506,4985152,5177280,5030774,5143502
RE38507,4985001,5177108,5032593,5145447
RE38508,4985116,5177143,5030726,5144840
RE38509,4985120,5177145,5031516,5144006
RE38510,4985168,5177085,5030150,5144697
RE38511,4984641,5177342,5030474,5143748
RE38512,4984840,5177318,5031177,5144221
RE38513,4984935,5177013,5031483,5144046
RE38514,4985043,5177392,5030524,5144075
RE38515,4985203,5177451,5031799,5144513
RE38516,4985471,5177313,5032129,5145102
RE38517,4985113,5176943,5031660,5144271
RE38518,4985122,5177379,5032878,5145159
RE38519,4984727,5177244,5032367,5145104
RE38520,4985261,5176991,5033393,5147462
RE38521,4984954,5177291,5033000,5147979
RE38522,4985304,5177135,5036506,5146532
RE38523,4985308,5177372,5036345,5146500
ADC_LIMIT:4985935,5178139,5042482,5154990,4983439,5175378,5028579,5140780
RE38524,4985094,5177375,5035559,5149200
RE38525,4985060,5177122,5037633,5149833
RE38526,4985365,5177020,5037737,5149604
RE38527,4984969,5176974,5036614,5149731
RE38528,4984919,5177036,5037166,5149600
RE38529,4984792,5176841,5037467,5150777
RE38530,4985029,5177166,5037881,5150744
RE38531,4984758,5176848,5039510,5151311
RE38532,4984941,5177083,5039614,5151843
RE38533,4984898,5177265,5038940,5151451
RE38534,4985063,5176813,5038836,5152117
RE38535,4984706,5176734,5038196,5150603
RE38536,4984879,5177076,5038672,5151149
RE38537,4985058,5176812,5037675,5151311
RE38538,4985280,5177052,5038033,5150181
RE38539,4984941,5176831,5037125,5149801
RE38540,4984977,5176662,5038268,5150860
RE38541,4984868,5176921,5036665,5149595
ADC_LIMIT:4985935,5178139,5042482,5154990,4983439,5175378,5028579,5140780
RE38542,4984874,5176879,5037111,5148370
RE38543,4985140,5176936,5036554,5147826
RE38544,4985111,5177110,5035882,5147501
RE38545,4985113,5176605,5034460,5147188
RE38546,4985064,5177053,5034698,5147783
RE38547,4985053,5176971,5034042,5145302
RE38548,4984675,5176920,5033516,5145251
RE38549,4985292,5177019,5033016,5146178
RE38550,4984866,5176912,5032796,5144817
RE38551,4984873,5176924,5033580,5144301
RE38552,4984672,5176965,5032576,5143247
RE38553,4985039,5177067,5032446,5143110
RE38554,4985120,5177340,5031204,5142256
RE38555,4985401,5177058,5031163,5143385
RE38556,4985100,5176740,5031799,5143594
RE38557,4984865,5176805,5030351,5142293
RE38558,4984934,5176892,5031298,5143995
ADC_LIMIT:4985935,5178139,5042482,5154990,4983439,5175378,5028579,5140780
RE38559,4985154,5177263,5031633,5144396
RE38560,4985236,5177082,5030585,5142942
RE38561,4985114,5176995,5032051,5143717
RE38562,4984677,5176875,5032624,5145088
RE38563,4984709,5177243,5032283,5146108
RE38564,4985050,5177127,5034616,5146106
RE38565,4984983,5176848,5033459,5145306
RE38566,4985035,5176657,5033638,5147313
RE38567,4984902,5177094,5034317,5146086
RE38568,4985262,5177023,5035519,5147402
RE38569,4985026,5176889,5035904,5147663
RE38570,4985311,5177336,5034544,5147241
RE38571,4985318,5177103,5035244,5148919
RE38572,4985260,5177035,5035885,5148979
RE38573,4984792,5177215,5036088,5149194
RE38574,4985049,5176957,5037285,5149009
RE38575,4984812,5176761,5037717,5149954
RE38576,4985110,5176875,5037276,5150487
ADC_LIMIT:4985935,5178139,5042482,5154990,4983439,5175378,5028579,5140780
RE38577,4984750,5177344,5037295,5149740
RE38578,4985351,5177124,5037814,5149695
RE38579,4984862,5177168,5037023,5150418
RE38580,4984959,5177090,5037105,5149925
RE38581,4984808,5176944,5035519,5149707
RE38582,4984923,5176998,5036594,5150974
RE38583,4984965,5177106,5036932,5149749
RE38584,4985393,5177348,5037517,5149536
RE38585,4984992,5177040,5037459,5150460
RE38586,4984673,5177087,5036273,5149140
RE38587,4984731,5177009,5036037,5148946
RE38588,4984753,5176987,5037120,5149561
RE38589,4985046,5177059,5036481,5147504
RE38590,4984798,5176963,5035059,5149438
RE38591,4984921,5176911,5035122,5146903
RE38592,4984868,5176798,5035047,5147171
RE38593,4984788,5176997,5036048,5147885
RE38594,4984782,5176683,5035648,5148758
ADC_LIMIT:4985935,5178139,5042482,5154990,4983439,5175378,5028579,5140780
RE38595,4984866,5177136,5034319,5148092
RE38596,4985205,5177281,5032721,5146244
RE38597,4985077,5177238,5033817,5145398
RE38598,4984882,5176929,5032310,5144396
RE38599,4985193,5177067,5033004,5144555
RE38600,4984960,5177042,5033677,5145757
RE38601,4984795,5177145,5032435,5145757
RE38602,4984858,5177233,5033520,5144762
RE38603,4985007,5176925,5032391,5145894
RE38604,4984816,5177366,5031075,5144369
RE38605,4984800,5177149,5031948,5144663
RE38606,4985189,5176915,5031853,5145663
RE38607,4985140,5177429,5033316,5143813
RE38608,4985075,5176954,5032473,5145385
RE38609,4985052,5176732,5031453,5144446
RE38610,4984988,5176882,5031566,5144564
RE38611,4984794,5176563,5032856,5146034
ADC_LIMIT:4985935,5178139,5042482,5154990,4983439,5175378,5028579,5140780
RE38612,4985247,5177026,5032235,5146433
RE38613,4984928,5177168,5034013,5146719
RE38614,4985276,5177176,5032410,5146215
RE38615,4985172,5177227,5035184,5147377
RE38616,4985200,5177066,5034790,5148525
RE38617,4984918,5176964,5036369,5147927
RE38618,4984921,5177096,5034942,5149632
RE38619,4985190,5177169,5036211,5149948
RE38620,4985045,5176779,5036833,5148805
RE38621,4985187,5177209,5037886,5149701
RE38622,4985164,5176823,5037613,5150086
RE38623,4984942,5176832,5038893,5150534
RE38624,4985308,5176706,5037363,5151956
RE38625,4985473,5176993,5038786,5151309
RE38626,4985356,5176589,5037041,5152451
RE38627,4984914,5177027,5037493,5151168
RE38628,4984833,5176984,5038656,5152328
RE38629,4984883,5176829,5037525,5150525
ADC_LIMIT:4985935,5178139,5042482,5154990,4983439,5175378,5028579,5140780
RE38630,4985033,5177133,5036791,5150643
RE38631,4984943,5177032,5037323,5150285
RE38632,4984913,5176776,5036629,5148483
RE38633,4984960,5176972,5037609,5150671
RE38634,4985052,5177075,5036760,5149848
RE38635,4984968,5176706,5035351,5147337
RE38636,4985030,5177283,5034540,5147864
RE38637,4984761,5177091,5035733,5147656
RE38638,4985236,5177110,5033448,5146677
RE38639,4984930,5176874,5032428,5146274
RE38640,4985094,5177095,5032731,5146886
RE38641,4985309,5177076,5032825,5144944
RE38642,4985064,5177156,5032033,5143637
RE38643,4985156,5176843,5031736,5142801
RE38644,4985124,5177274,5030340,5143639
RE38645,4984999,5176921,5030999,5142705
RE38646,4984884,5176760,5031101,5143015
RE38647,4985248,5176745,5030585,5144345
ADC_LIMIT:4985935,5178139,5042482,5154990,4983439,5175378,5028579,5140780
RE38648,4984865,5177127,5030120,5142153
RE38649,4984614,5176981,5030289,5144471
RE38650,4984690,5176973,5030466,5143069
RE38651,4984825,5176839,5030367,5142744
RE38652,4985114,5177058,5031772,5143321
RE38653,4984955,5177081,5030110,5145059
RE38654,4985091,5177061,5032288,5145311
RE38655,4984922,5177085,5030933,5143885
RE38656,4984866,5177041,5031766,5145264
RE38657,4985299,5176769,5033061,5145841
RE38658,4985339,5177028,5035065,5146423
RE38659,4985045,5176964,5033373,5148062
RE38660,4985247,5177242,5035164,5148646
RE38661,4984964,5177011,5035168,5147837
RE38662,4985013,5176831,5036787,5148434
RE38663,4984850,5176893,5036685,5149068
RE38664,4984739,5176686,5037060,5149505
ADC_LIMIT:4985935,5178139,5042482,5154990,4983439,5175378,5028579,5140780
RE38665,4985154,5177012,5038639,5150096
RE38666,4984960,5177317,5038928,5149724
RE38667,4984943,5176994,5038230,5152006
RE38668,4984958,5177408,5037312,5152033
RE38669,4984927,5176767,5038091,5151702
RE38670,4984905,5177032,5039045,5151199
RE38671,4984922,5176867,5040487,5151571
RE38672,4984967,5177198,5039231,5152151
RE38673,4984934,5177081,5039107,5150965
RE38674,4985334,5176887,5038450,5151151
RE38675,4984951,5177139,5038561,5150379
RE38676,4984980,5177080,5037694,5150858
RE38677,4985249,5177055,5038065,5148783
RE38678,4984756,5176787,5038654,5149487
RE38679,4984768,5176877,5038906,5148584
RE38680,4985041,5176648,5037634,5149295
RE38681,4985123,5177081,5035923,5150232
RE38682,4984876,5177152,5034277,5147805
ADC_LIMIT:4985935,5178139,5042482,5154990,4983439,5175378,5028579,5140780
RE38683,4985124,5176930,5036152,5147375
RE38684,4985037,5177004,5033360,5146412
RE38685,4985074,5176894,5034547,5145322
RE38686,4985161,5176934,5033402,5146015
RE38687,4984821,5176904,5032392,5145163
RE38688,4984783,5177173,5033041,5144176
RE38689,4984950,5177089,5032211,5144629
RE38690,4984866,5176962,5030873,5143940
RE38691,4984912,5176982,5032454,5144153
RE38692,4985276,5177025,5031554,5143837
RE38693,4984812,5177008,5032348,5144129
RE38694,4984978,5177160,5032936,5142169
RE38695,4984768,5177038,5030491,5144783
RE38696,4984744,5176888,5031541,5144173
RE38697,4985158,5176895,5032526,5143176
RE38698,4985330,5176738,5030996,5143495
RE38699,4985100,5176897,5033297,5143312
RE38700,4985187,5177190,5032997,5145869
ADC_LIMIT:4985935,5178139,5042482,5154990,4983439,5175378,5028579,5140780
RE38701,4985085,5177108,5032172,5145226
RE38702,4984960,5177246,5033173,5145655
RE38703,4985274,5177058,5032049,5146993
RE38704,4985149,5176890,5033257,5146219
RE38705,4985126,5176976,5033046,5147235
RE38706,4984972,5177266,5034249,5146467
RE38707,4985099,5176932,5034503,5147497
RE38708,4985089,5177112,5035860,5147498
RE38709,4984955,5176956,5035728,5148767
RE38710,4984969,5177060,5035820,5148010
RE38711,4984941,5177003,5035737,5149850
RE38712,4985153,5177074,5037149,5149593
RE38713,4985177,5177135,5037397,5149116
RE38714,4985166,5176970,5037480,5150485
RE38715,4984808,5176871,5038562,5149302
RE38716,4985172,5176989,5038809,5150336
RE38717,4985108,5176805,5037814,5150499
ADC_LIMIT:4985935,5178139,5042482,5154990,4983439,5175378,5028579,5140780
RE38718,4985217,5176953,5037528,5150983
RE38719,4985125,5177443,5038145,5150308
RE38720,4985036,5176960,5038107,5150024
RE38721,4984866,5177231,5038999,5150126
RE38722,4984896,5177530,5037934,5150434
RE38723,4985324,5177132,5037542,5149909
RE38724,4985107,5177280,5035280,5149466
RE38725,4984992,5177274,5036851,5148587
RE38726,4985003,5177006,5036176,5148088
RE38727,4985154,5177466,5036490,5147522
RE38728,4985239,5176969,5036483,5147300
RE38729,4984968,5177239,5033878,5147501
RE38730,4985464,5177213,5034804,5146574
RE38731,4985100,5177218,5033209,5148234
RE38732,4985095,5177125,5034278,5144364
RE38733,4985198,5176701,5033127,5145337
RE38734,4985057,5176813,5031006,5144859
RE38735,4985063,5177027,5031611,5143962
ADC_LIMIT:4985935,5178139,5042482,5154990,4983439,5175378,5028579,5140780
RE38736,4985172,5177038,5032557,5142990
RE38737,4985214,5177190,5031465,5143274
RE38738,4984837,5177167,5031651,5143881
RE38739,4985013,5177379,5031058,5143262
RE38740,4984998,5177182,5031480,5142090
RE38741,4985109,5177125,5030405,5144050
RE38742,4985274,5177165,5030742,5144366
RE38743,4985118,5177134,5031800,5143245
RE38744,4985084,5176939,5031461,5143353
RE38745,4985553,5177513,5031826,5142318
RE38746,4985335,5177205,5031962,5146268
RE38747,4985512,5177143,5033156,5146964
RE38748,4985105,5176988,5033273,5146871
RE38749,4985031,5176891,5032488,5147897
RE38750,4984935,5176908,5034380,5145613
RE38751,4985224,5176954,5034722,5147580
RE38752,4984822,5176852,5034957,5146780
RE38753,4984717,5177121,5036704,5151158
ADC_LIMIT:4985935,5178139,5042482,5154990,4983439,5175378,5028579,5140780
RE38754,4985156,5177040,5035792,5150744
RE38755,4984922,5177039,5037743,5149452
RE38756,4984666,5176951,5037687,5151905
RE38757,4985180,5176877,5037829,5152447
RE38758,4985033,5177007,5037451,5152269
RE38759,4985066,5177280,5039157,5151544
RE38760,4985029,5177339,5039039,5152928
RE38761,4984677,5177233,5037855,5151185
RE38762,4984754,5176804,5039308,5152242
RE38763,4984700,5177100,5038959,5151286
RE38764,4985065,5177069,5038910,5151370
RE38765,4984974,5177026,5038476,5150337
RE38766,4984942,5177108,5038660,5150965
RE38767,4984687,5176975,5038802,5150298
RE38768,4984799,5177306,5036773,5149544
RE38769,4985081,5176848,5035436,5149046
RE38770,4985001,5177091,5036479,5148183
ADC_LIMIT:4985935,5178139,5042482,5154990,4983439,5175378,5028579,5140780
RE38771,4985054,5177589,5038210,5149688
RE38772,4985150,5176915,5034873,5147024
RE38773,4984985,5177050,5034927,5148823
RE38774,4985210,5177125,5033660,5146382
RE38775,4984797,5176817,5034300,5145095
RE38776,4985022,5176988,5032779,5144495
RE38777,4984833,5176817,5031720,5146453
RE38778,4984696,5176831,5031406,5144738
RE38779,4985079,5176806,5031324,5145240
RE38780,4985104,5177055,5032212,5144186
RE38781,4984976,5177145,5031350,5142931
RE38782,4985170,5176958,5032894,5144937
RE38783,4985084,5177089,5031305,5143201
RE38784,4985138,5176994,5030432,5141721
RE38785,4985125,5176698,5030985,5142779
RE38786,4984777,5177009,5030177,5141744
RE38787,4984935,5177052,5031099,5143777
RE38788,4984947,5177010,5030585,5142851
ADC_LIMIT:4985935,5178139,5042482,5154990,4983439,5175378,5028579,5140780
RE38789,4984799,5176893,5030117,5144431
RE38790,4984829,5176816,5030997,5145558
RE38791,4985191,5176793,5032338,5145399
RE38792,4985070,5176707,5033161,5147693
RE38793,4984806,5177321,5033734,5147594
RE38794,4985106,5176856,5032432,5145713
RE38795,4984975,5177042,5033719,5147683
RE38796,4984929,5177171,5034815,5147226
RE38797,4984795,5177093,5036027,5147109
RE38798,4984658,5177548,5035912,5148549
RE38799,4984798,5177054,5036869,5148054
RE38800,4984944,5177466,5035127,5148404
RE38801,4985014,5177097,5036581,5148577
RE38802,4985049,5177437,5037123,5150186
RE38803,4985122,5176784,5036770,5150520
RE38804,4985018,5176962,5038464,5150460
RE38805,4985022,5176970,5037943,5149845
RE38806,4984847,5176989,5036180,5150579
ADC_LIMIT:4985935,5178139,5042482,5154990,4983439,5175378,5028579,5140780
RE38807,4984741,5177140,5037081,5149532
RE38808,4984979,5177404,5037053,5150689
RE38809,4984765,5177230,5037610,5150841
RE38810,4985161,5177031,5037571,5151254
RE38811,4984959,5176966,5036465,5149769
RE38812,4985189,5176944,5038333,5150433
RE38813,4984723,5176962,5038096,5147635
RE38814,4984752,5176451,5036273,5149579
RE38815,4984853,5176768,5036952,5149404
RE38816,4984820,5176954,5036280,5148274
RE38817,4984795,5176953,5035641,5149332
RE38818,4984908,5177257,5035128,5149270
RE38819,4984812,5176816,5035584,5146737
RE38820,4984947,5176927,5034906,5147688
RE38821,4984720,5176595,5035241,5146992
RE38822,4985117,5176835,5035375,5148890
RE38823,4984790,5177046,5035096,5146547
ADC_LIMIT:4985935,5178139,5042482,5154990,4983439,5175378,5028579,5140780
RE38824,4984916,5176708,5034723,5147625
RE38825,4984996,5176800,5033528,5147103
RE38826,4985120,5176929,5032794,5147347
RE38827,4984972,5177015,5032366,5143892
RE38828,4985056,5176825,5033133,5144391
RE38829,4984767,5176876,5031636,5144864
RE38830,4985148,5176478,5031787,5144222
RE38831,4985178,5177144,5031736,5145190
RE38832,4984723,5177183,5030558,5144720
RE38833,4984634,5177097,5032385,5145137
RE38834,4984673,5176730,5031150,5144915
RE38835,4984658,5176787,5031500,5145096
RE38836,4984744,5176974,5032306,5145420
RE38837,4984771,5176920,5032729,5145018
RE38838,4985116,5176924,5032869,5144691
RE38839,4985070,5177028,5033236,5144732
RE38840,4984836,5177084,5033478,5145783
RE38841,4984784,5176973,5034187,5147261
ADC_LIMIT:4985935,5178139,5042482,5154990,4983439,5175378,5028579,5140780
RE38842,4984558,5176836,5033873,5146208
RE38843,4984897,5176886,5033121,5147646
RE38844,4984731,5176990,5035452,5146918
RE38845,4985043,5177297,5035999,5147073
RE38846,4984968,5176995,5036006,5148808
RE38847,4985056,5176994,5037051,5149174
RE38848,4984886,5176932,5038248,5147951
RE38849,4984735,5176782,5036268,5150636
RE38850,4984611,5177115,5036258,5150840
RE38851,4984866,5177039,5037273,5151136
RE38852,4984851,5176904,5038464,5150397
RE38853,4984794,5176840,5038463,5151331
RE38854,4984776,5176799,5038484,5152160
RE38855,4984592,5176964,5038446,5150663
RE38856,4984750,5176640,5037472,5148905
RE38857,4984707,5176780,5037402,5150125
RE38858,4984650,5176593,5037193,5150344
RE38859,4984862,5176845,5036922,5149403
ADC_LIMIT:4985935,5178139,5042482,5154990,4983439,5175378,5028579,5140780
RE38860,4984668,5176937,5036703,5149373
RE38861,4984686,5176658,5037254,5149174
RE38862,4985227,5176821,5037103,5149769
RE38863,4984714,5177200,5035272,5147561
RE38864,4984890,5176655,5034526,5147217
RE38865,4984620,5177132,5034671,5147926
RE38866,4984870,5177220,5033289,5146753
RE38867,4985073,5176842,5032423,5146995
RE38868,4984879,5177052,5032364,5145409
RE38869,4985157,5176861,5031606,5145051
RE38870,4985040,5177090,5031862,5144385
RE38871,4985178,5177148,5031005,5143890
RE38872,4985030,5177004,5031142,5143601
RE38873,4984995,5177014,5030869,5144219
RE38874,4984935,5176784,5031101,5142092
RE38875,4985120,5176924,5031088,5142853
RE38876,4984734,5176982,5029311,5142509
ADC_LIMIT:4985935,5178139,5042482,5154990,4983439,5175378,5028579,5140780
RE38877,4985033,5176913,5030065,5142846
RE38878,4984995,5177025,5031614,5142623
RE38879,4985130,5177186,5030649,5142661
RE38880,4985056,5176924,5030076,5144188
RE38881,4984831,5177057,5030852,5142804
RE38882,4985116,5177067,5031408,5143790
RE38883,4984895,5177251,5032901,5145887
RE38884,4984955,5177058,5032568,5146308
RE38885,4984973,5177163,5033823,5145097
RE38886,4985016,5177257,5034008,5147060
RE38887,4985113,5177409,5033944,5147814
RE38888,4984739,5177152,5035046,5148914
RE38889,4984958,5177282,5036602,5148778
RE38890,4984547,5177261,5038247,5148092
RE38891,4985107,5176972,5037360,5150369
RE38892,4985163,5177227,5037592,5149542
RE38893,4984963,5177125,5037293,5150431
RE38894,4985130,5177232,5038629,5151248
ADC_LIMIT:4985935,5178139,5042482,5154990,4983439,5175378,5028579,5140780
RE38895,4984843,5176873,5039737,5153085
RE38896,4984971,5177317,5037898,5151614
RE38897,4985165,5176766,5038717,5151586
RE38898,4985056,5177153,5038977,5152212
RE38899,4984974,5177435,5039069,5152680
RE38900,4985138,5177082,5040466,5151265
RE38901,4984936,5177278,5037981,5151643
RE38902,4985006,5177185,5038660,5150489
RE38903,4984906,5176987,5038019,5150062
RE38904,4985030,5177374,5039515,5151507
RE38905,4984809,5177057,5037871,5150281
RE38906,4985078,5176899,5037535,5149660
RE38907,4984644,5176744,5035452,5148808
RE38908,4984872,5176883,5037517,5148229
RE38909,4984734,5176952,5035079,5149011
RE38910,4984928,5176854,5035627,5146757
RE38911,4984859,5177263,5034584,5147209
RE38912,4984944,5176852,5033530,5147448
ADC_LIMIT:4985935,5178139,5042482,5154990,4983439,5175378,5028579,5140780
RE38913,4984607,5176805,5033434,5147809
RE38914,4984624,5176823,5033218,5144781
RE38915,4984749,5177252,5032714,5145936
RE38916,4984926,5177141,5032312,5144242
RE38917,4984866,5177254,5031206,5145897
RE38918,4985128,5177013,5033178,5146444
RE38919,4984893,5176969,5030816,5143767
RE38920,4984696,5176840,5030568,5143651
RE38921,4984956,5176950,5031753,5143845
RE38922,4985048,5177030,5031083,5144792
RE38923,4985038,5177215,5031115,5144830
RE38924,4985151,5177084,5032241,5144276
RE38925,4985054,5176872,5030803,5144439
RE38926,4985019,5176839,5031824,5144708
RE38927,4985221,5176846,5029603,5145309
RE38928,4985150,5177069,5032240,5145421
RE38929,4984999,5177253,5033285,5145968
ADC_LIMIT:4985935,5178139,5042482,5154990,4983439,5175378,5028579,5140780
RE38930,4985119,5177165,5032124,5144953
RE38931,4984894,5176760,5031790,5146716
RE38932,4984943,5177018,5033094,5145345
RE38933,4985028,5176982,5034221,5146240
RE38934,4985090,5176846,5034697,5146433
RE38935,4984964,5176791,5033510,5147864
RE38936,4985099,5176664,5034544,5148155
RE38937,4984850,5176848,5035496,5148762
RE38938,4984962,5177187,5036607,5147403
RE38939,4985138,5177187,5037000,5149533
RE38940,4985166,5176925,5036736,5149297
RE38941,4985088,5177138,5036782,5149978
RE38942,4984910,5177295,5036768,5149786
RE38943,4984865,5177239,5037338,5149145
RE38944,4984920,5177003,5037185,5150481
RE38945,4985015,5177011,5038079,5150243
RE38946,4985110,5177155,5038469,5152478
RE38947,4985049,5176983,5038381,5151843
ADC_LIMIT:4985935,5178139,5042482,5154990,4983439,5175378,5028579,5140780
RE38948,4985076,5176988,5037467,5150441
RE38949,4984972,5177337,5036280,5149358
RE38950,4984921,5177013,5037002,5151135
RE38951,4984902,5177054,5037127,5149147
RE38952,4984884,5177256,5037866,5150155
RE38953,4985205,5177184,5035512,5149794
RE38954,4984983,5176610,5036304,5148186
RE38955,4984883,5176760,5035594,5147401
RE38956,4984659,5176880,5035429,5148335
RE38957,4984836,5176962,5034983,5147890
RE38958,4984719,5177134,5035038,5147582
RE38959,4984926,5176994,5033632,5146710
RE38960,4984854,5177032,5033338,5145133
RE38961,4984850,5176823,5032308,5144651
RE38962,4984674,5177015,5032349,5144696
RE38963,4984868,5176925,5031222,5144975
RE38964,4984572,5177065,5031028,5144221
RE38965,4984614,5176922,5030260,5144467
ADC_LIMIT:4985935,5178139,5042482,5154990,4983439,5175378,5028579,5140780
RE38966,4985048,5176777,5029528,5143698
RE38967,4984886,5177172,5030030,5141693
RE38968,4984635,5177074,5030736,5143019
RE38969,4985226,5177010,5030029,5144067
RE38970,4984686,5177050,5030373,5143233
RE38971,4984860,5177195,5031535,5144285
RE38972,4985321,5176770,5030704,5144251
RE38973,4984893,5176961,5032121,5144042
RE38974,4984989,5176971,5031320,5145389
RE38975,4984935,5177364,5032097,5144715
RE38976,4984857,5176998,5031301,5145182
RE38977,4984633,5176769,5033981,5146598
RE38978,4984828,5176812,5034411,5147379
RE38979,4984899,5176885,5034064,5147562
RE38980,4985007,5177106,5036040,5147970
RE38981,4984861,5176966,5036510,5149211
RE38982,4984879,5176853,5036930,5149640
ADC_LIMIT:4985935,5178139,5042482,5154990,4983439,5175378,5028579,5140780
RE38983,4985132,5177413,5037263,5150966
RE38984,4984642,5176797,5037447,5152111
RE38985,4984855,5177091,5037653,5150499
RE38986,4984820,5176996,5038341,5150920
RE38987,4984975,5177125,5038297,5151997
RE38988,4984948,5177044,5039500,5151094
RE38989,4985006,5177097,5039309,5150162
RE38990,4984856,5176619,5038930,5150969
RE38991,4984955,5177490,5039083,5152037
RE38992,4984816,5176907,5037603,5152046
RE38993,4984738,5177136,5037916,5150906
RE38994,4985007,5176911,5038854,5150483
RE38995,4984826,5176894,5037614,5149363
RE38996,4984945,5176802,5038580,5150309
RE38997,4984916,5176933,5037237,5148064
RE38998,4984792,5176840,5036073,5148378
RE38999,4984748,5177076,5035068,5148804
RE39000,4985056,5176954,5035079,5147210
ADC_LIMIT:4985935,5178139,5042482,5154990,4983439,5175378,5028579,5140780
RE39001,4984800,5176909,5035099,5147272
RE39002,4984981,5176961,5034055,5145923
RE39003,4984872,5176738,5032962,5146430
RE39004,4984677,5177191,5032201,5145313
RE39005,4985043,5176850,5032119,5145701
RE39006,4984976,5176990,5030258,5143728
RE39007,4985173,5176907,5032175,5142663
RE39008,4984869,5177125,5031187,5144256
RE39009,4984973,5177345,5030875,5144603
RE39010,4985096,5177161,5030801,5141517
RE39011,4985128,5177039,5030428,5144289
RE39012,4984751,5176772,5029954,5143704
RE39013,4984932,5177116,5030710,5143103
RE39014,4985021,5176709,5030879,5142566
RE39015,4984710,5176956,5030790,5143815
RE39016,4985047,5177002,5031011,5145219
RE39017,4984886,5176935,5031623,5144797
RE39018,4984608,5176733,5031797,5144605
ADC_LIMIT:4985935,5178139,5042482,5154990,4983439,5175378,5028579,5140780
RE39019,4985104,5176919,5033884,5144563
RE39020,4984894,5177222,5031326,5147377
RE39021,4985016,5177100,5031304,5146160
RE39022,4984902,5177143,5033951,5147499
RE39023,4984505,5177406,5033465,5146410
RE39024,4984755,5177362,5033948,5147477
RE39025,4984964,5176971,5034856,5148272
RE39026,4985050,5177239,5034768,5148194
RE39027,4985112,5176882,5037164,5150911
RE39028,4985145,5177202,5035132,5148604
RE39029,4985019,5177213,5038913,5148568
RE39030,4985232,5177231,5038387,5150266
RE39031,4985068,5177155,5036725,5148566
RE39032,4984986,5177103,5035661,5149976
RE39033,4985090,5176868,5036168,5149889
RE39034,4985222,5177050,5037434,5149894
RE39035,4985285,5177278,5037927,5150586
ADC_LIMIT:4985935,5178139,5042482,5154990,4983439,5175378,5028579,5140780
RE39036,4984946,5177265,5036662,5149726
RE39037,4984770,5176738,5036764,5149753
RE39038,4985017,5177057,5036778,5149074
RE39039,4985025,5177019,5036523,5150192
RE39040,4985086,5177034,5035060,5149152
RE39041,4985166,5177127,5036976,5149878
RE39042,4984844,5177071,5037520,5149508
RE39043,4984890,5176989,5036805,5149288
RE39044,4984736,5177104,5035902,5149021
RE39045,4984844,5177087,5036640,5147065
RE39046,4984856,5177067,5035139,5148991
RE39047,4984879,5177043,5035971,5147162
RE39048,4984826,5177228,5035086,5147010
RE39049,4985356,5176995,5036037,5147487
RE39050,4985378,5176997,5034120,5145661
RE39051,4985247,5176954,5033879,5145013
RE39052,4984886,5176907,5032978,5146045
RE39053,4985166,5177231,5034784,5145300
ADC_LIMIT:4985935,5178139,5042482,5154990,4983439,5175378,5028579,5140780
RE39054,4985098,5177371,5032042,5143900
RE39055,4985428,5177325,5032444,5145748
RE39056,4985390,5177027,5031525,5145405
RE39057,4985188,5177134,5031063,5144490
RE39058,4984928,5176969,5033860,5146235
RE39059,4984832,5177347,5031729,5144622
RE39060,4985036,5177069,5032351,5144162
RE39061,4984742,5177163,5030839,5144570
RE39062,4984986,5177386,5031347,5145459
RE39063,4985211,5177391,5031360,5143196
RE39064,4984921,5177339,5032669,5143758
RE39065,4984938,5177132,5032015,5145011
RE39066,4985004,5177060,5032024,5145873
RE39067,4985193,5177301,5034274,5144327
RE39068,4984883,5176901,5033773,5146576
RE39069,4985019,5177026,5033360,5147171
RE39070,4985231,5177234,5033401,5146186
RE39071,4985114,5177456,5034668,5148357
ADC_LIMIT:4985935,5178139,5042482,5154990,4983439,5175378,5028579,5140780
RE39072,4985502,5177159,5035384,5148614
RE39073,4985090,5177332,5036369,5146428
RE39074,4985414,5177344,5035189,5148530
RE39075,4985109,5177284,5034523,5149168
RE39076,4984921,5177130,5036492,5151450
RE39077,4984986,5177180,5036073,5149932
RE39078,4985003,5177367,5036818,5149416
RE39079,4985012,5177217,5036121,5150788
RE39080,4984978,5177082,5037117,5151607
RE39081,4984982,5177169,5038961,5149778
RE39082,4985098,5177201,5038410,5151457
RE39083,4985082,5176983,5039036,5151535
RE39084,4984904,5176851,5038389,5150567
RE39085,4985095,5176689,5038188,5150715
RE39086,4985031,5176973,5037432,5151054
RE39087,4985110,5177183,5037764,5149745
RE39088,4985040,5176979,5038589,5150744
ADC_LIMIT:4985935,5178139,5042482,5154990,4983439,5175378,5028579,5140780
RE39089,4984810,5177144,5037791,5150565
RE39090,4985104,5176756,5036660,5148142
RE39091,4984883,5177110,5035767,5147524
RE39092,4985020,5176996,5034922,5147453
RE39093,4984917,5176851,5035581,5147396
RE39094,4984934,5176781,5034217,5146634
RE39095,4985043,5176976,5033828,5146052
RE39096,4984829,5177364,5033545,5145481
RE39097,4984948,5177285,5031017,5144083
RE39098,4985213,5177198,5031981,5145332
RE39099,4985145,5177189,5030794,5143935
RE39100,4984920,5177092,5029874,5143163
RE39101,4985039,5176987,5030793,5144166
RE39102,4985198,5176813,5030355,5143320
RE39103,4984675,5176997,5032576,5142989
RE39104,4985090,5176996,5029719,5142936
RE39105,4984895,5176882,5029904,5144277
RE39106,4985104,5177242,5030287,5141640
ADC_LIMIT:4985935,5178139,5042482,5154990,4983439,5175378,5028579,5140780
RE39107,4985260,5177203,5030653,5142742
RE39108,4984882,5177189,5031296,5143418
RE39109,4985224,5177157,5029161,5143271
RE39110,4985040,5176960,5031673,5144164
RE39111,4985066,5177351,5031518,5144072
RE39112,4985193,5176988,5032304,5145091
RE39113,4984774,5177286,5033649,5145122
RE39114,4985012,5176994,5033196,5146725
RE39115,4985046,5176864,5033285,5146647
RE39116,4984539,5177096,5034578,5147231
RE39117,4985197,5177284,5035770,5149424
RE39118,4984865,5177040,5035487,5148300
RE39119,4984879,5177040,5036522,5149538
RE39120,4985010,5176822,5037287,5149562
RE39121,4984613,5177013,5038144,5151043
RE39122,4984794,5177131,5036118,5150590
RE39123,4984780,5177057,5037356,5152040
RE39124,4984557,5177139,5039097,5151627
ADC_LIMIT:4985935,5178139,5042482,5154990,4983439,5175378,5028579,5140780
RE39125,4984678,5177197,5039001,5151637
RE39126,4985135,5177301,5040234,5152843
RE39127,4985199,5177251,5039337,5151148
RE39128,4985071,5177159,5039334,5152018
RE39129,4984549,5177212,5038783,5152423
RE39130,4984715,5176885,5040440,5151489
RE39131,4984775,5177234,5039362,5150915
RE39132,4984856,5177408,5038217,5151218
RE39133,4985230,5176915,5038791,5150784
RE39134,4985003,5177302,5037488,5148985
RE39135,4984646,5177039,5037633,5149725
RE39136,4985038,5176958,5037408,5148701
RE39137,4984902,5176799,5036063,5149375
RE39138,4984995,5176925,5035313,5147543
RE39139,4984889,5177135,5035596,5146406
RE39140,4984920,5177102,5034264,5146683
RE39141,4984955,5176782,5034149,5147116
ADC_LIMIT:4985935,5178139,5042482,5154990,4983439,5175378,5028579,5140780
RE39142,4984762,5177155,5033233,5146782
RE39143,4985087,5177303,5033347,5145833
RE39144,4984995,5176985,5032937,5144462
RE39145,4984603,5177294,5033163,5145597
RE39146,4984664,5177058,5032433,5145566
RE39147,4984747,5176911,5032309,5146149
RE39148,4984861,5176944,5032042,5144885
RE39149,4984923,5176957,5032313,5144319
RE39150,4984858,5177205,5030722,5143568
RE39151,4984854,5177103,5031781,5144297
RE39152,4985025,5177136,5032839,5143591
RE39153,4984674,5177186,5031553,5144955
RE39154,4984903,5176705,5031176,5144208
RE39155,4985080,5177104,5033330,5144714
RE39156,4984941,5176904,5031933,5145489
RE39157,4984728,5176876,5031321,5145417
RE39158,4985219,5177118,5032467,5146437
RE39159,4984980,5176938,5031988,5146081
ADC_LIMIT:4985935,5178139,5042482,5154990,4983439,5175378,5028579,5140780
RE39160,4985153,5177149,5032319,5144803
RE39161,4985164,5177268,5034655,5146286
RE39162,4985101,5177098,5034197,5146259
RE39163,4984845,5176999,5035130,5145928
RE39164,4985151,5177074,5034311,5148315
RE39165,4985007,5177127,5035901,5148815
RE39166,4984887,5176911,5036053,5150205
RE39167,4985096,5176923,5035396,5147804
RE39168,4984819,5177009,5037436,5150136
RE39169,4985085,5177048,5036271,5149246
RE39170,4985169,5177056,5036016,5149220
RE39171,4985068,5177506,5036693,5150861
RE39172,4984922,5177268,5036395,5150289
RE39173,4984978,5176861,5036369,5150878
RE39174,4984786,5176902,5038211,5150312
RE39175,4985171,5177221,5038587,5151202
RE39176,4985291,5177254,5036948,5150178
RE39177,4985050,5177422,5036713,5151037
ADC_LIMIT:4985935,5178139,5042482,5154990,4983439,5175378,5028579,5140780
RE39178,4985215,5177332,5038421,5150104
RE39179,4985286,5177122,5036651,5150031
RE39180,4985277,5177194,5036633,5149166
RE39181,4985002,5176965,5036928,5148831
RE39182,4984846,5176978,5036171,5150537
RE39183,4984953,5177014,5035507,5147166
RE39184,4985013,5177170,5035443,5148201
RE39185,4984846,5176978,5034729,5147137
RE39186,4984943,5177249,5035119,5146485
RE39187,4985095,5177162,5035051,5146461
RE39188,4985048,5177105,5033790,5145203
RE39189,4985049,5177165,5034304,5144729
RE39190,4985144,5176986,5032773,5144979
RE39191,4985173,5176968,5031834,5144878
RE39192,4985187,5177016,5032046,5145165
RE39193,4984958,5177276,5031356,5144233
RE39194,4985498,5177096,5031426,5143736
ADC_LIMIT:4985935,5178139,5042482,5154990,4983439,5175378,5028579,5140780
RE39195,4985210,5177301,5031023,5142947
RE39196,4985311,5176865,5030858,5142083
RE39197,4985161,5176749,5032696,5142065
RE39198,4984947,5177234,5030883,5144334
RE39199,4985297,5177252,5031865,5143726
RE39200,4985178,5177074,5031928,5143534
RE39201,4984970,5177044,5029971,5145141
RE39202,4985121,5177410,5030813,5143758
RE39203,4984932,5177431,5031114,5145161
RE39204,4985013,5177469,5031948,5146003
RE39205,4984893,5177306,5033132,5145257
RE39206,4985204,5176800,5033858,5147169
RE39207,4985328,5176815,5034338,5146215
RE39208,4984882,5176689,5034925,5147200
RE39209,4985323,5177064,5034884,5148654
RE39210,4985280,5177465,5036121,5147353
RE39211,4985055,5177088,5036708,5150073
RE39212,4985191,5177225,5036681,5148716
ADC_LIMIT:4985935,5178139,5042482,5154990,4983439,5175378,5028579,5140780
RE39213,4985211,5177150,5038840,5150032
RE39214,4984901,5177078,5037252,5150529
RE39215,4984937,5177214,5038373,5152420
RE39216,4985053,5177078,5038185,5151101
RE39217,4985047,5177280,5038745,5150601
RE39218,4985125,5177163,5039110,5153196
RE39219,4984833,5177327,5038716,5151150
RE39220,4984743,5177283,5038280,5150801
RE39221,4985055,5177175,5039234,5150783
RE39222,4985016,5177194,5038479,5149518
RE39223,4984828,5177194,5038024,5150158
RE39224,4985053,5177232,5037824,5149867
RE39225,4985090,5177208,5036732,5149736
RE39226,4985216,5176993,5036284,5148126
RE39227,4984938,5177108,5036162,5150204
RE39228,4984879,5177196,5035926,5149335
RE39229,4984928,5176856,5035580,5147688
RE39230,4984829,5177103,5034138,5147667
ADC_LIMIT:4985935,5178139,5042482,5154990,4983439,5175378,5028579,5140780
RE39231,4984798,5177047,5034346,5145264
RE39232,4985033,5177048,5034019,5145936
RE39233,4985100,5177165,5034163,5145604
RE39234,4985158,5177315,5032259,5145175
RE39235,4984891,5176963,5032159,5145488
RE39236,4985234,5176923,5033185,5143451
RE39237,4985225,5177224,5031559,5144159
RE39238,4984920,5177203,5031885,5143861
RE39239,4985334,5177250,5030898,5143273
RE39240,4985361,5177333,5029511,5143685
RE39241,4985250,5177133,5029910,5142360
RE39242,4985060,5176813,5030237,5141858
RE39243,4985125,5177292,5029745,5144000
RE39244,4984842,5177216,5030602,5144591
RE39245,4985077,5177300,5030186,5143793
RE39246,4984837,5177031,5033170,5143680
RE39247,4985100,5177170,5031644,5143329
ADC_LIMIT:4985935,5178139,5042482,5154990,4983439,5175378,5028579,5140780
RE39248,4985030,5177138,5031429,5145524
RE39249,4985189,5177226,5030920,5144242
RE39250,4984865,5177342,5033604,5145346
RE39251,4984953,5177158,5032527,5146495
RE39252,4984930,5177565,5034239,5147149
RE39253,4985134,5177253,5034622,5146771
RE39254,4984928,5177441,5035565,5147000
RE39255,4985278,5177334,5033362,5148007
RE39256,4984732,5177379,5035559,5149096
RE39257,4984940,5177175,5035686,5147365
RE39258,4985095,5177543,5036522,5148702
RE39259,4985208,5177147,5037798,5148714
RE39260,4984853,5177107,5037288,5148878
RE39261,4984732,5177041,5035950,5148879
RE39262,4984992,5177413,5037425,5149490
RE39263,4985037,5177354,5036665,5148759
RE39264,4984919,5177327,5037895,5149864
RE39265,4984857,5177219,5037224,5150154
ADC_LIMIT:4985935,5178139,5042482,5154990,4983439,5175378,5028579,5140780
RE39266,4984702,5177343,5037557,5149824
RE39267,4984899,5177103,5036992,5149153
RE39268,4985350,5177074,5039251,5151144
RE39269,4985137,5177349,5037943,5149956
RE39270,4984898,5177090,5034789,5148692
RE39271,4985089,5177366,5035641,5149609
RE39272,4985176,5177381,5036339,5151060
RE39273,4985039,5177003,5037197,5148352
RE39274,4984925,5176961,5036458,5148194
RE39275,4985065,5177252,5036074,5147092
RE39276,4984862,5177372,5035761,5148270
RE39277,4984855,5176978,5035443,5147066
RE39278,4984961,5177193,5034030,5147069
RE39279,4985147,5177328,5035447,5148552
RE39280,4985019,5176997,5035395,5147371
RE39281,4985052,5177323,5033749,5146519
RE39282,4985312,5177570,5033016,5146014
RE39283,4984867,5177118,5033389,5145604
ADC_LIMIT:4985935,5178139,5042482,5154990,4983439,5175378,5028579,5140780
RE39284,4985020,5177343,5032992,5145130
RE39285,4985191,5177352,5031961,5146673
RE39286,4985042,5177233,5033322,5143903
RE39287,4985147,5177044,5032198,5144824
RE39288,4985016,5177104,5031921,5144234
RE39289,4985259,5177070,5031363,5144044
RE39290,4985074,5177291,5032020,5145969
RE39291,4985527,5177288,5031676,5144439
RE39292,4985235,5177469,5031919,5143965
RE39293,4985196,5176951,5032079,5144754
RE39294,4985324,5177639,5032955,5144646
RE39295,4984966,5176684,5031883,5144067
RE39296,4985030,5177294,5032875,5145590
RE39297,4985172,5177346,5033034,5145148
RE39298,4985036,5177223,5033473,5145952
RE39299,4985158,5177321,5035065,5146706
RE39300,4985190,5177359,5034595,5147994
ADC_LIMIT:4985935,5178139,5042482,5154990,4983439,5175378,5028579,5140780
RE39301,4985182,5177716,5032959,5148002
RE39302,4985150,5177531,5034720,5148069
RE39303,4985391,5177351,5036031,5148686
RE39304,4985350,5177349,5036740,5147921
RE39305,4984962,5177289,5035842,5149216
RE39306,4985207,5177320,5037845,5150279
RE39307,4985125,5177190,5036924,5149599
RE39308,4985175,5177104,5038237,5150035
RE39309,4984957,5177577,5037695,5149985
RE39310,4984836,5177123,5037521,5150518
RE39311,4985057,5177462,5038443,5149696
RE39312,4985040,5177584,5038309,5151940
RE39313,4985136,5177415,5038770,5151582
RE39314,4984911,5177117,5037175,5151070
RE39315,4984958,5177090,5036920,5150286
RE39316,4984811,5176972,5038207,5149859
RE39317,4985162,5177206,5038234,5149567
RE39318,4984717,5177048,5037269,5149856
ADC_LIMIT:4985935,5178139,5042482,5154990,4983439,5175378,5028579,5140780
RE39319,4985175,5176989,5037293,5149434
RE39320,4984737,5177220,5037718,5147973
RE39321,4984931,5177162,5036899,5147545
RE39322,4984731,5177341,5035030,5146774
RE39323,4984873,5177183,5035007,5148229
RE39324,4985106,5176718,5034405,5147194
RE39325,4985328,5177271,5033081,5145702
RE39326,4985018,5177009,5034068,5144695
RE39327,4984704,5177074,5031386,5145769
RE39328,4985117,5177259,5031529,5144491
RE39329,4984998,5177341,5032534,5143580
RE39330,4984975,5176895,5031304,5144109
RE39331,4985173,5177102,5030873,5144262
RE39332,4985016,5177378,5029818,5142796
RE39333,4985186,5177600,5030154,5141431
RE39334,4984910,5177145,5028641,5142760
RE39335,4985092,5177569,5029349,5142872
RE39336,4985158,5177688,5030315,5143613
ADC_LIMIT:4985935,5178139,5042482,5154990,4983439,5175378,5028579,5140780
RE39337,4985369,5177618,5029003,5144371
RE39338,4985303,5177356,5030791,5141814
RE39339,4985457,5177459,5031057,5142896
RE39340,4985270,5177325,5030088,5144084
RE39341,4985231,5177321,5033833,5144756
RE39342,4985236,5177379,5032150,5144883
RE39343,4985147,5177493,5033512,5145199
RE39344,4985397,5177243,5032206,5145426
RE39345,4984739,5177170,5033267,5146581
RE39346,4985060,5177664,5034951,5147186
RE39347,4985112,5177183,5035355,5148988
RE39348,4985106,5177385,5033928,5148827
RE39349,4985184,5177184,5036390,5150216
RE39350,4985204,5177130,5038032,5150518
RE39351,4985200,5177368,5037427,5151629
RE39352,4985447,5177319,5038411,5150717
RE39353,4985223,5177351,5039317,5150973
ADC_LIMIT:4985935,5178139,5042482,5154990,4983439,5175378,5028579,5140780
RE39354,4985386,5177409,5039592,5151092
RE39355,4985292,5177282,5039349,5151882
RE39356,4985146,5177309,5039555,5151505
RE39357,4985533,5177375,5040638,5151524
RE39358,4984739,5177389,5038852,5151863
RE39359,4985349,5177291,5039608,5150809
RE39360,4985100,5177376,5038467,5151912
RE39361,4985277,5177276,5039428,5151543
RE39362,4985563,5177322,5039041,5150407
RE39363,4985369,5177398,5037790,5150813
RE39364,4985273,5177252,5037219,5150676
RE39365,4985005,5177531,5037689,5149345
RE39366,4985108,5176902,5037300,5147926
RE39367,4985216,5176895,5036503,5148958
RE39368,4985200,5177392,5035750,5148194
RE39369,4985261,5177468,5034833,5146840
RE39370,4985431,5177375,5036214,5147132
RE39371,4985063,5177200,5032991,5145532
ADC_LIMIT:4985935,5178139,5042482,5154990,4983439,5175378,5028579,5140780
RE39372,4985149,5177413,5031848,5145868
RE39373,4984930,5177482,5032775,5145333
RE39374,4984881,5177231,5033134,5144969
RE39375,4984823,5177156,5031715,5145577
RE39376,4985453,5177332,5030630,5143287
RE39377,4985126,5176978,5032222,5143935
RE39378,4985017,5177359,5031829,5144998
RE39379,4985138,5177108,5031707,5144324
RE39380,4985070,5177183,5030020,5143844
RE39381,4985056,5177571,5031971,5143571
RE39382,4985034,5176946,5032340,5144159
RE39383,4985237,5176823,5031462,5143491
RE39384,4985238,5176871,5030061,5145270
RE39385,4985128,5177218,5031601,5143682
RE39386,4985284,5177284,5032447,5144597
RE39387,4985364,5177173,5032609,5144386
RE39388,4984997,5177100,5032235,5145021
RE39389,4985094,5177282,5032594,5146001
ADC_LIMIT:4985935,5178139,5042482,5154990,4983439,5175378,5028579,5140780
RE39390,4985478,5177162,5032729,5147017
RE39391,4984950,5177357,5033730,5146819
RE39392,4984955,5177511,5033609,5146176
RE39393,4985250,5177285,5035616,5146321
RE39394,4985043,5177234,5034313,5146822
RE39395,4985110,5177099,5034760,5147816
RE39396,4985511,5177445,5036458,5148692
RE39397,4985208,5177379,5035799,5148207
RE39398,4985223,5177196,5036928,5147671
RE39399,4985110,5177074,5036955,5149257
RE39400,4985328,5176998,5037322,5150359
RE39401,4985092,5177066,5037349,5149654
RE39402,4985074,5177013,5037859,5150097
RE39403,4984855,5177247,5037670,5150221
RE39404,4985331,5177398,5039030,5151691
RE39405,4985246,5177460,5036881,5149698
RE39406,4985245,5177327,5037349,5150623
ADC_LIMIT:4985935,5178139,5042482,5154990,4983439,5175378,5028579,5140780
RE39407,4984862,5177392,5038376,5151109
RE39408,4985465,5177517,5038621,5151554
RE39409,4985304,5177246,5037352,5149854
RE39410,4985349,5177643,5038099,5150922
RE39411,4985444,5177093,5038049,5149511
RE39412,4985153,5177554,5036784,5148540
RE39413,4985459,5177417,5036912,5148658
RE39414,4985228,5177313,5035208,5148771
RE39415,4985457,5176942,5035916,5147474
RE39416,4985165,5177025,5035600,5148004
RE39417,4985121,5177453,5033764,5147023
RE39418,4985308,5177396,5033844,5143495
RE39419,4985527,5176763,5032751,5144748
RE39420,4985341,5176564,5032640,5144241
RE39421,4984966,5176945,5032934,5145185
RE39422,4984765,5177278,5031413,5145356
RE39423,4985064,5176858,5030791,5142550
RE39424,4985188,5176997,5030395,5142747
ADC_LIMIT:4985935,5178139,5042482,5154990,4983439,5175378,5028579,5140780
RE39425,4985048,5177248,5031368,5143789
RE39426,4984969,5176865,5031555,5143951
RE39427,4985270,5177190,5031769,5143546
RE39428,4985142,5177256,5030924,5144196
RE39429,4985461,5177335,5032057,5141546
RE39430,4985394,5177194,5030983,5143433
RE39431,4985323,5177137,5029791,5143557
RE39432,4985438,5177384,5030964,5144719
RE39433,4985134,5177119,5031190,5145629
RE39434,4985474,5177458,5034069,5145595
RE39435,4985191,5177220,5033332,5145662
RE39436,4985482,5176903,5033778,5146547
RE39437,4985454,5177103,5033261,5146668
RE39438,4985315,5176992,5034876,5147002
RE39439,4985240,5177201,5036002,5149013
RE39440,4985398,5177200,5036876,5147730
RE39441,4985279,5177129,5037952,5148378
RE39442,4985080,5177428,5036591,5148935
ADC_LIMIT:4985935,5178139,5042482,5154990,4983439,5175378,5028579,5140780
RE39443,4985428,5177183,5037639,5149860
RE39444,4985368,5177621,5037986,5152580
RE39445,4985050,5177028,5038950,5150338
RE39446,4985149,5177375,5039306,5152373
RE39447,4984841,5177087,5038072,5150563
RE39448,4985168,5177274,5038754,5151717
RE39449,4984985,5177257,5038372,5151512
RE39450,4985291,5177204,5039977,5152645
RE39451,4985049,5177293,5038949,5150592
RE39452,4985274,5177031,5038606,5150541
RE39453,4984818,5176912,5038683,5148652
RE39454,4984968,5176918,5038093,5151660
RE39455,4984995,5176905,5037569,5150344
RE39456,4985401,5177141,5037359,5150828
RE39457,4984907,5177306,5036064,5150769
RE39458,4985192,5177485,5036404,5150651
RE39459,4985164,5177123,5035971,5147324
ADC_LIMIT:4985935,5178139,5042482,5154990,4983439,5175378,5028579,5140780
RE39460,4985288,5177092,5035083,5147328
RE39461,4985131,5177213,5034805,5147037
RE39462,4985097,5177210,5034513,5145348
RE39463,4985099,5177389,5033579,5145901
RE39464,4985260,5177454,5032949,5146914
RE39465,4985100,5177017,5034859,5144928
RE39466,4985222,5177118,5032281,5145555
RE39467,4985359,5177066,5031993,5142400
RE39468,4985205,5177262,5031026,5143703
RE39469,4985237,5177358,5031010,5143946
RE39470,4985128,5177101,5031958,5143071
RE39471,4985287,5176764,5030046,5142361
RE39472,4985189,5177129,5030090,5142683
RE39473,4985195,5177290,5030249,5143315
RE39474,4985085,5176765,5031171,5141541
RE39475,4985490,5177305,5030788,5145101
RE39476,4985491,5176878,5030774,5144860
RE39477,4984968,5177612,5030640,5144699
ADC_LIMIT:4985935,5178139,5042482,5154990,4983439,5175378,5028579,5140780
RE39478,4984955,5177226,5030808,5143448
RE39479,4985220,5177381,5032582,5144418
RE39480,4985239,5177614,5033652,5145100
RE39481,4985255,5177365,5032087,5147222
RE39482,4985123,5177369,5033814,5146558
RE39483,4984865,5177228,5032958,5147290
RE39484,4985045,5177118,5034387,5146530
RE39485,4985162,5177348,5034549,5148099
RE39486,4984939,5177496,5034828,5149034
RE39487,4985365,5177282,5035812,5148986
RE39488,4985331,5177262,5036432,5148572
RE39489,4985233,5177006,5036381,5149866
RE39490,4985237,5177334,5035038,5149690
RE39491,4985443,5177265,5036419,5150362
RE39492,4985240,5177320,5038789,5148616
RE39493,4985182,5177325,5037752,5149161
RE39494,4985213,5177262,5037877,5149175
RE39495,4985080,5177263,5037826,5150368
ADC_LIMIT:4985935,5178139,5042482,5154990,4983439,5175378,5028579,5140780
RE39496,4985098,5177157,5037218,5149967
RE39497,4985135,5176951,5038913,5149515
RE39498,4984800,5177269,5037362,5150434
RE39499,4985022,5176935,5037688,5148206
RE39500,4985079,5176843,5037234,5150039
RE39501,4984894,5177232,5038028,5150811
RE39502,4984949,5176898,5038318,5150287
RE39503,4985348,5177106,5037358,5148924
RE39504,4984976,5176953,5036511,5148300
RE39505,4984586,5176872,5036884,5149754
RE39506,4984933,5176755,5037770,5148546
RE39507,4984707,5176867,5035906,5147574
RE39508,4985141,5176682,5034788,5147454
RE39509,4984785,5177116,5035057,5147790
RE39510,4984924,5176762,5034455,5147299
RE39511,4985412,5177288,5034775,5147166
RE39512,4985134,5176959,5032928,5146534
ADC_LIMIT:4985935,5178139,5042482,5154990,4983439,5175378,5028579,5140780
RE39513,4985286,5177495,5033602,5145637
RE39514,4985325,5177468,5033403,5145272
RE39515,4985457,5177407,5033902,5146023
RE39516,4984947,5177430,5031804,5145103
RE39517,4985112,5177132,5032107,5144727
RE39518,4985042,5176995,5032485,5144246
RE39519,4985256,5176946,5032765,5146412
RE39520,4984979,5177142,5032228,5145800
RE39521,4985443,5177049,5032523,5143817
RE39522,4985456,5176937,5029880,5145336
RE39523,4984979,5177012,5033024,5145433
RE39524,4985237,5177452,5032016,5145408
RE39525,4984933,5177095,5032012,5145452
RE39526,4984938,5176991,5031746,5143568
RE39527,4984836,5177124,5033146,5147148
RE39528,4985040,5177307,5033622,5146186
RE39529,4985128,5177265,5033658,5147399
RE39530,4985161,5177119,5034136,5146254
ADC_LIMIT:4985935,5178139,5042482,5154990,4983439,5175378,5028579,5140780
RE39531,4984899,5177184,5033076,5146631
RE39532,4985040,5177134,5035364,5148076
RE39533,4985060,5177315,5035511,5147850
RE39534,4985048,5177032,5035359,5148818
RE39535,4984618,5176852,5036009,5148635
RE39536,4985429,5177176,5036805,5148823
RE39537,4985198,5177162,5037532,5150285
RE39538,4984940,5177462,5037684,5149560
RE39539,4985011,5177148,5037964,5150191
RE39540,4984986,5177183,5038206,5150345
RE39541,4985351,5176962,5039983,5148571
RE39542,4985036,5176923,5037708,5150101
RE39543,4985188,5176924,5038565,5151303
RE39544,4985028,5177200,5038253,5150599
RE39545,4985121,5177069,5037511,5150765
RE39546,4984944,5177036,5038038,5149684
RE39547,4985098,5177213,5038710,5149827
RE39548,4984907,5177299,5038086,5151924
ADC_LIMIT:4985935,5178139,5042482,5154990,4983439,5175378,5028579,5140780
RE39549,4985249,5176734,5037999,5150466
RE39550,4985042,5177083,5036900,5148760
RE39551,4984762,5177138,5037187,5148431
RE39552,4985067,5176786,5036177,5147162
RE39553,4984911,5177218,5035236,5148391
RE39554,4984990,5177083,5034345,5149216
RE39555,4985233,5177356,5033456,5146001
RE39556,4985006,5176920,5033504,5145610
RE39557,4984920,5177258,5032373,5144201
RE39558,4985121,5176824,5032295,5143794
RE39559,4984866,5176877,5031581,5143832
RE39560,4985071,5176750,5031536,5143956
RE39561,4985226,5176805,5030328,5144866
RE39562,4985492,5176935,5029750,5143324
RE39563,4985056,5177301,5032223,5142379
RE39564,4985019,5177310,5031186,5144349
RE39565,4985295,5177222,5030503,5141352
ADC_LIMIT:4985935,5178139,5042482,5154990,4983439,5175378,5028579,5140780
RE39566,4985257,5177384,5030798,5144159
RE39567,4985211,5177336,5029925,5141692
RE39568,4985311,5177170,5030552,5143795
RE39569,4985122,5177054,5029876,5143748
RE39570,4984982,5177292,5032345,5142660
RE39571,4985121,5177115,5031238,5145489
RE39572,4984957,5177297,5032012,5145289
RE39573,4985052,5177403,5033164,5146830
RE39574,4985045,5177117,5032453,5145514
RE39575,4984974,5177117,5033842,5145947
RE39576,4985068,5176995,5034891,5146826
RE39577,4985246,5176980,5035205,5148064
RE39578,4984895,5176702,5034282,5148185
RE39579,4984958,5177153,5035671,5149497
RE39580,4985072,5177197,5036481,5150255
RE39581,4985236,5177295,5037412,5150422
RE39582,4985083,5177267,5038251,5150817
RE39583,4984906,5177108,5037808,5152066
ADC_LIMIT:4985935,5178139,5042482,5154990,4983439,5175378,5028579,5140780
RE39584,4985096,5176915,5039512,5151170
RE39585,4985045,5177448,5039456,5151506
RE39586,4985327,5177488,5038485,5152401
RE39587,4984814,5176975,5039095,5152420
RE39588,4984893,5177257,5038482,5151333
RE39589,4985176,5177095,5038933,5152784
RE39590,4984884,5177579,5039264,5151992
RE39591,4985000,5177230,5039645,5151155
RE39592,4984809,5177100,5038665,5150728
RE39593,4984708,5176812,5039690,5152144
RE39594,4984967,5176819,5039110,5151343
RE39595,4984759,5176800,5038617,5150840
RE39596,4984939,5176717,5036982,5148840
RE39597,4984976,5177190,5036426,5149410
RE39598,4984678,5176842,5036364,5150420
RE39599,4984946,5177186,5036491,5147745
RE39600,4985250,5177036,5035127,5148233
RE39601,4985051,5176997,5035374,5148072
ADC_LIMIT:4985935,5178139,5042482,5154990,4983439,5175378,5028579,5140780
RE39602,4985106,5177232,5034223,5147115
RE39603,4985055,5177090,5034089,5146384
RE39604,4985124,5176818,5033307,5145557
RE39605,4985195,5177328,5033349,5144931
RE39606,4984779,5176943,5032420,5144724
RE39607,4985171,5176986,5032273,5145558
RE39608,4984975,5177071,5032042,5145006
RE39609,4984871,5177261,5031811,5145172
RE39610,4984940,5176897,5031388,5144286
RE39611,4985109,5176741,5029858,5144522
RE39612,4984907,5177183,5031135,5145245
RE39613,4984956,5177293,5032600,5143751
RE39614,4985386,5176964,5031100,5144528
RE39615,4985344,5177302,5031917,5145392
RE39616,4985054,5177210,5032467,5143081
RE39617,4984925,5176889,5032161,5145447
RE39618,4985309,5177027,5031680,5145665
ADC_LIMIT:4985935,5178139,5042482,5154990,4983439,5175378,5028579,5140780
RE39619,4984997,5177325,5032626,5144967
RE39620,4985329,5177091,5031783,5145592
RE39621,4984964,5177338,5033424,5146772
RE39622,4985155,5177524,5034699,5146683
RE39623,4985306,5177334,5033908,5146289
RE39624,4985411,5177440,5033738,5146916
RE39625,4985311,5177144,5035463,5147200
RE39626,4985233,5177410,5035049,5148751
RE39627,4985065,5177246,5034927,5148610
RE39628,4985582,5177325,5036188,5149905
RE39629,4985437,5177498,5035385,5149104
RE39630,4985352,5177211,5037249,5149878
RE39631,4984941,5177398,5037277,5150088
RE39632,4985216,5177098,5036801,5150303
RE39633,4985061,5177176,5037504,5150449
RE39634,4984967,5177129,5037452,5150100
RE39635,4984896,5177131,5037902,5151003
RE39636,4984846,5177151,5037953,5150526
ADC_LIMIT:4985935,5178139,5042482,5154990,4983439,5175378,5028579,5140780
RE39637,4985005,5177098,5038742,5149261
RE39638,4984983,5177013,5038064,5151513
RE39639,4985145,5177051,5037496,5150836
RE39640,4985067,5177413,5037408,5150476
RE39641,4985271,5177181,5036945,5149956
RE39642,4985304,5177381,5037476,5148009
RE39643,4984959,5177122,5035832,5148168
RE39644,4985039,5177224,5036584,5149381
RE39645,4985197,5177024,5035522,5147184
RE39646,4985111,5176998,5034762,5147057
RE39647,4984617,5176813,5034122,5146324
RE39648,4985125,5176981,5034039,5145394
RE39649,4985224,5177214,5034120,5144236
RE39650,4985175,5176975,5031868,5143952
RE39651,4985011,5176933,5031728,5144623
RE39652,4985061,5177123,5032091,5144774
RE39653,4985335,5176979,5031888,5144735
RE39654,4985033,5177057,5029852,5143877
ADC_LIMIT:4985935,5178139,5042482,5154990,4983439,5175378,5028579,5140780
RE39655,4984629,5177096,5030550,5142943
RE39656,4984906,5177188,5031477,5143934
RE39657,4985110,5177014,5031075,5143480
RE39658,4985281,5177208,5030359,5143533
RE39659,4985421,5177094,5030372,5144032
RE39660,4985158,5176983,5032692,5144291
RE39661,4984955,5177174,5032148,5144244
RE39662,4985339,5176871,5031972,5143648
RE39663,4985124,5176933,5030897,5143712
RE39664,4984842,5177004,5033471,5145317
RE39665,4985048,5176692,5032373,5145224
RE39666,4985346,5177070,5033086,5144217
RE39667,4985112,5177327,5033187,5145612
RE39668,4984700,5177026,5034910,5148223
RE39669,4985225,5177419,5033590,5147518
RE39670,4985126,5177309,5035293,5147730
RE39671,4985170,5176876,5036338,5149243
ADC_LIMIT:4985935,5178139,5042482,5154990,4983439,5175378,5028579,5140780
RE39672,4984942,5177141,5038109,5147024
RE39673,4985235,5177211,5037189,5148688
RE39674,4985208,5177140,5038206,5151513
RE39675,4985018,5177011,5039000,5150972
RE39676,4985122,5177297,5038503,5151268
RE39677,4985121,5177106,5039696,5152399
RE39678,4985326,5177206,5039613,5151079
RE39679,4985308,5177242,5039547,5151465
RE39680,4985078,5177243,5040273,5153540
RE39681,4985523,5177183,5040405,5152743
RE39682,4985250,5177077,5038574,5151531
RE39683,4985448,5176925,5038191,5151123
RE39684,4985143,5177026,5037973,5150901
RE39685,4984595,5176877,5039680,5150414
RE39686,4985039,5177052,5038605,5150129
RE39687,4985119,5177325,5037557,5149702
RE39688,4984997,5177573,5037503,5149216
RE39689,4985477,5177134,5037167,5148744
ADC_LIMIT:4985935,5178139,5042482,5154990,4983439,5175378,5028579,5140780
RE39690,4985445,5177024,5037231,5148497
RE39691,4984918,5176749,5035732,5147531
RE39692,4984900,5176817,5035717,5149784
RE39693,4984964,5176836,5033220,5146853
RE39694,4984942,5177067,5033501,5145495
RE39695,4985046,5177199,5033395,5144678
RE39696,4985029,5177182,5032556,5144852
RE39697,4985253,5177326,5031733,5144653
RE39698,4984819,5176870,5031777,5144485
RE39699,4985203,5177280,5031205,5143396
RE39700,4984897,5177342,5030618,5144152
RE39701,4984882,5176784,5030776,5143367
RE39702,4985036,5177032,5031276,5142287
RE39703,4984948,5177007,5030756,5143335
RE39704,4985209,5176721,5032626,5142623
RE39705,4985050,5177037,5030278,5144467
RE39706,4985197,5176787,5030995,5143397
RE39707,4985123,5176999,5032695,5143538
ADC_LIMIT:4985935,5178139,5042482,5154990,4983439,5175378,5028579,5140780
RE39708,4985042,5176879,5030158,5144395
RE39709,4984570,5176989,5030943,5145919
RE39710,4985068,5176952,5031971,5144843
RE39711,4985297,5177381,5032386,5145146
RE39712,4985055,5177078,5032926,5146110
RE39713,4985294,5177035,5034944,5146599
RE39714,4985481,5177393,5033148,5147467
RE39715,4985276,5177247,5034549,5146308
RE39716,4985177,5177247,5034685,5147150
RE39717,4985234,5177073,5035060,5147383
RE39718,4985176,5176850,5034907,5146940
RE39719,4984710,5176978,5037544,5147546
RE39720,4985064,5177189,5036669,5151037
RE39721,4984872,5177385,5036735,5148399
RE39722,4985268,5177324,5037060,5149036
RE39723,4984802,5177117,5037915,5149524
RE39724,4985112,5177406,5037535,5150000
ADC_LIMIT:4985935,5178139,5042482,5154990,4983439,5175378,5028579,5140780
RE39725,4984660,5177284,5037612,5149918
RE39726,4985011,5177087,5038921,5150487
RE39727,4985325,5176871,5038848,5151273
RE39728,4985229,5177278,5037274,5149727
RE39729,4985018,5177291,5037988,5151115
RE39730,4985390,5177576,5038963,5150353
RE39731,4984880,5177075,5037646,5148587
RE39732,4984964,5177128,5036460,5150339
RE39733,4985521,5177096,5037424,5149508
RE39734,4985326,5177302,5036091,5148517
RE39735,4985107,5176988,5036536,5148914
RE39736,4985505,5177305,5034524,5149596
RE39737,4985089,5177161,5035938,5149074
RE39738,4984979,5177428,5035579,5148386
RE39739,4985146,5177464,5036460,5147012
RE39740,4985262,5177292,5034323,5148276
RE39741,4985102,5177270,5034297,5148239
RE39742,4985378,5177472,5035959,5146285
ADC_LIMIT:4985935,5178139,5042482,5154990,4983439,5175378,5028579,5140780
RE39743,4984994,5177300,5035118,5146128
RE39744,4985034,5177294,5032418,5146443
RE39745,4985245,5176904,5031950,5144844
RE39746,4985212,5177220,5032981,5146367
RE39747,4985064,5177155,5032935,5145706
RE39748,4985279,5177205,5032061,5145037
RE39749,4985171,5177310,5032165,5146950
RE39750,4985113,5177090,5033353,5144632
RE39751,4985349,5177256,5031759,5142788
RE39752,4984975,5177159,5031148,5143408
RE39753,4984835,5176900,5031808,5144742
RE39754,4985189,5177190,5031416,5144125
RE39755,4985086,5177307,5031127,5144114
RE39756,4985106,5177084,5032965,5145386
RE39757,4985164,5177381,5033183,5146004
RE39758,4985504,5176851,5033129,5145838
RE39759,4985258,5177464,5032345,5146278
RE39760,4985176,5177472,5033438,5146423
ADC_LIMIT:4985935,5178139,5042482,5154990,4983439,5175378,5028579,5140780
RE39761,4985188,5177437,5034158,5146669
RE39762,4985336,5177372,5034715,5147477
RE39763,4985147,5177210,5034796,5148268
RE39764,4985103,5177349,5035136,5145745
RE39765,4985449,5177549,5036580,5148296
RE39766,4985536,5177226,5036764,5150046
RE39767,4985199,5177394,5037151,5149319
RE39768,4985287,5177389,5036029,5149276
RE39769,4985191,5177216,5037768,5151234
RE39770,4985062,5177171,5037511,5149867
RE39771,4985359,5177214,5038550,5150614
RE39772,4985168,5177211,5038259,5151944
RE39773,4985483,5177085,5038547,5151888
RE39774,4985240,5177309,5040182,5151992
RE39775,4984859,5176982,5039092,5150757
RE39776,4985054,5177297,5037025,5150311
RE39777,4985210,5177369,5039161,5149952
ADC_LIMIT:4985935,5178139,5042482,5154990,4983439,5175378,5028579,5140780
RE39778,4985184,5177019,5038128,5151021
RE39779,4985150,5177532,5038921,5149617
RE39780,4985189,5177481,5037012,5150007
RE39781,4985175,5177276,5037801,5150915
RE39782,4985453,5177010,5036687,5148736
RE39783,4985229,5177267,5035249,5148858
RE39784,4985052,5177296,5035540,5147795
RE39785,4985271,5177499,5035529,5146373
RE39786,4985294,5177381,5034477,5147223
RE39787,4984954,5177102,5034363,5146000
RE39788,4985007,5176923,5031959,5146190
RE39789,4985044,5176989,5033659,5145193
RE39790,4985515,5177084,5031588,5144863
RE39791,4985153,5177190,5031782,5142462
RE39792,4985340,5176949,5030399,5143293
RE39793,4984961,5177040,5030658,5143909
RE39794,4985298,5177149,5031507,5142196
RE39795,4985073,5177146,5030481,5143870
ADC_LIMIT:4985935,5178139,5042482,5154990,4983439,5175378,5028579,5140780
RE39796,4985440,5177371,5030903,5144044
RE39797,4985166,5177342,5030162,5143599
RE39798,4985131,5177417,5030568,5143383
RE39799,4985164,5177194,5030463,5143120
RE39800,4985333,5176967,5031493,5144590
RE39801,4985114,5177252,5030796,5145067
RE39802,4985423,5176925,5030614,5145125
RE39803,4985379,5177170,5032433,5144203
RE39804,4985082,5177187,5032787,5145127
RE39805,4984941,5176991,5032992,5145631
RE39806,4985343,5176906,5033859,5146396
RE39807,4985384,5177437,5034350,5147747
RE39808,4985124,5177224,5035040,5147833
RE39809,4984920,5177104,5035716,5148098
RE39810,4985024,5177312,5035950,5148269
RE39811,4985414,5177312,5036279,5148941
RE39812,4985026,5177470,5036963,5150789
RE39813,4985283,5177183,5038011,5150713
ADC_LIMIT:4985935,5178139,5042482,5154990,4983439,5175378,5028579,5140780
RE39814,4984996,5177301,5038985,5150816
RE39815,4985194,5177531,5038999,5150539
RE39816,4985261,5177321,5038371,5152810
RE39817,4985301,5177092,5038394,5151070
RE39818,4984614,5177298,5038444,5153159
RE39819,4985160,5177175,5039186,5152472
RE39820,4985425,5177522,5039391,5151674
RE39821,4985421,5177386,5039604,5151091
RE39822,4985388,5177344,5037978,5150338
RE39823,4985392,5177150,5039000,5150771
RE39824,4985544,5177460,5038113,5151621
RE39825,4985104,5177148,5036876,5150157
RE39826,4984829,5177035,5037250,5149104
RE39827,4985008,5176908,5037202,5149689
RE39828,4985270,5177185,5036467,5148850
RE39829,4985482,5177074,5035454,5149647
RE39830,4985023,5177306,5035735,5148197
ADC_LIMIT:4985935,5178139,5042482,5154990,4983439,5175378,5028579,5140780
RE39831,4985195,5177438,5033843,5145593
RE39832,4985041,5176979,5033809,5146560
RE39833,4985042,5177386,5034452,5146816
RE39834,4985293,5177042,5033096,5145978
RE39835,4985229,5177105,5032943,5145326
RE39836,4984974,5177057,5031798,5145211
RE39837,4985223,5176859,5031878,5146176
RE39838,4985250,5177376,5031890,5145197
RE39839,4984998,5176923,5029960,5145103
RE39840,4984886,5176843,5031859,5143096
RE39841,4985168,5176852,5032325,5143556
RE39842,4984797,5176875,5030776,5144245
RE39843,4984842,5177244,5030945,5142894
RE39844,4984843,5177291,5031658,5143874
RE39845,4985097,5177176,5031756,5144270
RE39846,4984994,5177145,5031891,5144744
RE39847,4984777,5177060,5032056,5144678
RE39848,4985076,5176878,5031641,5144439
ADC_LIMIT:4985935,5178139,5042482,5154990,4983439,5175378,5028579,5140780
RE39849,4984915,5176811,5032360,5144660
RE39850,4985069,5177079,5032805,5145831
RE39851,4985198,5177071,5032179,5145781
RE39852,4985182,5177323,5033885,5145110
RE39853,4985199,5177409,5033159,5146449
RE39854,4984987,5177444,5034593,5145635
RE39855,4984786,5177357,5034408,5146495
RE39856,4985111,5176957,5035146,5147127
RE39857,4985089,5177056,5033414,5147958
RE39858,4985208,5177185,5035860,5148430
RE39859,4985096,5177054,5036413,5149183
RE39860,4984903,5177285,5035909,5149641
RE39861,4984933,5177473,5035624,5149279
RE39862,4985140,5177337,5037008,5150028
RE39863,4985049,5177319,5037227,5150573
RE39864,4985118,5177324,5037250,5149774
RE39865,4985286,5177435,5039095,5151588
RE39866,4985044,5177295,5038395,5150277
ADC_LIMIT:4985935,5178139,5042482,5154990,4983439,5175378,5028579,5140780
RE39867,4985322,5177218,5038654,5150082
RE39868,4984770,5177150,5037893,5150387
RE39869,4984942,5177115,5037540,5150483
RE39870,4984950,5177301,5038177,5150421
RE39871,4984913,5176954,5037276,5148977
RE39872,4984883,5177112,5035488,5150188
RE39873,4984831,5177038,5036262,5149404
RE39874,4984649,5176835,5036484,5150367
RE39875,4984680,5176941,5035665,5148123
RE39876,4984650,5176904,5035724,5147452
RE39877,4984906,5176941,5035267,5145960
RE39878,4984588,5176860,5035083,5147881
RE39879,4985026,5176972,5035132,5145898
RE39880,4985357,5176926,5033042,5145513
RE39881,4985181,5177268,5032014,5145420
RE39882,4985322,5176966,5032647,5145257
RE39883,4985145,5177090,5030950,5145022
ADC_LIMIT:4985935,5178139,5042482,5154990,4983439,5175378,5028579,5140780
RE39884,4985002,5177005,5030829,5144063
RE39885,4985028,5177294,5031143,5144922
RE39886,4985362,5177101,5031529,5143232
RE39887,4985083,5177104,5030267,5145534
RE39888,4985299,5177061,5030488,5143885
RE39889,4984872,5177185,5032482,5142730
RE39890,4985273,5177375,5031930,5144433
RE39891,4985125,5177014,5030879,5143979
RE39892,4985147,5177089,5030975,5142612
RE39893,4985311,5177314,5030541,5142632
RE39894,4985250,5177163,5031714,5143691
RE39895,4985155,5177240,5032914,5143282
RE39896,4985022,5177402,5031757,5146293
RE39897,4984913,5177334,5032557,5145375
RE39898,4985049,5177372,5033815,5146072
RE39899,4985336,5176985,5034186,5147421
RE39900,4985434,5177050,5035134,5146956
RE39901,4985253,5176925,5036507,5149271
ADC_LIMIT:4985935,5178139,5042482,5154990,4983439,5175378,5028579,5140780
RE39902,4984899,5177295,5036662,5149715
RE39903,4985169,5176859,5034425,5148356
RE39904,4985325,5177333,5037113,5150787
RE39905,4985414,5177263,5036652,5149836
RE39906,4985076,5177272,5038533,5149798
RE39907,4985244,5177355,5038782,5151491
RE39908,4985237,5177275,5039054,5152405
RE39909,4985040,5176614,5038456,5151104
RE39910,4985154,5177034,5038901,5151288
RE39911,4985097,5176810,5038050,5151582
RE39912,4984925,5176763,5039321,5151215
RE39913,4985014,5177105,5039919,5151280
RE39914,4984981,5177179,5039472,5151385
RE39915,4984898,5176979,5038876,5149802
RE39916,4984730,5176677,5037419,5151393
RE39917,4984947,5176985,5038270,5148653
RE39918,4985135,5177226,5037205,5150301
RE39919,4985126,5176968,5036124,5150031
ADC_LIMIT:4985935,5178139,5042482,5154990,4983439,5175378,5028579,5140780
RE39920,4985142,5177282,5036737,5148162
RE39921,4985294,5177053,5035132,5148089
RE39922,4985119,5177065,5034142,5148006
RE39923,4985096,5177132,5035171,5146315
RE39924,4984860,5177315,5034203,5147633
RE39925,4984926,5177193,5033428,5145205
RE39926,4985246,5177339,5032640,5144234
RE39927,4985062,5177193,5032509,5145342
RE39928,4985085,5177138,5031264,5144511
RE39929,4985367,5177162,5030477,5142288
RE39930,4985063,5177088,5030430,5142906
RE39931,4985274,5177332,5030166,5143574
RE39932,4985162,5177228,5030028,5142849
RE39933,4985008,5177254,5030948,5144421
RE39934,4985082,5177418,5030980,5144947
RE39935,4985050,5177199,5030159,5142872
RE39936,4985244,5177382,5030202,5144254
ADC_LIMIT:4985935,5178139,5042482,5154990,4983439,5175378,5028579,5140780
RE39937,4984930,5177227,5029278,5144620
RE39938,4984808,5177381,5030770,5144183
RE39939,4984761,5176934,5031073,5144798
RE39940,4984799,5177234,5031480,5145110
RE39941,4984915,5177227,5031630,5144173
RE39942,4985152,5177297,5031655,5146017
RE39943,4985253,5177253,5031799,5145749
RE39944,4985055,5177270,5033143,5145728
RE39945,4985037,5177098,5033520,5148311
RE39946,4985113,5176961,5034098,5146589
RE39947,4985180,5177005,5035848,5147423
RE39948,4985121,5177560,5034750,5148230
RE39949,4985284,5177068,5036319,5148318
RE39950,4985186,5177268,5036007,5148851
RE39951,4985168,5177328,5036575,5149798
RE39952,4985329,5177122,5036638,5149856
RE39953,4985135,5177047,5036008,5148689
RE39954,4985250,5177080,5036566,5150105
ADC_LIMIT:4985935,5178139,5042482,5154990,4983439,5175378,5028579,5140780
RE39955,4985133,5177209,5036551,5149375
RE39956,4985089,5177417,5037506,5149361
RE39957,4985311,5177475,5037467,5151163
RE39958,4984959,5177509,5035451,5149355
RE39959,4985003,5177133,5038049,5148900
RE39960,4985288,5177446,5038558,5149355
RE39961,4985188,5177364,5038533,5149780
RE39962,4985225,5177460,5037259,5149795
RE39963,4984960,5177028,5037017,5149197
RE39964,4985196,5177121,5037690,5148328
RE39965,4985103,5176795,5037453,5148383
RE39966,4985018,5177113,5036222,5149086
RE39967,4984730,5177275,5036557,5147989
RE39968,4985029,5177341,5035849,5149636
RE39969,4984937,5176898,5035622,5146885
RE39970,4984788,5177123,5035844,5148326
RE39971,4984957,5176989,5034951,5147640
RE39972,4985152,5177167,5033978,5146710
ADC_LIMIT:4985935,5178139,5042482,5154990,4983439,5175378,5028579,5140780
RE39973,4985063,5177168,5033850,5146911
RE39974,4985022,5177436,5033149,5146284
RE39975,4984882,5177411,5033147,5145790
RE39976,4984927,5177574,5032424,5144752
RE39977,4985541,5177627,5032918,5145400
RE39978,4985103,5177434,5032438,5143821
RE39979,4985327,5177246,5031599,5146076
RE39980,4985444,5177555,5033267,5145054
RE39981,4985081,5177101,5032207,5144512
RE39982,4985153,5177439,5031050,5144950
RE39983,4985163,5177101,5031382,5143227
RE39984,4985295,5177530,5031449,5143727
RE39985,4984822,5177413,5030537,5143849
RE39986,4985204,5177440,5030943,5144932
RE39987,4985140,5177052,5031987,5145456
RE39988,4985411,5177355,5033211,5144986
RE39989,4985432,5176859,5032177,5145288
ADC_LIMIT:4985935,5178139,5042482,5154990,4983439,5175378,5028579,5140780
RE39990,4985052,5177168,5033185,5145304
RE39991,4985146,5176990,5033795,5147469
RE39992,4984894,5177042,5034655,5147148
RE39993,4985418,5177066,5034125,5147358
RE39994,4985145,5177115,5035338,5148022
RE39995,4985172,5176982,5035330,5148140
RE39996,4984955,5177633,5035982,5148164
RE39997,4985355,5176929,5038270,5149437
RE39998,4985188,5176871,5035557,5149735
RE39999,4985252,5177037,5036008,5151091
RE40000,4985450,5177164,5037720,5150376
RE40001,4984925,5177434,5037460,5150247
RE40002,4985163,5177210,5037049,5151805
RE40003,4984906,5177043,5038093,5151328
RE40004,4985200,5176820,5038889,5150220
RE40005,4985153,5176956,5037275,5150552
RE40006,4985112,5177298,5039530,5150480
RE40007,4985080,5177131,5037304,5149563
ADC_LIMIT:4985935,5178139,5042482,5154990,4983439,5175378,5028579,5140780
RE40008,4985217,5177162,5037734,5150705
RE40009,4985293,5177198,5038841,5149543
RE40010,4984980,5177082,5036668,5149652
RE40011,4985085,5177248,5036131,5148444
RE40012,4985249,5177171,5035168,5147839
RE40013,4984969,5176792,5036170,5147778
RE40014,4985031,5177329,5035506,5146369
RE40015,4985134,5177110,5033991,5145851
RE40016,4985082,5177355,5034222,5147725
RE40017,4985009,5177210,5033532,5144741
RE40018,4985276,5177221,5031771,5145589
RE40019,4985158,5177200,5032407,5145034
RE40020,4985105,5177436,5031314,5144877
RE40021,4984834,5177137,5031180,5143940
RE40022,4985040,5177334,5031282,5143622
RE40023,4985280,5177112,5030092,5144235
RE40024,4985242,5177033,5028593,5142924
RE40025,4985180,5177074,5029451,5142565
ADC_LIMIT:4985935,5178139,5042482,5154990,4983439,5175378,5028579,5140780
RE40026,4985273,5177175,5030239,5142061
RE40027,4985322,5177290,5028730,5143592
RE40028,4985036,5177134,5029917,5142196
RE40029,4984879,5177429,5029898,5145076
RE40030,4985077,5176938,5031331,5144059
RE40031,4985260,5177349,5031435,5144217
RE40032,4985307,5177287,5031427,5145251
RE40033,4985070,5177380,5031053,5144192
RE40034,4985594,5177287,5033797,5146664
RE40035,4985327,5177113,5031816,5144932
RE40036,4984980,5176983,5034619,5146819
RE40037,4985186,5177415,5033958,5146015
RE40038,4985153,5177168,5036279,5147315
RE40039,4985017,5177222,5035876,5149259
RE40040,4985131,5177351,5035617,5149114
RE40041,4984967,5177181,5036374,5149194
RE40042,4985072,5177170,5035862,5150120
ADC_LIMIT:4985935,5178139,5042482,5154990,4983439,5175378,5028579,5140780
RE40043,4985139,5176766,5037833,5151297
RE40044,4984648,5177443,5038240,5151338
RE40045,4984969,5177103,5038001,5150352
RE40046,4985147,5177036,5037884,5151695
RE40047,4985379,5177202,5039542,5152257
RE40048,4985467,5177009,5038730,5151955
RE40049,4984897,5177036,5039861,5151396
RE40050,4985291,5177067,5039735,5150905
RE40051,4984990,5177008,5038553,5151616
RE40052,4984873,5177305,5038135,5152055
RE40053,4985194,5177060,5038740,5151067
RE40054,4985510,5177376,5037536,5149609
RE40055,4985401,5177139,5038082,5150914
RE40056,4984928,5177116,5037679,5149944
RE40057,4984954,5177382,5037375,5149618
RE40058,4985034,5177085,5036949,5147697
RE40059,4985307,5177059,5037752,5149233
RE40060,4985077,5177484,5035729,5146090
ADC_LIMIT:4985935,5178139,5042482,5154990,4983439,5175378,5028579,5140780
RE40061,4985357,5177237,5035277,5148640
RE40062,4985056,5177114,5034367,5146179
RE40063,4985382,5177459,5033199,5147349
RE40064,4985226,5177022,5033291,5144829
RE40065,4985153,5177141,5032367,5146869
RE40066,4984999,5176798,5032026,5144518
RE40067,4985166,5177087,5033070,5144414
RE40068,4985189,5177051,5032323,5145458
RE40069,4985287,5177169,5031314,5143123
RE40070,4985046,5176880,5031826,5143884
RE40071,4984805,5177006,5032429,5143449
RE40072,4984833,5177041,5031242,5144970
RE40073,4984824,5177387,5031399,5145398
RE40074,4985123,5177178,5031518,5143392
RE40075,4984926,5177088,5031747,5143430
RE40076,4985048,5177201,5030095,5143812
RE40077,4985386,5177182,5032531,5144187
RE40078,4984750,5177205,5030281,5144476
ADC_LIMIT:4985935,5178139,5042482,5154990,4983439,5175378,5028579,5140780
RE40079,4984915,5177283,5032279,5145876
RE40080,4985194,5177348,5032873,5145768
RE40081,4985170,5177418,5032255,5146846
RE40082,4985179,5177543,5033176,5146442
RE40083,4985025,5177278,5033279,5146656
RE40084,4985296,5177180,5033023,5147855
RE40085,4985336,5177202,5035456,5147204
RE40086,4984823,5177162,5035096,5148298
RE40087,4985156,5176832,5035247,5149297
RE40088,4984934,5177054,5036308,5148397
RE40089,4985239,5177397,5035260,5149137
RE40090,4984991,5177486,5038007,5149360
RE40091,4984946,5177413,5037763,5149794
RE40092,4985194,5177206,5036397,5150279
RE40093,4985112,5176995,5036158,5150262
RE40094,4985036,5177158,5038914,5150889
RE40095,4985097,5177080,5037081,5151145
ADC_LIMIT:4985935,5178139,5042482,5154990,4983439,5175378,5028579,5140780
RE40096,4985068,5176984,5037567,5149165
RE40097,4985144,5177062,5037456,5148945
RE40098,4984880,5177423,5038531,5150973
RE40099,4985018,5177283,5037847,5150482
RE40100,4985423,5177194,5036584,5150472
RE40101,4984839,5177555,5037989,5150100
RE40102,4984938,5177145,5036912,5149505
RE40103,4985059,5177563,5037672,5148835
RE40104,4985253,5177211,5037218,5150911
RE40105,4985072,5177094,5035902,5149064
RE40106,4985236,5177129,5036432,5147351
RE40107,4985026,5177186,5035618,5146604
RE40108,4985187,5177238,5035133,5146555
RE40109,4985049,5177152,5032835,5144796
RE40110,4985118,5177152,5033565,5145504
RE40111,4985151,5177516,5033173,5145213
RE40112,4985229,5177318,5031821,5144596
RE40113,4985120,5177403,5032108,5144273
ADC_LIMIT:4985935,5178139,5042482,5154990,4983439,5175378,5028579,5140780
RE40114,4985359,5177210,5031363,5144315
RE40115,4984977,5177216,5030502,5143027
RE40116,4985124,5177048,5029930,5144278
RE40117,4985166,5177142,5029967,5143190
RE40118,4985295,5177202,5031771,5143097
RE40119,4985058,5177035,5031210,5143735
RE40120,4984860,5177123,5030051,5144241
RE40121,4985098,5177275,5030910,5143867
RE40122,4985357,5177160,5030458,5143000
RE40123,4984961,5176870,5031681,5143091
RE40124,4985021,5177342,5033583,5144623
RE40125,4984985,5177330,5032140,5145706
RE40126,4985115,5177217,5032195,5145947
RE40127,4985388,5177164,5034155,5147463
RE40128,4985236,5177131,5033513,5147758
RE40129,4985190,5177213,5034459,5147602
RE40130,4985480,5177150,5035684,5148506
RE40131,4985504,5177369,5036430,5148164
ADC_LIMIT:4985935,5178139,5042482,5154990,4983439,5175378,5028579,5140780
RE40132,4985272,5177052,5036468,5149023
RE40133,4985164,5177272,5036310,5149985
RE40134,4985344,5177185,5038095,5148736
RE40135,4985247,5177703,5038342,5152107
RE40136,4985181,5177117,5037814,5150696
RE40137,4984986,5177411,5038519,5152133
RE40138,4985006,5177426,5039576,5152376
RE40139,4985057,5177023,5038846,5151669
RE40140,4985289,5176847,5038860,5152454
RE40141,4985146,5177127,5039161,5151893
RE40142,4985483,5177455,5038910,5151365
RE40143,4985110,5177017,5038467,5151224
RE40144,4985475,5177429,5039393,5151297
RE40145,4984874,5177205,5038378,5149598
RE40146,4985054,5177081,5036640,5150865
RE40147,4984750,5177311,5037563,5148565
RE40148,4985093,5177020,5036866,5148997
ADC_LIMIT:4985935,5178139,5042482,5154990,4983439,5175378,5028579,5140780
RE40149,4985044,5177018,5036389,5148847
RE40150,4985366,5177368,5035502,5146853
RE40151,4985603,5177184,5035431,5147604
RE40152,4985645,5177388,5035150,5147883
RE40153,4985196,5177684,5034380,5145928
RE40154,4985280,5177333,5032453,5146519
RE40155,4985165,5177417,5032693,5145529
RE40156,4985436,5177374,5031905,5146120
RE40157,4985498,5177033,5031791,5144464
RE40158,4984857,5177069,5031396,5144123
RE40159,4985182,5177326,5031207,5143628
RE40160,4985069,5177230,5031392,5143051
RE40161,4985441,5177196,5029348,5142494
RE40162,4985174,5177268,5030168,5141048
RE40163,4985212,5177304,5030643,5143357
RE40164,4985342,5177410,5030955,5143356
RE40165,4985334,5177666,5032132,5143545
RE40166,4985434,5177321,5030336,5143993
ADC_LIMIT:4985935,5178139,5042482,5154990,4983439,5175378,5028579,5140780
RE40167,4985089,5177236,5031098,5144881
RE40168,4985164,5177191,5031945,5144850
RE40169,4984809,5177049,5031722,5144718
RE40170,4985453,5177339,5032547,5145231
RE40171,4985522,5177533,5033704,5145516
RE40172,4985624,5177507,5033537,5145999
RE40173,4985566,5177207,5034270,5146294
RE40174,4985271,5177439,5034174,5147371
RE40175,4985161,5177045,5034979,5146473
RE40176,4985093,5177215,5033813,5148290
RE40177,4985290,5177180,5035026,5147857
RE40178,4985427,5177521,5036044,5148943
RE40179,4985165,5177448,5035971,5148528
RE40180,4985064,5177057,5037088,5150152
RE40181,4985245,5177091,5037200,5149236
RE40182,4985109,5177229,5037508,5149800
RE40183,4985381,5177207,5036958,5149321
RE40184,4985349,5177149,5036643,5149407
ADC_LIMIT:4985935,5178139,5042482,5154990,4983439,5175378,5028579,5140780
RE40185,4985212,5177341,5037737,5149193
RE40186,4985163,5177093,5037829,5151645
RE40187,4985106,5177076,5038456,5151236
RE40188,4984941,5177198,5037462,5150743
RE40189,4985462,5177207,5037728,5147626
RE40190,4985239,5177339,5037177,5149364
RE40191,4985113,5177152,5036587,5149070
RE40192,4984899,5176626,5037219,5150795
RE40193,4985132,5176576,5037134,5149436
RE40194,4984745,5177059,5036704,5149224
RE40195,4985167,5177072,5036591,5149448
RE40196,4985191,5177259,5036371,5149003
RE40197,4984941,5177128,5036889,5147676
RE40198,4985003,5176998,5035111,5148596
RE40199,4984955,5177101,5033866,5146775
RE40200,4984817,5177032,5033830,5146079
RE40201,4985165,5177217,5032877,5146465
ADC_LIMIT:4985935,5178139,5042482,5154990,4983439,5175378,5028579,5140780
RE40202,4985202,5177069,5035226,5146971
RE40203,4984976,5177055,5032864,5147152
RE40204,4985298,5177085,5032530,5145466
RE40205,4985009,5177112,5033614,5145120
RE40206,4984956,5177099,5034034,5145335
RE40207,4985146,5177339,5032048,5145441
RE40208,4985087,5177152,5032832,5143098
RE40209,4984837,5176786,5030510,5142111
RE40210,4985015,5176858,5031866,5145216
RE40211,4984930,5176956,5032086,5144446
RE40212,4985199,5177370,5031542,5144677
RE40213,4984834,5176939,5030771,5144092
RE40214,4985184,5177112,5031988,5144264
RE40215,4985456,5177160,5032885,5144213
RE40216,4985001,5176977,5031977,5146161
RE40217,4985424,5176788,5031764,5145461
RE40218,4985346,5177267,5032337,5146582
RE40219,4984996,5177180,5033112,5145121
ADC_LIMIT:4985935,5178139,5042482,5154990,4983439,5175378,5028579,5140780
RE40220,4985295,5177259,5032957,5147003
RE40221,4985218,5177328,5033372,5146142
RE40222,4985234,5177268,5036016,5146236
RE40223,4984848,5177307,5035212,5147194
RE40224,4985106,5177129,5036290,5147864
RE40225,4985144,5177494,5036240,5148778
RE40226,4985183,5177480,5036458,5149229
RE40227,4985107,5177142,5038444,5147425
RE40228,4985160,5177102,5035949,5150447
RE40229,4985194,5176631,5037390,5150399
RE40230,4985031,5177389,5037971,5150704
RE40231,4985219,5177356,5038242,5150701
RE40232,4985137,5177054,5040133,5150799
RE40233,4985192,5177069,5037252,5151160
RE40234,4985121,5176857,5038575,5150638
RE40235,4985278,5177222,5037816,5150702
RE40236,4984978,5177127,5037828,5151915
RE40237,4984795,5177171,5037123,5149386
ADC_LIMIT:4985935,5178139,5042482,5154990,4983439,5175378,5028579,5140780
RE40238,4985064,5176872,5036719,5150003
RE40239,4985030,5176944,5036143,5149049
RE40240,4984973,5176912,5037187,5146830
RE40241,4985052,5176975,5036196,5149416
RE40242,4985313,5177335,5035298,5147136
RE40243,4985334,5177091,5036003,5147084
RE40244,4985039,5177168,5035503,5146520
RE40245,4985243,5176991,5035424,5147627
RE40246,4984803,5176360,5033577,5146244
RE40247,4985042,5177070,5031905,5145140
RE40248,4984878,5177461,5032610,5144800
RE40249,4985003,5177205,5031370,5143667
RE40250,4984923,5177163,5030804,5143567
RE40251,4985074,5177261,5029798,5141534
RE40252,4984909,5177331,5030155,5141719
RE40253,4984902,5177210,5030229,5142196
RE40254,4984947,5177121,5030387,5143590
ADC_LIMIT:4985935,5178139,5042482,5154990,4983439,5175378,5028579,5140780
RE40255,4984951,5177044,5030264,5143391
RE40256,4985021,5177093,5029350,5142927
RE40257,4985253,5177036,5030166,5144163
RE40258,4985103,5177332,5030256,5143586
RE40259,4985261,5177318,5031832,5143698
RE40260,4985387,5177132,5030405,5143929
RE40261,4985012,5177506,5031159,5144740
RE40262,4985022,5177089,5032761,5145112
RE40263,4985116,5177035,5034003,5144455
RE40264,4985217,5176845,5033699,5146615
RE40265,4985004,5177202,5034729,5147589
RE40266,4984966,5177060,5032660,5147642
RE40267,4985056,5176912,5034978,5146761
RE40268,4985360,5177067,5034869,5149442
RE40269,4984987,5177118,5036279,5149233
RE40270,4984880,5176868,5037211,5150648
RE40271,4984914,5176778,5038008,5149952
RE40272,4985106,5177127,5038037,5151787
ADC_LIMIT:4985935,5178139,5042482,5154990,4983439,5175378,5028579,5140780
RE40273,4984795,5177254,5037960,5151289
RE40274,4985011,5177205,5040441,5151640
RE40275,4984922,5177395,5038968,5150850
RE40276,4984767,5177004,5039738,5151393
RE40277,4985106,5177006,5039230,5151374
RE40278,4985193,5176973,5039441,5151533
RE40279,4984990,5176880,5039499,5152646
RE40280,4985010,5176858,5040444,5151769
RE40281,4985231,5177103,5039205,5150977
RE40282,4985158,5177023,5037258,5150951
RE40283,4984875,5176940,5037432,5148753
RE40284,4985057,5176893,5035770,5148675
RE40285,4984555,5176648,5035561,5150044
RE40286,4984909,5177011,5035904,5147830
RE40287,4985038,5177125,5035647,5148886
RE40288,4984983,5177318,5034313,5147585
RE40289,4985296,5177441,5034879,5146850
RE40290,4985422,5176801,5034949,5144732
ADC_LIMIT:4985935,5178139,5042482,5154990,4983439,5175378,5028579,5140780
RE40291,4985040,5177227,5031872,5145433
RE40292,4985266,5176956,5033322,5145751
RE40293,4985035,5176782,5033242,5145885
RE40294,4985208,5177210,5031047,5146376
RE40295,4985013,5177181,5032324,5145384
RE40296,4984973,5177402,5031249,5143354
RE40297,4984941,5177241,5033716,5143695
RE40298,4985385,5176698,5030917,5143416
RE40299,4985188,5176898,5031170,5143935
RE40300,4985254,5177542,5031769,5143699
RE40301,4985319,5177140,5031799,5143789
RE40302,4985177,5177079,5031048,5143234
RE40303,4985096,5177264,5030769,5144430
RE40304,4985196,5176884,5031198,5144486
RE40305,4984932,5177353,5031283,5144474
RE40306,4985163,5177099,5031179,5144663
RE40307,4984941,5176960,5032855,5144163
ADC_LIMIT:4985935,5178139,5042482,5154990,4983439,5175378,5028579,5140780
RE40308,4985147,5177215,5034388,5145666
RE40309,4985091,5177169,5032686,5145079
RE40310,4985034,5177175,5032907,5145129
RE40311,4985062,5177719,5034503,5145950
RE40312,4985335,5177428,5033659,5147968
RE40313,4984957,5177056,5034362,5146314
RE40314,4984827,5177379,5035114,5148675
RE40315,4985190,5177028,5034501,5148441
RE40316,4985010,5177047,5035771,5149164
RE40317,4985200,5176963,5037595,5149350
RE40318,4985182,5177128,5037908,5148105
RE40319,4985050,5177349,5036584,5149374
RE40320,4985145,5177007,5035574,5151631
RE40321,4985001,5177046,5035828,5149439
RE40322,4985109,5177328,5037500,5150364
RE40323,4984892,5177004,5037986,5149430
RE40324,4984917,5177348,5038219,5149663
RE40325,4985272,5177444,5038010,5149219
ADC_LIMIT:4985935,5178139,5042482,5154990,4983439,5175378,5028579,5140780
RE40326,4985111,5177201,5038099,5150625
RE40327,4984738,5177275,5036882,5150357
RE40328,4984979,5177061,5036713,5149995
RE40329,4984932,5177203,5037653,5149424
RE40330,4984596,5177368,5039116,5148262
RE40331,4984475,5177201,5037870,5149901
RE40332,4985083,5177130,5036693,5149135
RE40333,4984948,5176742,5036155,5148081
RE40334,4985052,5176993,5036435,5148108
RE40335,4984950,5177291,5034463,5146134
RE40336,4985192,5177222,5033765,5146476
RE40337,4984773,5177176,5034810,5146047
RE40338,4985022,5177014,5033093,5145170
RE40339,4984939,5177277,5032315,5145368
RE40340,4984825,5177207,5031759,5145801
RE40341,4985025,5177162,5032896,5142685
RE40342,4984877,5177199,5030421,5144309
RE40343,4984723,5177363,5031232,5143656
ADC_LIMIT:4985935,5178139,5042482,5154990,4983439,5175378,5028579,5140780
RE40344,4984855,5177359,5032001,5143377
RE40345,4985042,5177092,5031811,5143334
RE40346,4984995,5177609,5031564,5144069
RE40347,4985120,5177050,5030698,5143321
RE40348,4985114,5177193,5031511,5141981
RE40349,4985026,5177040,5030614,5142947
RE40350,4985130,5177333,5031208,5144738
RE40351,4985084,5177251,5031358,5144739
RE40352,4985039,5176934,5032020,5143429
RE40353,4984965,5176934,5033998,5144565
RE40354,4984826,5177225,5033531,5145843
RE40355,4985010,5177218,5032916,5145685
RE40356,4985152,5177264,5034395,5147325
RE40357,4985000,5177279,5034739,5146695
RE40358,4985087,5176929,5034959,5148017
RE40359,4985296,5177037,5034792,5150478
RE40360,4985411,5177288,5035840,5149739
ADC_LIMIT:4985935,5178139,5042482,5154990,4983439,5175378,5028579,5140780
RE40361,4984844,5176988,5037394,5150572
RE40362,4984702,5177330,5037410,5151620
RE40363,4984977,5177168,5037555,5151974
RE40364,4984986,5176963,5038389,5150971
RE40365,4985018,5177326,5039628,5151658
RE40366,4985030,5177149,5039694,5151039
RE40367,4984868,5177098,5038552,5151767
RE40368,4984838,5176894,5038965,5151474
RE40369,4984816,5176970,5040769,5150779
RE40370,4984834,5177253,5038423,5152467
RE40371,4985148,5177357,5038474,5151890
RE40372,4985115,5176907,5038230,5148927
RE40373,4984828,5177162,5037525,5151764
RE40374,4984830,5177021,5036540,5149801
RE40375,4985042,5177420,5038150,5149424
RE40376,4985010,5177202,5036262,5149246
RE40377,4984948,5177449,5036056,5149132
RE40378,4984973,5177263,5035771,5145766
ADC_LIMIT:4985935,5178139,5042482,5154990,4983439,5175378,5028579,5140780
RE40379,4984959,5177382,5036461,5147669
RE40380,4984918,5176888,5033321,5145589
RE40381,4985071,5177394,5033510,5145871
RE40382,4985178,5177235,5034048,5145861
RE40383,4985018,5177099,5031482,5145224
RE40384,4984959,5177034,5033206,5145028
RE40385,4985067,5177146,5031569,5144490
RE40386,4984793,5176830,5032194,5143163
RE40387,4984576,5176861,5031259,5142516
RE40388,4984906,5176947,5031773,5144425
RE40389,4984916,5177222,5031276,5142863
RE40390,4985074,5177202,5029962,5143099
RE40391,4984995,5177174,5030573,5143662
RE40392,4985001,5177400,5030803,5144254
RE40393,4984990,5177397,5030284,5143211
RE40394,4984981,5177138,5032409,5142814
RE40395,4985115,5177121,5032341,5145102
RE40396,4984968,5176941,5031890,5144119
ADC_LIMIT:4985935,5178139,5042482,5154990,4983439,5175378,5028579,5140780
RE40397,4985060,5177183,5032459,5146259
RE40398,4984889,5177236,5031243,5147490
RE40399,4985156,5177027,5032972,5145529
RE40400,4984786,5177038,5033968,5145679
RE40401,4984876,5177052,5035482,5147180
RE40402,4984666,5176964,5033450,5147689
RE40403,4984802,5177094,5034811,5147470
RE40404,4984652,5176786,5035797,5148921
RE40405,4985031,5177036,5035835,5147554
RE40406,4985192,5177287,5037104,5149379
RE40407,4984977,5177081,5036709,5148493
RE40408,4984942,5177205,5036293,5149729
RE40409,4985192,5176767,5037204,5149287
RE40410,4984777,5177252,5037222,5150385
RE40411,4985134,5176947,5036490,5149467
RE40412,4985114,5176773,5036512,5150134
RE40413,4984493,5177087,5037231,5148538
ADC_LIMIT:4985935,5178139,5042482,5154990,4983439,5175378,5028579,5140780
RE40414,4984853,5177097,5039176,5149389
RE40415,4984894,5177122,5038410,5149618
RE40416,4984878,5176894,5037392,5149954
RE40417,4985117,5176947,5036568,5149343
RE40418,4984721,5177028,5038344,5149013
RE40419,4985046,5177053,5037374,5149165
RE40420,4984832,5177073,5037912,5150004
RE40421,4985172,5177463,5037110,5148262
RE40422,4985010,5176771,5037312,5148518
RE40423,4985051,5176758,5035213,5148879
RE40424,4984898,5177100,5035352,5147222
RE40425,4984922,5177220,5035375,5148853
RE40426,4985042,5177074,5033290,5145672
RE40427,4985110,5177142,5034155,5145658
RE40428,4984898,5177432,5034787,5147966
RE40429,4985103,5176972,5035393,5146014
RE40430,4985276,5177362,5032828,5146905
RE40431,4985339,5177053,5032903,5145829
ADC_LIMIT:4985935,5178139,5042482,5154990,4983439,5175378,5028579,5140780
RE40432,4985390,5177290,5032188,5144896
RE40433,4985253,5177205,5032776,5144552
RE40434,4985121,5177378,5031936,5145201
RE40435,4985197,5176885,5031099,5144708
RE40436,4985210,5177075,5032229,5143793
RE40437,4984931,5177085,5032829,5142950
RE40438,4985096,5177013,5031428,5144690
RE40439,4985158,5176792,5031068,5144705
RE40440,4985020,5177013,5032755,5143515
RE40441,4985101,5177222,5031205,5145002
RE40442,4984993,5177140,5033004,5144679
RE40443,4984954,5176982,5033119,5145133
RE40444,4984967,5177156,5031800,5145618
RE40445,4985493,5176949,5032721,5146135
RE40446,4985260,5176882,5034764,5145732
RE40447,4985225,5177210,5033319,5145082
RE40448,4985219,5177223,5035632,5146394
RE40449,4985216,5177103,5033916,5147721
ADC_LIMIT:4985935,5178139,5042482,5154990,4983439,5175378,5028579,5140780
RE40450,4985243,5177273,5036793,5148446
RE40451,4985475,5176915,5036196,5148525
RE40452,4984969,5177311,5037429,5149236
RE40453,4984954,5177115,5035614,5149067
RE40454,4985453,5176849,5037973,5149141
RE40455,4985125,5177170,5038185,5150530
RE40456,4985309,5177054,5038692,5149588
RE40457,4985153,5176474,5039347,5149932
RE40458,4984914,5177128,5037156,5150922
RE40459,4984986,5177144,5038056,5151055
RE40460,4984783,5177008,5037737,5151068
RE40461,4984995,5176740,5037599,5150824
RE40462,4984878,5177073,5039513,5150388
RE40463,4984983,5177044,5037822,5152834
RE40464,4984791,5176968,5037633,5149549
RE40465,4984499,5177127,5037699,5148912
RE40466,4985023,5176882,5036753,5151014
ADC_LIMIT:4985935,5178139,5042482,5154990,4983439,5175378,5028579,5140780
RE40467,4985066,5177009,5036493,5148750
RE40468,4984779,5177169,5034294,5148144
RE40469,4985199,5176965,5034511,5147979
RE40470,4984900,5177111,5035518,5146610
RE40471,4985148,5177214,5034700,5146199
RE40472,4985140,5177176,5033202,5145467
RE40473,4984925,5176963,5034214,5144660
RE40474,4985066,5176854,5032743,5144727
RE40475,4984690,5176848,5031004,5143340
RE40476,4985211,5176940,5031559,5143462
RE40477,4984824,5177185,5031436,5141746
RE40478,4985299,5177201,5030860,5143501
RE40479,4985351,5177226,5032013,5142500
RE40480,4985427,5177290,5029703,5141467
RE40481,4985501,5177373,5030905,5143137
RE40482,4985061,5177060,5030675,5142066
RE40483,4985097,5177432,5030024,5143600
RE40484,4985518,5177284,5029372,5144498
ADC_LIMIT:4985935,5178139,5042482,5154990,4983439,5175378,5028579,5140780
RE40485,4984880,5177237,5031217,5143060
RE40486,4985181,5177168,5031615,5144245
RE40487,4984981,5177536,5031364,5144326
RE40488,4985020,5177381,5031830,5144862
RE40489,4984944,5176918,5032856,5145499
RE40490,4985028,5176996,5032595,5147751
RE40491,4985085,5177234,5033363,5145867
RE40492,4985052,5177095,5034004,5148007
RE40493,4985199,5177384,5034245,5146995
RE40494,4985337,5177439,5035618,5147137
RE40495,4985152,5177145,5035944,5149249
RE40496,4985063,5177294,5035587,5149854
RE40497,4985195,5177345,5037491,5150009
RE40498,4985257,5177243,5036481,5150032
RE40499,4985148,5177386,5037381,5151034
RE40500,4985084,5177237,5038429,5151145
RE40501,4985343,5177172,5039363,5152124
RE40502,4985163,5177357,5038686,5151644
ADC_LIMIT:4985935,5178139,5042482,5154990,4983439,5175378,5028579,5140780
RE40503,4984927,5177172,5039851,5151958
RE40504,4985203,5177451,5037784,5152092
RE40505,4985058,5177216,5038523,5152243
RE40506,4984945,5177043,5039732,5151699
RE40507,4984968,5176995,5038548,5150031
RE40508,4985343,5177118,5038841,5151913
RE40509,4985106,5177019,5038850,5150690
RE40510,4984982,5176646,5035273,5150707
RE40511,4984884,5176965,5037279,5149164
RE40512,4985004,5176993,5036186,5149154
RE40513,4984906,5177199,5034867,5148063
RE40514,4984914,5177173,5036066,5147654
RE40515,4984981,5177260,5034524,5148165
RE40516,4984795,5177482,5035507,5147980
RE40517,4985129,5177204,5032529,5148068
RE40518,4984846,5177051,5032464,5145941
RE40519,4984814,5177076,5034368,5146318
ADC_LIMIT:4985935,5178139,5042482,5154990,4983439,5175378,5028579,5140780
RE40520,4985051,5176912,5032987,5146399
RE40521,4985019,5177372,5032679,5144991
RE40522,4985076,5177290,5032222,5144862
RE40523,4984827,5177274,5031449,5143532
RE40524,4985199,5177280,5030254,5144070
RE40525,4984809,5177225,5031689,5142216
RE40526,4984953,5176762,5030031,5143247
RE40527,4984960,5177049,5031837,5142989
RE40528,4985304,5177026,5031119,5144522
RE40529,4985007,5177400,5032471,5143550
RE40530,4985032,5177618,5032406,5144175
RE40531,4985272,5177251,5032811,5144093
RE40532,4985209,5177317,5033510,5144908
RE40533,4985070,5177189,5031780,5144523
RE40534,4985417,5177302,5032850,5144979
RE40535,4985083,5177201,5034960,5145121
RE40536,4985193,5177641,5032070,5146040
RE40537,4985564,5177349,5032399,5145404
ADC_LIMIT:4985935,5178139,5042482,5154990,4983439,5175378,5028579,5140780
RE40538,4985149,5177125,5033431,5147818
RE40539,4985185,5177017,5033211,5146939
RE40540,4984922,5177247,5034447,5148182
RE40541,4985261,5177248,5034166,5149333
RE40542,4985422,5177093,5037344,5148799
RE40543,4984909,5177261,5035973,5149630
RE40544,4985089,5177279,5034947,5150215
RE40545,4985325,5177292,5037308,5150334
RE40546,4984827,5176927,5036298,5148476
RE40547,4984830,5177091,5037313,5149632
RE40548,4984590,5177028,5037510,5149933
RE40549,4984620,5177074,5037880,5151334
RE40550,4984872,5177049,5038372,5150390
RE40551,4984965,5177138,5038578,5150415
RE40552,4985059,5176971,5038399,5151751
RE40553,4985008,5177024,5037139,5150676
RE40554,4985322,5177482,5036148,5149193
RE40555,4984979,5177182,5037381,5150210
ADC_LIMIT:4985935,5178139,5042482,5154990,4983439,5175378,5028579,5140780
RE40556,4984964,5177103,5036572,5150058
RE40557,4984974,5177375,5035563,5148757
RE40558,4985270,5177318,5036729,5149992
RE40559,4984817,5177169,5038323,5148743
RE40560,4984989,5177376,5035247,5146865
RE40561,4985383,5177291,5034357,5147060
RE40562,4984828,5176925,5036096,5145870
RE40563,4985022,5176770,5033721,5145677
RE40564,4984946,5177618,5032935,5145990
RE40565,4985166,5177266,5031242,5145329
RE40566,4985028,5177386,5031764,5144359
RE40567,4985029,5177415,5032267,5143720
RE40568,4985202,5177224,5031309,5143447
RE40569,4985027,5177281,5031190,5143571
RE40570,4984983,5177295,5032340,5143496
RE40571,4984973,5177170,5029888,5142736
RE40572,4984808,5177191,5029920,5143576
ADC_LIMIT:4985935,5178139,5042482,5154990,4983439,5175378,5028579,5140780
RE40573,4984809,5177175,5030141,5141515
RE40574,4985317,5177216,5030067,5141526
RE40575,4985196,5177347,5029562,5143740
RE40576,4985140,5177119,5031138,5143517
RE40577,4985106,5177190,5031776,5143450
RE40578,4985253,5177291,5031418,5144411
RE40579,4984699,5176560,5033732,5143655
RE40580,4984834,5176707,5033392,5146500
RE40581,4985018,5176575,5034064,5146341
RE40582,4984929,5177022,5034018,5147357
RE40583,4985097,5177195,5035335,5146579
RE40584,4984824,5177260,5035313,5148767
RE40585,4984968,5177396,5034291,5147710
RE40586,4984686,5176652,5036283,5149890
RE40587,4985138,5177081,5037540,5150609
RE40588,4985000,5177274,5037081,5150475
RE40589,4984972,5177135,5038282,5150525
RE40590,4985042,5177107,5038159,5151376
ADC_LIMIT:4985935,5178139,5042482,5154990,4983439,5175378,5028579,5140780
RE40591,4985180,5177244,5039512,5151386
RE40592,4985022,5176980,5039273,5151583
RE40593,4984659,5177251,5038075,5151718
RE40594,4985085,5177128,5038925,5152051
RE40595,4984664,5176866,5040213,5149706
RE40596,4984843,5177049,5038882,5150675
RE40597,4984882,5176920,5039016,5151510
RE40598,4984890,5176746,5037884,5150702
RE40599,4984793,5177259,5037898,5149727
RE40600,4984670,5177318,5038378,5150258
RE40601,4984921,5177065,5035823,5149146
RE40602,4984683,5177224,5035550,5149983
RE40603,4984850,5177219,5037344,5145927
RE40604,4984862,5176833,5034996,5145311
RE40605,4984971,5177234,5037408,5147290
RE40606,4984688,5177077,5034431,5145999
RE40607,4984859,5177111,5032975,5146780
RE40608,4984830,5177047,5032856,5145296
ADC_LIMIT:4985935,5178139,5042482,5154990,4983439,5175378,5028579,5140780
RE40609,4984804,5177107,5033455,5143338
RE40610,4985039,5176932,5031862,5145147
RE40611,4984930,5176950,5031977,5142553
RE40612,4985219,5177273,5031789,5143820
RE40613,4984799,5177140,5031906,5144633
RE40614,4985145,5177062,5031022,5144697
RE40615,4984972,5176823,5030943,5142744
RE40616,4984973,5177381,5029728,5143049
RE40617,4985158,5177148,5030846,5144156
RE40618,4985262,5177214,5031773,5143539
RE40619,4985148,5177430,5029622,5143822
RE40620,4985110,5177117,5031218,5144986
RE40621,4985011,5177159,5032067,5142856
RE40622,4985157,5176679,5032300,5143128
RE40623,4984930,5177291,5032106,5144585
RE40624,4985127,5177075,5032223,5144248
RE40625,4984961,5176821,5032848,5145872
ADC_LIMIT:4985935,5178139,5042482,5154990,4983439,5175378,5028579,5140780
RE40626,4984866,5177346,5034363,5146268
RE40627,4984835,5177129,5034329,5147218
RE40628,4984858,5177059,5034255,5147397
RE40629,4985065,5176884,5033441,5147726
RE40630,4985060,5176930,5033961,5148003
RE40631,4985247,5177119,5036183,5149210
RE40632,4985249,5176734,5035931,5148531
RE40633,4984863,5176657,5035734,5149230
RE40634,4984945,5176959,5036545,5149493
RE40635,4985196,5177151,5037593,5150923
RE40636,4984912,5176819,5036370,5150363
RE40637,4985026,5176897,5038194,5148159
RE40638,4984977,5176813,5036617,5148775
RE40639,4984938,5177051,5036835,5150390
RE40640,4984814,5176874,5037465,5151407
RE40641,4985055,5176966,5036777,5150004
RE40642,4985168,5177158,5036773,5149837
RE40643,4984974,5176978,5038194,5151552
ADC_LIMIT:4985935,5178139,5042482,5154990,4983439,5175378,5028579,5140780
RE40644,4985037,5177078,5037779,5148773
RE40645,4985226,5177366,5035906,5149736
RE40646,4984974,5177038,5036109,5147895
RE40647,4985141,5177248,5037075,5148924
RE40648,4984941,5177105,5035960,5147700
RE40649,4985070,5176996,5034609,5148485
RE40650,4985001,5177018,5035624,5146059
RE40651,4984605,5176800,5035236,5147557
RE40652,4985125,5176959,5034684,5147455
RE40653,4984754,5177083,5034780,5146872
RE40654,4985223,5177249,5035066,5146750
RE40655,4985005,5177194,5034270,5147436
RE40656,4984675,5177028,5034086,5147434
RE40657,4985383,5176930,5033862,5146060
RE40658,4984836,5176948,5032586,5145195
RE40659,4985029,5177050,5031828,5144887
RE40660,4984995,5177021,5033094,5144421
RE40661,4985267,5177257,5031145,5146651
ADC_LIMIT:4985935,5178139,5042482,5154990,4983439,5175378,5028579,5140780
RE40662,4984865,5177266,5033399,5143369
RE40663,4985283,5177073,5030449,5145367
RE40664,4985263,5177142,5033517,5143309
RE40665,4985222,5176820,5031324,5144195
RE40666,4985023,5177070,5030410,5143170
RE40667,4984957,5177143,5031417,5144567
RE40668,4985085,5177030,5032028,5144667
RE40669,4985140,5177113,5033294,5144744
RE40670,4985007,5177367,5032790,5145504
RE40671,4985163,5177033,5032621,5146380
RE40672,4984914,5176978,5032642,5145974
RE40673,4985394,5177514,5034536,5146611
RE40674,4985052,5177191,5034741,5148223
RE40675,4984984,5177186,5035887,5147582
RE40676,4985221,5177162,5035920,5147080
RE40677,4984921,5177295,5035587,5149086
RE40678,4985226,5177465,5037282,5149996
ADC_LIMIT:4985935,5178139,5042482,5154990,4983439,5175378,5028579,5140780
RE40679,4985150,5177143,5035716,5149760
RE40680,4985212,5177301,5037235,5149883
RE40681,4985086,5177233,5038743,5150998
RE40682,4984769,5177237,5038517,5150626
RE40683,4984945,5177108,5038136,5151366
RE40684,4984841,5177586,5039196,5150537
RE40685,4985052,5177165,5039071,5150267
RE40686,4985094,5176858,5039306,5150332
RE40687,4984903,5177050,5037444,5152061
RE40688,4985146,5177101,5039000,5150157
RE40689,4985040,5176783,5038123,5150165
RE40690,4985222,5176741,5037048,5150552
RE40691,4985015,5176677,5037134,5149871
RE40692,4984898,5177127,5037142,5148969
RE40693,4984835,5177258,5035834,5149770
RE40694,4984707,5176833,5036186,5148242
RE40695,4984783,5177318,5033661,5147306
RE40696,4985138,5177218,5036454,5147255
ADC_LIMIT:4985935,5178139,5042482,5154990,4983439,5175378,5028579,5140780
RE40697,4985066,5177189,5033682,5147069
RE40698,4984741,5177222,5032763,5145412
RE40699,4985181,5177282,5032918,5144271
RE40700,4985166,5176930,5031313,5144284
RE40701,4985271,5177053,5032478,5144896
RE40702,4985134,5177017,5031723,5144692
RE40703,4985027,5177132,5030145,5143117
RE40704,4984769,5177077,5031436,5142879
RE40705,4985102,5177267,5030350,5143725
RE40706,4985100,5177302,5030602,5143116
RE40707,4985055,5177172,5030543,5141997
RE40708,4985250,5177166,5030534,5142623
RE40709,4985434,5177030,5028651,5142745
RE40710,4985495,5177315,5030386,5142729
RE40711,4985005,5177438,5030871,5144993
RE40712,4985008,5177144,5032380,5143275
RE40713,4985200,5177427,5031882,5144012
RE40714,4984896,5176961,5032704,5144831
ADC_LIMIT:4985935,5178139,5042482,5154990,4983439,5175378,5028579,5140780
RE40715,4985157,5177375,5034313,5145406
RE40716,4985053,5177364,5033771,5147037
RE40717,4985442,5177453,5034563,5146077
RE40718,4985176,5177462,5034031,5147122
RE40719,4985043,5177183,5034545,5148199
RE40720,4985014,5176962,5036719,5148408
RE40721,4984964,5177214,5037347,5149418
RE40722,4984906,5177308,5037612,5149765
RE40723,4985247,5177380,5038654,5150074
RE40724,4985098,5177289,5039443,5152524
RE40725,4985396,5177219,5038899,5151427
RE40726,4985023,5177190,5037862,5152112
RE40727,4984962,5177112,5038691,5152085
RE40728,4985021,5177003,5039606,5151964
RE40729,4985071,5176880,5039436,5151798
RE40730,4985032,5176854,5039364,5151659
RE40731,4984920,5177067,5039193,5151040
ADC_LIMIT:4985935,5178139,5042482,5154990,4983439,5175378,5028579,5140780
RE40732,4985299,5176941,5039341,5151016
RE40733,4984987,5177421,5037376,5151915
RE40734,4984975,5177230,5037125,5149733
RE40735,4984836,5176978,5037084,5149441
RE40736,4985097,5177060,5038021,5150302
RE40737,4984761,5177253,5035419,5148400
RE40738,4984775,5176726,5037606,5147564
RE40739,4984928,5176752,5034654,5148691
RE40740,4984959,5177054,5035403,5146010
RE40741,4985022,5177012,5034886,5147354
RE40742,4985122,5177070,5033847,5146554
RE40743,4984718,5176970,5033429,5145331
RE40744,4984749,5177009,5033155,5145910
RE40745,4985276,5177068,5033420,5145049
RE40746,4985021,5177064,5032073,5144493
RE40747,4984636,5176931,5032077,5144532
RE40748,4984935,5177247,5032634,5143169
RE40749,4984923,5177086,5032977,5144455
ADC_LIMIT:4985935,5178139,5042482,5154990,4983439,5175378,5028579,5140780
RE40750,4984711,5177054,5032560,5144816
RE40751,4984944,5176929,5030706,5142840
RE40752,4984763,5177234,5031088,5144414
RE40753,4985006,5177080,5031458,5144464
RE40754,4984856,5176906,5031323,5143677
RE40755,4985120,5176997,5031460,5143677
RE40756,4984923,5177209,5031510,5144419
RE40757,4985152,5176909,5031274,5144055
RE40758,4984689,5177223,5031739,5145595
RE40759,4984968,5176966,5033011,5145643
RE40760,4984961,5177219,5032793,5145448
RE40761,4985014,5177256,5033553,5145410
RE40762,4985076,5176995,5034264,5145520
RE40763,4985059,5177252,5033216,5146345
RE40764,4984995,5177241,5035498,5146491
RE40765,4985219,5177083,5033936,5147584
RE40766,4984954,5177290,5034179,5148023
RE40767,4984947,5177163,5035065,5147986
ADC_LIMIT:4985935,5178139,5042482,5154990,4983439,5175378,5028579,5140780
RE40768,4985172,5177050,5035903,5147736
RE40769,4984890,5177022,5036368,5148980
RE40770,4984972,5176846,5036402,5149181
RE40771,4984849,5176896,5035414,5148493
RE40772,4984898,5176885,5038152,5151188
RE40773,4984993,5176947,5036969,5149334
RE40774,4985149,5177038,5037660,5151685
RE40775,4984835,5177160,5037546,5149610
RE40776,4984560,5176880,5037888,5150434
RE40777,4985216,5177282,5037514,5151368
RE40778,4984974,5176993,5037620,5149139
RE40779,4984858,5176842,5037066,5151076
RE40780,4984751,5176995,5037520,5147664
RE40781,4984718,5176699,5037752,5149918
RE40782,4984796,5176870,5036826,5150244
RE40783,4984850,5176976,5036876,5149881
RE40784,4985107,5177054,5036534,5147500
ADC_LIMIT:4985935,5178139,5042482,5154990,4983439,5175378,5028579,5140780
RE40785,4984847,5177152,5035429,5148080
RE40786,4984879,5176870,5034316,5147386
RE40787,4984916,5176803,5035057,5146422
RE40788,4984774,5177311,5032739,5146754
RE40789,4985005,5177200,5032539,5146807
RE40790,4984895,5176892,5033778,5144829
RE40791,4984924,5177119,5031992,5145044
RE40792,4985004,5176971,5033002,5143201
RE40793,4985006,5176670,5030012,5141932
RE40794,4984843,5177115,5030952,5144007
RE40795,4984885,5177061,5029846,5143154
RE40796,4985050,5177351,5030232,5143697
RE40797,4984800,5176987,5030002,5143269
RE40798,4985080,5177033,5031251,5143286
RE40799,4985118,5177139,5030597,5143514
RE40800,4985320,5176967,5030464,5143692
RE40801,4985087,5177349,5030557,5144477
RE40802,4985115,5177229,5030472,5145329
ADC_LIMIT:4985935,5178139,5042482,5154990,4983439,5175378,5028579,5140780
RE40803,4985394,5177197,5031489,5143603
RE40804,4985068,5177270,5032485,5145373
RE40805,4985206,5177480,5031963,5145621
RE40806,4985138,5177205,5032472,5146090
RE40807,4985086,5177022,5035852,5146679
RE40808,4985347,5177238,5034413,5148832
RE40809,4985291,5176843,5036124,5148582
RE40810,4984897,5177275,5036019,5149396
RE40811,4985209,5177351,5038379,5150369
RE40812,4985035,5177343,5036799,5149720
RE40813,4985541,5177310,5036930,5150689
RE40814,4985021,5177234,5038873,5150286
RE40815,4985018,5177281,5039482,5150994
RE40816,4985139,5177588,5037707,5150521
RE40817,4984957,5177343,5038267,5151206
RE40818,4984948,5177210,5038554,5151552
RE40819,4985289,5177067,5038848,5153311
RE40820,4984817,5177159,5038092,5151851
ADC_LIMIT:4985935,5178139,5042482,5154990,4983439,5175378,5028579,5140780
RE40821,4984603,5177152,5039711,5151282
RE40822,4984909,5177236,5038852,5150789
RE40823,4985160,5177132,5037635,5151490
RE40824,4985222,5177224,5038814,5149731
RE40825,4985102,5176860,5037244,5149469
RE40826,4985083,5176672,5035846,5149619
RE40827,4985043,5177106,5036994,5148467
RE40828,4984828,5176527,5035762,5149213
RE40829,4985109,5176986,5035738,5147804
RE40830,4984761,5176978,5035117,5147021
RE40831,4984907,5176990,5035691,5145265
RE40832,4984978,5177298,5034995,5146749
RE40833,4984875,5177196,5034302,5144314
RE40834,4984801,5176980,5033187,5144691
RE40835,4984893,5177274,5032373,5144314
RE40836,4985202,5177036,5032425,5145672
RE40837,4985230,5177245,5032606,5143432
ADC_LIMIT:4985935,5178139,5042482,5154990,4983439,5175378,5028579,5140780
RE40838,4985130,5177195,5032585,5144530
RE40839,4985257,5177339,5029992,5143452
RE40840,4985262,5177523,5031432,5142699
RE40841,4985333,5177211,5030555,5143684
RE40842,4985123,5177284,5030532,5142349
RE40843,4985176,5177169,5029910,5143269
RE40844,4985305,5177023,5031655,5145606
RE40845,4985097,5177133,5031236,5143047
RE40846,4984957,5177138,5030591,5145478
RE40847,4985040,5176953,5032694,5145320
RE40848,4984922,5177259,5032115,5144898
RE40849,4985146,5177481,5032374,5145745
RE40850,4985126,5177430,5032506,5146030
RE40851,4984743,5177159,5034176,5146806
RE40852,4984938,5177043,5033809,5147180
RE40853,4985087,5177052,5033565,5147592
RE40854,4985186,5177033,5036073,5148002
RE40855,4985274,5176887,5036850,5147970
ADC_LIMIT:4985935,5178139,5042482,5154990,4983439,5175378,5028579,5140780
RE40856,4985044,5176952,5035176,5147645
RE40857,4984976,5177577,5036676,5149173
RE40858,4985076,5176836,5036667,5149762
RE40859,4984831,5177119,5035895,5149580
RE40860,4984618,5177003,5037217,5147947
RE40861,4985060,5176977,5037139,5148821
RE40862,4985048,5177271,5036838,5149464
RE40863,4984815,5177108,5036894,5149234
RE40864,4984942,5177193,5037327,5149520
RE40865,4984903,5177243,5039496,5149475
RE40866,4984791,5177074,5037058,5148652
RE40867,4985132,5177093,5036638,5149657
RE40868,4984908,5177003,5036163,5149338
RE40869,4985233,5176920,5037571,5150163
RE40870,4984978,5177123,5037137,5149462
RE40871,4984551,5176927,5036904,5149269
RE40872,4984809,5177048,5036918,5148694
RE40873,4984860,5177103,5036711,5148971
ADC_LIMIT:4985935,5178139,5042482,5154990,4983439,5175378,5028579,5140780
RE40874,4984361,5176904,5036891,5147278
RE40875,4984726,5176947,5035708,5147496
RE40876,4984999,5176879,5034184,5147952
RE40877,4985032,5177032,5035041,5147951
RE40878,4985129,5177253,5034559,5146060
RE40879,4985007,5176873,5035137,5145851
RE40880,4984935,5177074,5033330,5145939
RE40881,4985151,5176854,5033984,5147075
RE40882,4984650,5176885,5033146,5144973
RE40883,4984945,5177413,5032462,5145414
RE40884,4985001,5177459,5032969,5144756
RE40885,4984899,5177226,5032049,5146251
RE40886,4985088,5177404,5031212,5145675
RE40887,4985035,5177421,5031121,5144677
RE40888,4984960,5177139,5032277,5144716
RE40889,4984785,5177226,5032759,5144867
RE40890,4985031,5177003,5030773,5145017
ADC_LIMIT:4985935,5178139,5042482,5154990,4983439,5175378,5028579,5140780
RE40891,4984935,5177034,5031411,5144620
RE40892,4985041,5176941,5032085,5146878
RE40893,4985261,5177565,5032450,5144698
RE40894,4985091,5177266,5032379,5146040
RE40895,4985115,5177144,5032591,5146033
RE40896,4984735,5176930,5033525,5146258
RE40897,4985138,5177187,5033846,5146053
RE40898,4985181,5177459,5034707,5147202
RE40899,4985091,5177282,5034692,5148436
RE40900,4985291,5177096,5036473,5149006
RE40901,4985112,5177472,5036288,5147928
RE40902,4984825,5177076,5035597,5148849
RE40903,4985011,5177183,5036108,5149826
RE40904,4984878,5177016,5036800,5150694
RE40905,4985015,5177162,5037253,5149774
RE40906,4985121,5177054,5037319,5150029
RE40907,4984953,5176990,5037872,5152052
RE40908,4985011,5177259,5038498,5149715
ADC_LIMIT:4985935,5178139,5042482,5154990,4983439,5175378,5028579,5140780
RE40909,4984988,5176912,5038321,5151305
RE40910,4985060,5177117,5038633,5150036
RE40911,4985028,5177044,5038588,5151602
RE40912,4984745,5177087,5037675,5149361
RE40913,4984750,5177168,5037844,5151278
RE40914,4984792,5177161,5037300,5149683
RE40915,4984967,5176998,5037610,5148990
RE40916,4984832,5177256,5035720,5150243
RE40917,4984705,5176840,5036558,5149249
RE40918,4984587,5177152,5035815,5147535
RE40919,4984871,5177301,5034162,5148620
RE40920,4984888,5177251,5034327,5146597
RE40921,4985012,5177013,5036362,5145764
RE40922,4984818,5177147,5033139,5145973
RE40923,4984828,5177114,5034093,5145234
RE40924,4984728,5177101,5033392,5144678
RE40925,4984998,5176944,5032243,5144429
RE40926,4985266,5177114,5031140,5144585
ADC_LIMIT:4985935,5178139,5042482,5154990,4983439,5175378,5028579,5140780
RE40927,4985119,5177305,5031348,5143299
RE40928,4985240,5177360,5029981,5143382
RE40929,4985100,5176983,5030976,5142935
RE40930,4985270,5177134,5030085,5143178
RE40931,4985004,5177288,5030405,5143349
RE40932,4985064,5177119,5030745,5142424
RE40933,4985021,5177037,5030391,5143049
RE40934,4985015,5177222,5031069,5143788
RE40935,4985150,5177040,5030454,5143493
RE40936,4984884,5177137,5031490,5144696
RE40937,4985187,5177099,5030398,5143558
RE40938,4984835,5177162,5032216,5143683
RE40939,4984905,5176873,5031757,5144897
RE40940,4984981,5176734,5032082,5144728
RE40941,4984694,5177183,5032980,5145335
RE40942,4984761,5177294,5034856,5146293
RE40943,4984838,5177234,5035362,5147749
ADC_LIMIT:4985935,5178139,5042482,5154990,4983439,5175378,5028579,5140780
RE40944,4985064,5177054,5035543,5148761
RE40945,4984755,5176815,5034984,5148791
RE40946,4985106,5177274,5035263,5147940
RE40947,4984945,5176980,5035501,5150584
RE40948,4985068,5177118,5038662,5150928
RE40949,4985077,5176988,5040105,5150634
RE40950,4984911,5177095,5038606,5151467
RE40951,4984867,5177114,5038498,5152006
RE40952,4985099,5177068,5039936,5151405
RE40953,4984854,5177338,5038720,5150721
RE40954,4984681,5177005,5038782,5151554
RE40955,4984921,5176968,5038962,5151372
RE40956,4984838,5177288,5039047,5149908
RE40957,4985333,5177130,5038834,5152322
RE40958,4985113,5177121,5038288,5151347
RE40959,4985168,5177065,5040073,5151072
RE40960,4985002,5176940,5036877,5151188
RE40961,4984821,5177191,5037572,5149443
ADC_LIMIT:4985935,5178139,5042482,5154990,4983439,5175378,5028579,5140780
RE40962,4985130,5176728,5036458,5149343
RE40963,4985142,5177359,5035389,5148133
RE40964,4985246,5177404,5035829,5148539
RE40965,4985249,5177047,5034138,5147135
RE40966,4984917,5176934,5033915,5147207
RE40967,4985155,5176818,5034173,5143927
RE40968,4984954,5177148,5033144,5146502
RE40969,4985120,5176947,5033677,5145747
RE40970,4984775,5177025,5032497,5146861
RE40971,4984760,5177291,5031673,5146134
RE40972,4984985,5177478,5032740,5143766
RE40973,4984940,5177053,5032185,5146285
RE40974,4985028,5177222,5030612,5144495
RE40975,4985073,5177291,5031943,5143624
RE40976,4985125,5177107,5029566,5142448
RE40977,4985079,5176856,5031064,5144081
RE40978,4985012,5177274,5031117,5143755
RE40979,4985297,5177397,5031988,5144390
ADC_LIMIT:4985935,5178139,5042482,5154990,4983439,5175378,5028579,5140780
RE40980,4985130,5177309,5031467,5143771
RE40981,4985236,5177325,5033193,5144380
RE40982,4985059,5177411,5032223,5145026
RE40983,4985073,5177220,5032321,5143719
RE40984,4985140,5177057,5031894,5145157
RE40985,4985043,5177234,5033793,5144804
RE40986,4985256,5177363,5034201,5145076
RE40987,4984962,5177220,5033611,5146380
RE40988,4985217,5177169,5032130,5145616
RE40989,4984957,5177252,5033731,5147537
RE40990,4985120,5177301,5035519,5148169
RE40991,4985140,5177334,5035741,5148282
RE40992,4985076,5177357,5035013,5147589
RE40993,4985012,5177094,5035464,5148977
RE40994,4985052,5177117,5037204,5149623
RE40995,4984808,5177039,5036638,5149542
RE40996,4984901,5176988,5037670,5150510
ADC_LIMIT:4985935,5178139,5042482,5154990,4983439,5175378,5028579,5140780
RE40997,4984811,5177057,5036735,5150123
RE40998,4984934,5177076,5037665,5149374
RE40999,4985150,5177083,5037489,5149491
RE41000,4984862,5176776,5037257,5151342
RE41001,4984958,5176868,5037808,5149731
RE41002,4984947,5177223,5037861,5150676
RE41003,4984867,5176936,5037065,5149731
RE41004,4985123,5176870,5036934,5149341
RE41005,4984677,5176958,5036948,5149362
RE41006,4984920,5177158,5037809,5149168
RE41007,4984588,5176800,5036104,5150004
RE41008,4985253,5176966,5035397,5149037
RE41009,4985250,5177082,5036604,5148224
RE41010,4984853,5176979,5035209,5147037
RE41011,4985119,5177155,5033983,5146435
RE41012,4984772,5177243,5033069,5145776
RE41013,4985155,5177351,5032959,5145973
RE41014,4985116,5177305,5032103,5144033
ADC_LIMIT:4985935,5178139,5042482,5154990,4983439,5175378,5028579,5140780
RE41015,4985174,5177352,5030055,5144533
RE41016,4985047,5177613,5032933,5145401
RE41017,4984933,5177389,5031369,5144227
RE41018,4985204,5177067,5030597,5144112
RE41019,4985025,5177319,5030476,5143757
RE41020,4985018,5176824,5031226,5144725
RE41021,4985090,5177079,5031057,5142878
RE41022,4984948,5176974,5029287,5143310
RE41023,4984874,5177070,5030688,5143981
RE41024,4985290,5177181,5029690,5145412
RE41025,4985137,5177173,5031324,5142364
RE41026,4985176,5177666,5031249,5144646
RE41027,4985038,5177200,5033274,5145524
RE41028,4984994,5177355,5032194,5146114
RE41029,4985099,5177460,5033097,5146378
RE41030,4985402,5177520,5034059,5146278
RE41031,4985212,5177388,5034944,5147019
RE41032,4985391,5177270,5034554,5146990
ADC_LIMIT:4985935,5178139,5042482,5154990,4983439,5175378,5028579,5140780
RE41033,4985130,5177365,5035442,5148448
RE41034,4985375,5177358,5036581,5146743
RE41035,4985482,5177221,5036016,5149842
RE41036,4985026,5176943,5037604,5150587
RE41037,4985239,5177102,5037194,5149982
RE41038,4984913,5177421,5038992,5151344
RE41039,4985036,5177001,5039399,5150924
RE41040,4984913,5176959,5039081,5150670
RE41041,4984738,5177202,5037696,5151770
RE41042,4984798,5176873,5039495,5151515
RE41043,4984906,5176610,5039985,5153235
RE41044,4985043,5177248,5039045,5151331
RE41045,4984935,5177243,5039356,5152109
RE41046,4984826,5177235,5039468,5150844
RE41047,4985295,5177073,5039445,5149741
RE41048,4985106,5177183,5038102,5151677
RE41049,4984853,5177249,5037145,5150412
ADC_LIMIT:4985935,5178139,5042482,5154990,4983439,5175378,5028579,5140780
RE41050,4985026,5177163,5036337,5149150
RE41051,4984892,5177212,5036391,5149428
RE41052,4985046,5177212,5036144,5150020
RE41053,4984886,5177410,5034639,5148814
RE41054,4985007,5177274,5034854,5146045
RE41055,4985041,5176813,5036007,5146234
RE41056,4985134,5176864,5035019,5146250
RE41057,4984975,5177356,5031319,5144448
RE41058,4985369,5177088,5034208,5146277
RE41059,4985304,5177551,5032949,5145300
RE41060,4985010,5177335,5034324,5144011
RE41061,4985155,5177361,5032494,5143293
RE41062,4984895,5177305,5032421,5143383
RE41063,4985104,5177233,5030352,5143540
RE41064,4984954,5176950,5031778,5143399
RE41065,4985284,5177097,5031162,5143724
RE41066,4985058,5177379,5029430,5144862
RE41067,4985060,5177280,5030896,5144467
ADC_LIMIT:4985935,5178139,5042482,5154990,4983439,5175378,5028579,5140780
RE41068,4985031,5177246,5031171,5144197
RE41069,4984961,5177009,5031356,5144476
RE41070,4984723,5176683,5030789,5143690
RE41071,4985127,5176922,5032510,5144157
RE41072,4985057,5177165,5033951,5144992
RE41073,4985114,5176918,5033975,5145788
RE41074,4984997,5176833,5033612,5146547
RE41075,4985131,5177162,5034289,5145699
RE41076,4984816,5177351,5033963,5146265
RE41077,4985276,5177269,5034968,5146611
RE41078,4985113,5177205,5035085,5149042
RE41079,4984952,5177240,5034467,5149005
RE41080,4985101,5176988,5035600,5149477
RE41081,4985075,5176903,5036599,5148784
RE41082,4984893,5177049,5037776,5149367
RE41083,4985121,5177349,5036734,5150351
RE41084,4985053,5177352,5037681,5149237
RE41085,4984880,5176966,5037013,5151224
ADC_LIMIT:4985935,5178139,5042482,5154990,4983439,5175378,5028579,5140780
RE41086,4985125,5176775,5037549,5150160
RE41087,4985159,5177154,5036876,5149358
RE41088,4984983,5177246,5036489,5150415
RE41089,4985038,5176876,5037798,5149782
RE41090,4984785,5177138,5037472,5148589
RE41091,4985209,5177078,5037090,5150109
RE41092,4984692,5176752,5038704,5149748
RE41093,4985095,5177604,5036988,5149576
RE41094,4984885,5177284,5037003,5149283
RE41095,4985105,5177190,5037349,5149939
RE41096,4985134,5177260,5037020,5149153
RE41097,4984749,5176941,5035777,5148097
RE41098,4984777,5177201,5036191,5149899
RE41099,4984805,5177227,5035471,5147423
RE41100,4984876,5177384,5036164,5148042
RE41101,4985088,5177305,5036087,5148190
RE41102,4985315,5177010,5035239,5146973
ADC_LIMIT:4985935,5178139,5042482,5154990,4983439,5175378,5028579,5140780
RE41103,4985102,5177410,5033640,5147322
RE41104,4984885,5177063,5033303,5147007
RE41105,4984892,5177448,5033413,5144479
RE41106,4985056,5177144,5033565,5145521
RE41107,4985138,5177234,5032665,5143970
RE41108,4984911,5177217,5033304,5145396
RE41109,4985286,5177263,5031139,5145356
RE41110,4985225,5177699,5032223,5145256
RE41111,4985106,5177199,5033309,5143873
RE41112,4985208,5177099,5031775,5143902
RE41113,4985062,5177132,5032594,5143621
RE41114,4985200,5176834,5032674,5144150
RE41115,4985252,5177418,5032242,5144139
RE41116,4984926,5177338,5032138,5146064
RE41117,4984941,5177470,5031806,5146227
RE41118,4985240,5177154,5033018,5145831
RE41119,4985165,5177267,5034005,5145478
RE41120,4984872,5177203,5033527,5145918
ADC_LIMIT:4985935,5178139,5042482,5154990,4983439,5175378,5028579,5140780
RE41121,4985135,5177202,5033838,5146587
RE41122,4985150,5177112,5034765,5148255
RE41123,4984825,5176940,5034297,5150132
RE41124,4985142,5176972,5035293,5148396
RE41125,4985190,5177056,5036264,5147217
RE41126,4984819,5176860,5036167,5147962
RE41127,4985039,5177196,5035976,5149951
RE41128,4985152,5177345,5036553,5149682
RE41129,4985073,5177107,5037087,5152067
RE41130,4985380,5177692,5037937,5151557
RE41131,4985392,5177305,5039380,5151244
RE41132,4984994,5177485,5039163,5150165
RE41133,4985044,5177462,5039708,5149345
RE41134,4985019,5177466,5038331,5150375
RE41135,4985308,5177524,5039110,5149721
RE41136,4984882,5177209,5038170,5152216
RE41137,4984919,5177182,5037786,5149600
RE41138,4985061,5177057,5037543,5149996
ADC_LIMIT:4985935,5178139,5042482,5154990,4983439,5175378,5028579,5140780
RE41139,4985308,5177120,5037977,5148650
RE41140,4985034,5177444,5037745,5149511
RE41141,4985241,5177175,5036099,5149450
RE41142,4984938,5177125,5036302,5147442
RE41143,4984986,5177009,5035770,5149019
RE41144,4985260,5177144,5034764,5147653
RE41145,4984864,5177018,5034352,5146941
RE41146,4984947,5176961,5033206,5146293
RE41147,4984779,5177285,5033835,5145349
RE41148,4985056,5177471,5032962,5145458
RE41149,4985151,5177229,5032431,5144765
RE41150,4985235,5177427,5032604,5144606
RE41151,4985000,5177127,5032323,5143735
RE41152,4984999,5177138,5031158,5144199
RE41153,4984945,5177241,5029951,5143406
RE41154,4984930,5177378,5031024,5142696
RE41155,4985131,5177571,5031154,5142931
ADC_LIMIT:4985935,5178139,5042482,5154990,4983439,5175378,5028579,5140780
RE41156,4985321,5177206,5030809,5143924
RE41157,4985304,5177267,5030914,5141789
RE41158,4985429,5177155,5030102,5144128
RE41159,4985089,5177034,5029953,5143431
RE41160,4985129,5176852,5030304,5143229
RE41161,4985384,5177026,5033239,5144661
RE41162,4985301,5177628,5032647,5144727
RE41163,4985096,5177371,5033766,5145551
RE41164,4985163,5177549,5033724,5147194
RE41165,4985015,5177428,5033457,5147833
RE41166,4985234,5177426,5034607,5147462
RE41167,4985206,5177341,5035712,5147896
RE41168,4985358,5177701,5036725,5148866
RE41169,4985076,5177533,5035246,5149881
RE41170,4985360,5177431,5036190,5149587
RE41171,4985358,5177501,5037009,5150964
RE41172,4985237,5177256,5038299,5150553
RE41173,4985120,5177420,5038222,5151689
ADC_LIMIT:4985935,5178139,5042482,5154990,4983439,5175378,5028579,5140780
RE41174,4985006,5177438,5038826,5152270
RE41175,4985070,5177716,5039188,5151859
RE41176,4985162,5177176,5039751,5151140
RE41177,4984770,5177236,5038144,5151960
RE41178,4984900,5177215,5039299,5151798
RE41179,4984950,5177307,5039122,5152265
RE41180,4984813,5177245,5038814,5151859
RE41181,4985385,5177243,5038975,5150130
RE41182,4985502,5177258,5039079,5151137
RE41183,4985204,5177231,5037250,5149809
RE41184,4985034,5177214,5039088,5148606
RE41185,4985089,5177017,5036949,5150534
RE41186,4984900,5177325,5036210,5149522
RE41187,4985348,5177278,5036759,5147554
RE41188,4984859,5177026,5034909,5148465
RE41189,4984871,5177401,5035654,5147929
RE41190,4985067,5177267,5034272,5146880
RE41191,4985128,5177099,5034465,5146983
ADC_LIMIT:4985935,5178139,5042482,5154990,4983439,5175378,5028579,5140780
RE41192,4985011,5177422,5033690,5144710
RE41193,4985019,5177398,5034273,5145447
RE41194,4985154,5177236,5031153,5145630
RE41195,4984903,5177091,5031218,5144881
RE41196,4984997,5177323,5031501,5145234
RE41197,4984962,5177738,5033368,5144892
RE41198,4984734,5177457,5032481,5144582
RE41199,4985141,5177169,5031968,5144125
RE41200,4985077,5177179,5030874,5144483
RE41201,4984795,5177233,5031693,5144730
RE41202,4985218,5177262,5032008,5144011
RE41203,4984960,5177418,5032159,5145378
RE41204,4985314,5177480,5030960,5145278
RE41205,4985034,5177319,5031970,5144894
RE41206,4984832,5177217,5031709,5145483
RE41207,4985095,5177467,5033416,5147291
RE41208,4985089,5177058,5033173,5145292
ADC_LIMIT:4985935,5178139,5042482,5154990,4983439,5175378,5028579,5140780
RE41209,4984923,5177233,5033338,5145545
RE41210,4984762,5177210,5035172,5147122
RE41211,4984966,5176995,5033936,5147182
RE41212,4984916,5176971,5033898,5147706
RE41213,4984987,5177296,5034295,5147397
RE41214,4985047,5177382,5035285,5147294
RE41215,4985049,5177219,5035493,5146641
RE41216,4985295,5176798,5035393,5149774
RE41217,4985142,5177391,5037166,5150655
RE41218,4985046,5177261,5035524,5149633
RE41219,4985041,5177032,5036749,5151200
RE41220,4985031,5177116,5036689,5150798
RE41221,4985302,5177359,5038326,5150518
RE41222,4985024,5177206,5037657,5152115
RE41223,4984967,5177030,5039070,5150252
RE41224,4985178,5177033,5037396,5151353
RE41225,4985316,5177028,5038831,5151944
RE41226,4984843,5176991,5037117,5151292
ADC_LIMIT:4985935,5178139,5042482,5154990,4983439,5175378,5028579,5140780
RE41227,4985102,5177306,5037399,5150736
RE41228,4985019,5176893,5037678,5150012
RE41229,4984831,5176597,5036072,5149142
RE41230,4984865,5176915,5038457,5147579
RE41231,4984922,5177122,5036582,5149385
RE41232,4985249,5177076,5037016,5149045
RE41233,4984800,5177102,5034489,5147496
RE41234,4984871,5176784,5034597,5146284
RE41235,4985175,5176848,5034514,5146883
RE41236,4984832,5176961,5034614,5145504
RE41237,4984923,5176873,5032264,5146349
RE41238,4984735,5176817,5033532,5144582
RE41239,4984953,5177064,5031833,5145037
RE41240,4984939,5177229,5032200,5144549
RE41241,4984782,5177333,5031807,5143779
RE41242,4985245,5177408,5031527,5143530
RE41243,4985251,5177182,5031821,5143696
RE41244,4985181,5177122,5031398,5143258
ADC_LIMIT:4985935,5178139,5042482,5154990,4983439,5175378,5028579,5140780
RE41245,4985267,5177176,5029927,5143856
RE41246,4985234,5177067,5030099,5142822
RE41247,4985302,5176861,5030657,5141646
RE41248,4985287,5176961,5031456,5144832
RE41249,4985394,5177273,5032286,5144290
RE41250,4985301,5177281,5032463,5143883
RE41251,4985015,5177208,5032126,5146778
RE41252,4985410,5177591,5032692,5145973
RE41253,4985109,5177346,5035485,5146060
RE41254,4985296,5177275,5034088,5147152
RE41255,4984898,5177199,5034737,5146705
RE41256,4985116,5177033,5034889,5148247
RE41257,4985115,5177262,5035106,5149667
RE41258,4984857,5177147,5036245,5149243
RE41259,4984948,5177298,5036750,5150787
RE41260,4985100,5177212,5037267,5149438
RE41261,4985219,5177043,5038795,5150761
ADC_LIMIT:4985935,5178139,5042482,5154990,4983439,5175378,5028579,5140780
RE41262,4985058,5177158,5039399,5150866
RE41263,4984662,5177197,5038337,5150256
RE41264,4984854,5177277,5038021,5151120
RE41265,4984848,5176739,5038770,5150991
RE41266,4984813,5177243,5038352,5150368
RE41267,4985077,5177085,5040140,5151766
RE41268,4985061,5177385,5039298,5152530
RE41269,4985159,5177193,5037480,5152530
RE41270,4985168,5177436,5039134,5150393
RE41271,4985004,5177493,5038481,5150402
RE41272,4985092,5177122,5036957,5149175
RE41273,4984895,5177574,5037896,5150836
RE41274,4985382,5177284,5037599,5150162
RE41275,4985044,5177608,5036706,5149172
RE41276,4984817,5177106,5035800,5148021
RE41277,4985181,5177413,5035093,5146683
RE41278,4985045,5177255,5033884,5147214
RE41279,4985059,5177233,5033648,5145808
ADC_LIMIT:4985935,5178139,5042482,5154990,4983439,5175378,5028579,5140780
RE41280,4985102,5177162,5033834,5145094
RE41281,4985355,5177352,5032396,5146113
RE41282,4985217,5177389,5032077,5143622
RE41283,4985398,5177174,5033058,5145583
RE41284,4985115,5177379,5032284,5143672
RE41285,4985295,5177730,5032184,5144467
RE41286,4985221,5177810,5032067,5142137
RE41287,4985363,5176977,5032025,5143434
RE41288,4984918,5177377,5032920,5143394
RE41289,4984933,5177721,5031743,5142652
RE41290,4985146,5177136,5029516,5143432
RE41291,4985253,5177213,5030209,5144460
RE41292,4985116,5177000,5031440,5144930
RE41293,4985425,5177200,5030754,5145201
RE41294,4984935,5177285,5031787,5144577
RE41295,4984949,5177339,5032006,5144710
RE41296,4985367,5176800,5032801,5144646
RE41297,4985624,5177416,5033900,5145490
ADC_LIMIT:4985935,5178139,5042482,5154990,4983439,5175378,5028579,5140780
RE41298,4985080,5177485,5033975,5147416
RE41299,4985076,5177016,5034743,5146464
RE41300,4984913,5177110,5034396,5147446
RE41301,4985343,5177018,5035518,5149085
RE41302,4985142,5176895,5034834,5148270
RE41303,4985262,5177084,5036476,5148170
RE41304,4985214,5177400,5037101,5150136
RE41305,4985227,5177324,5035523,5149613
RE41306,4985222,5177306,5037394,5150501
RE41307,4985203,5177565,5037158,5149012
RE41308,4984875,5177458,5036610,5150145
RE41309,4985118,5177470,5037952,5150694
RE41310,4985162,5177698,5038391,5150918
RE41311,4985425,5177181,5038310,5151173
RE41312,4985303,5177088,5038016,5150529
RE41313,4985093,5177144,5038090,5151429
RE41314,4985259,5177360,5038247,5150574
ADC_LIMIT:4985935,5178139,5042482,5154990,4983439,5175378,5028579,5140780
RE41315,4985151,5177154,5037481,5150271
RE41316,4984972,5177234,5037822,5149236
RE41317,4984955,5177042,5035985,5150848
RE41318,4985062,5176988,5035980,5149036
RE41319,4984958,5177053,5036970,5149220
RE41320,4984948,5176991,5035112,5148084
RE41321,4985020,5177282,5036414,5148517
RE41322,4985213,5177392,5035286,5148639
RE41323,4984978,5177169,5036370,5148255
RE41324,4985141,5177167,5035832,5147286
RE41325,4984785,5176998,5033934,5147192
RE41326,4984976,5177229,5033775,5146123
RE41327,4985106,5177531,5033541,5146509
RE41328,4984953,5177141,5035580,5145274
RE41329,4985031,5177445,5033205,5145461
RE41330,4985012,5177366,5032655,5145335
RE41331,4985067,5177195,5032459,5145725
RE41332,4985440,5177653,5032027,5143876
ADC_LIMIT:4985935,5178139,5042482,5154990,4983439,5175378,5028579,5140780
RE41333,4985444,5177346,5032688,5145062
RE41334,4985267,5177535,5031983,5145087
RE41335,4984959,5177071,5032491,5143843
RE41336,4985192,5177240,5032539,5142860
RE41337,4985195,5177259,5032487,5144906
RE41338,4985264,5177192,5032852,5144547
RE41339,4985270,5177186,5032405,5144997
RE41340,4985460,5177119,5032771,5144505
RE41341,4984940,5177271,5030882,5147475
RE41342,4985207,5177540,5033444,5145497
RE41343,4985416,5177571,5034660,5146283
RE41344,4985407,5177585,5034922,5145511
RE41345,4985344,5177405,5034465,5146320
RE41346,4985341,5177476,5034967,5146571
RE41347,4985578,5177305,5035504,5146967
RE41348,4985251,5176966,5035987,5148937
RE41349,4985083,5177196,5036852,5149146
RE41350,4985267,5177162,5036152,5149470
ADC_LIMIT:4985935,5178139,5042482,5154990,4983439,5175378,5028579,5140780
RE41351,4985019,5177054,5037331,5148935
RE41352,4984831,5177384,5037366,5150109
RE41353,4985189,5176805,5038039,5150891
RE41354,4985216,5176966,5038703,5150383
RE41355,4984682,5177169,5037929,5150712
RE41356,4984973,5177027,5037877,5152938
RE41357,4985115,5177394,5038880,5150422
RE41358,4985016,5176815,5037432,5150426
RE41359,4985037,5177378,5038848,5151437
RE41360,4984890,5177156,5037476,5150283
RE41361,4985145,5176885,5038056,5149603
RE41362,4985012,5177245,5037591,5149611
RE41363,4984854,5177171,5036533,5148398
RE41364,4985035,5177158,5038213,5150049
RE41365,4984861,5177105,5036148,5149819
RE41366,4985273,5177075,5036455,5147517
RE41367,4984809,5177217,5035320,5147032
ADC_LIMIT:4985935,5178139,5042482,5154990,4983439,5175378,5028579,5140780
RE41368,4985082,5177183,5034064,5146176
RE41369,4985129,5177261,5032951,5146400
RE41370,4985050,5176684,5034910,5144901
RE41371,4985055,5177016,5033495,5145889
RE41372,4985104,5176971,5033026,5144395
RE41373,4985232,5177118,5033649,5144205
RE41374,4985090,5177179,5031036,5144521
RE41375,4985083,5177159,5032769,5142772
RE41376,4985369,5177229,5030046,5142018
RE41377,4985131,5176890,5032333,5142182
RE41378,4985113,5177271,5030112,5141702
RE41379,4985277,5177359,5030665,5142706
RE41380,4985117,5177295,5030062,5143985
RE41381,4985055,5177459,5032274,5143579
RE41382,4985131,5177243,5030613,5144608
RE41383,4985182,5177109,5029789,5144607
RE41384,4984756,5177256,5031482,5143839
RE41385,4984962,5176967,5030659,5145383
ADC_LIMIT:4985935,5178139,5042482,5154990,4983439,5175378,5028579,5140780
RE41386,4985165,5177414,5033080,5144352
RE41387,4984946,5177451,5032585,5147185
RE41388,4985386,5177000,5033973,5145589
RE41389,4985120,5177067,5034412,5146452
RE41390,4984906,5177202,5035736,5149132
RE41391,4984737,5177186,5036590,5148246
RE41392,4985064,5177132,5035048,5148491
RE41393,4985264,5177366,5037570,5149697
RE41394,4985097,5177179,5037351,5149820
RE41395,4985089,5177513,5038281,5150983
RE41396,4985030,5177286,5038638,5151508
RE41397,4985110,5177254,5039129,5150717
RE41398,4984960,5176820,5039658,5152592
RE41399,4985006,5176940,5039799,5152189
RE41400,4984762,5177232,5040288,5151036
RE41401,4984876,5177049,5039275,5150670
RE41402,4985316,5177206,5038973,5151691
RE41403,4984791,5177338,5039847,5151525
ADC_LIMIT:4985935,5178139,5042482,5154990,4983439,5175378,5028579,5140780
RE41404,4985200,5177307,5038557,5151018
RE41405,4985092,5177281,5039729,5150682
RE41406,4985108,5176930,5037557,5149973
RE41407,4984824,5177213,5037758,5150834
RE41408,4984839,5177284,5037191,5148364
RE41409,4985015,5177393,5036424,5149470
RE41410,4985222,5177260,5035744,5148954
RE41411,4985210,5177098,5035724,5148020
RE41412,4985115,5177237,5034465,5147006
RE41413,4985187,5177405,5034931,5147051
RE41414,4985225,5177358,5033963,5146109
RE41415,4985206,5177336,5032586,5144744
RE41416,4985110,5177383,5033041,5145388
RE41417,4985047,5177357,5031867,5145971
RE41418,4985171,5177649,5032854,5144036
RE41419,4985016,5177393,5032920,5144405
RE41420,4985137,5177335,5031711,5144985
ADC_LIMIT:4985935,5178139,5042482,5154990,4983439,5175378,5028579,5140780
RE41421,4984932,5177075,5032572,5144881
RE41422,4985294,5177328,5031688,5143609
RE41423,4985556,5177508,5030714,5144275
RE41424,4985346,5177348,5030925,5143491
RE41425,4985207,5177397,5032433,5142738
RE41426,4984935,5177343,5031955,5144034
RE41427,4985470,5177505,5031960,5143911
RE41428,4985134,5177561,5031227,5143996
RE41429,4985189,5177541,5031981,5145268
RE41430,4985076,5177705,5032716,5145929
RE41431,4985092,5177318,5032091,5144959
RE41432,4985135,5177373,5033438,5146562
RE41433,4985298,5177732,5034295,5145176
RE41434,4985097,5177341,5035198,5145991
RE41435,4985038,5177225,5033591,5145121
RE41436,4985051,5177127,5035298,5146622
RE41437,4985437,5177645,5034546,5145163
RE41438,4985233,5177350,5034122,5148800
ADC_LIMIT:4985935,5178139,5042482,5154990,4983439,5175378,5028579,5140780
RE41439,4985305,5177126,5035737,5147620
RE41440,4985076,5177019,5035972,5148707
RE41441,4984861,5177512,5035376,5148756
RE41442,4985356,5177205,5037806,5150643
RE41443,4985195,5177592,5039287,5149540
RE41444,4985067,5177269,5037545,5147798
RE41445,4985189,5177398,5037964,5149798
RE41446,4984939,5177290,5039189,5151006
RE41447,4985118,5177640,5038645,5151262
RE41448,4985341,5177250,5039311,5151055
RE41449,4984962,5177163,5037224,5151464
RE41450,4985362,5177322,5038019,5149351
RE41451,4984895,5177053,5037513,5149323
RE41452,4984795,5177031,5038013,5148393
RE41453,4985278,5177215,5035525,5149873
RE41454,4985120,5177140,5035988,5147407
RE41455,4984836,5177093,5036892,5148896
RE41456,4985114,5177290,5035869,5148090
ADC_LIMIT:4985935,5178139,5042482,5154990,4983439,5175378,5028579,5140780
RE41457,4985285,5177156,5034845,5146998
RE41458,4985033,5176985,5035333,5147648
RE41459,4985035,5177087,5032592,5147404
RE41460,4985070,5177253,5032532,5144391
RE41461,4985154,5177238,5031823,5146462
RE41462,4985135,5177124,5031343,5145178
RE41463,4984743,5177476,5030585,5144841
RE41464,4985174,5177214,5031645,5143373
RE41465,4984983,5177242,5031518,5143302
RE41466,4984993,5177199,5031316,5143067
RE41467,4984893,5177027,5030891,5142988
RE41468,4985242,5177100,5031106,5142578
RE41469,4985256,5177244,5029383,5142300
RE41470,4985445,5177173,5032451,5143434
RE41471,4985030,5177158,5032534,5142785
RE41472,4985032,5177582,5030914,5142283
RE41473,4985256,5177672,5030978,5144191
ADC_LIMIT:4985935,5178139,5042482,5154990,4983439,5175378,5028579,5140780
RE41474,4985185,5177121,5032561,5145613
RE41475,4985144,5177346,5032372,5144944
RE41476,4985459,5176964,5032645,5146168
RE41477,4985371,5177007,5033833,5147122
RE41478,4985322,5177159,5033376,5147292
RE41479,4985211,5177267,5033415,5148530
RE41480,4985109,5177436,5035081,5147996
RE41481,4985191,5177004,5035297,5148569
RE41482,4985155,5177003,5035822,5148678
RE41483,4985213,5177188,5035803,5150914
RE41484,4984955,5177815,5037133,5150471
RE41485,4985017,5177325,5037845,5149310
RE41486,4985187,5177421,5038375,5152018
RE41487,4984927,5177260,5038600,5150185
RE41488,4984870,5177300,5039162,5151614
RE41489,4984973,5177386,5037619,5150589
RE41490,4984915,5176973,5038573,5150684
RE41491,4984886,5176982,5038229,5150349
ADC_LIMIT:4985935,5178139,5042482,5154990,4983439,5175378,5028579,5140780
RE41492,4984971,5177162,5039778,5150865
RE41493,4984981,5177062,5038346,5151552
RE41494,4984981,5177065,5037505,5150434
RE41495,4984991,5176828,5037294,5150182
RE41496,4984929,5177494,5037709,5149069
RE41497,4984879,5177173,5036532,5148979
RE41498,4984968,5177043,5035342,5148611
RE41499,4985185,5177068,5033977,5146495
RE41500,4985024,5177285,5034618,5147663
RE41501,4985523,5177066,5034106,5147300
RE41502,4985213,5177232,5033629,5146303
RE41503,4985064,5177207,5033535,5145751
RE41504,4985376,5177311,5031845,5144017
RE41505,4985387,5177410,5032586,5145493
RE41506,4985178,5177336,5033403,5144198
RE41507,4985295,5177338,5031630,5144331
RE41508,4985326,5177389,5030841,5143503
RE41509,4985274,5177436,5031435,5143794
ADC_LIMIT:4985935,5178139,5042482,5154990,4983439,5175378,5028579,5140780
RE41510,4985103,5177074,5031297,5144821
RE41511,4985085,5176877,5030751,5142614
RE41512,4984892,5177243,5029871,5143262
RE41513,4985459,5177292,5030050,5143064
RE41514,4985164,5177092,5030118,5143835
RE41515,4985580,5177632,5030175,5143161
RE41516,4985312,5177004,5031248,5143133
RE41517,4985451,5177189,5030984,5145155
RE41518,4985324,5177405,5031000,5145557
RE41519,4985240,5177324,5031442,5144680
RE41520,4984979,5177630,5033559,5145136
RE41521,4985540,5177028,5032021,5145531
RE41522,4985235,5177331,5032683,5145337
RE41523,4985412,5177158,5033929,5146801
RE41524,4985389,5177608,5034653,5147551
RE41525,4985507,5177418,5034898,5147562
RE41526,4985188,5177281,5035131,5147757
ADC_LIMIT:4985935,5178139,5042482,5154990,4983439,5175378,5028579,5140780
RE41527,4985428,5177433,5036859,5148845
RE41528,4985178,5177645,5036546,5147442
RE41529,4985246,5177287,5037095,5148628
RE41530,4985297,5177084,5036890,5148845
RE41531,4985582,5177541,5036788,5149585
RE41532,4985233,5177276,5037071,5149861
RE41533,4985221,5177305,5037832,5149236
RE41534,4985034,5176892,5037371,5149763
RE41535,4985301,5177147,5037541,5150142
RE41536,4984732,5176950,5038024,5149980
RE41537,4985067,5177356,5037873,5150170
RE41538,4985086,5177209,5038270,5149233
RE41539,4984801,5177012,5037293,5148298
RE41540,4985208,5177289,5036911,5150568
RE41541,4984973,5176947,5036221,5149502
RE41542,4985260,5177243,5036572,5149692
RE41543,4985174,5177381,5035952,5149992
RE41544,4985122,5177116,5036893,5149628
ADC_LIMIT:4985935,5178139,5042482,5154990,4983439,5175378,5028579,5140780
RE41545,4985048,5176971,5035839,5147676
RE41546,4985197,5177159,5035421,5147726
RE41547,4984988,5177057,5036236,5146915
RE41548,4984862,5177261,5035158,5149523
RE41549,4985277,5176939,5034026,5148044
RE41550,4984916,5177392,5034422,5147459
RE41551,4984730,5177405,5034313,5146273
RE41552,4985444,5177379,5032595,5145954
RE41553,4985043,5177459,5032741,5144881
RE41554,4985410,5177576,5031762,5144856
RE41555,4985533,5177167,5033003,5146021
RE41556,4985277,5177212,5032957,5144340
RE41557,4985220,5177364,5032081,5143485
RE41558,4985359,5177469,5032519,5143937
RE41559,4985462,5177665,5032884,5142593
RE41560,4985522,5177217,5032229,5143175
RE41561,4985246,5177496,5031934,5144584
RE41562,4985303,5176899,5032519,5143788
ADC_LIMIT:4985935,5178139,5042482,5154990,4983439,5175378,5028579,5140780
RE41563,4985131,5176901,5031990,5144546
RE41564,4985132,5177277,5032029,5145292
RE41565,4985297,5176928,5033618,5146045
RE41566,4985125,5177534,5034234,5145250
RE41567,4985055,5177382,5034341,5146082
RE41568,4985217,5177090,5034483,5146896
RE41569,4985064,5177217,5032935,5147284
RE41570,4985004,5177306,5034744,5147732
RE41571,4985475,5177285,5035814,5147884
RE41572,4985418,5177274,5036936,5149768
RE41573,4985236,5177367,5035364,5149617
RE41574,4985284,5177457,5035867,5149116
RE41575,4985172,5177501,5036991,5149485
RE41576,4985292,5177372,5036829,5150966
RE41577,4985469,5177537,5036922,5150444
RE41578,4985527,5177608,5037000,5151098
RE41579,4985194,5177427,5037806,5150326
ADC_LIMIT:4985935,5178139,5042482,5154990,4983439,5175378,5028579,5140780
RE41580,4985003,5177197,5038218,5150630
RE41581,4985069,5177112,5036365,5150824
RE41582,4984967,5177251,5039274,5150578
RE41583,4985248,5177240,5038746,5150176
RE41584,4985295,5177250,5038266,5148699
RE41585,4984982,5177276,5039023,5149831
RE41586,4984880,5177466,5038526,5150201
RE41587,4984776,5177395,5036883,5149206
RE41588,4985059,5177223,5036697,5149468
RE41589,4984866,5177229,5036777,5146889
RE41590,4985295,5177352,5036177,5148141
RE41591,4985150,5177501,5035696,5147038
RE41592,4985267,5177061,5034614,5145622
RE41593,4984707,5177433,5033105,5146583
RE41594,4985214,5177354,5034741,5145153
RE41595,4985227,5177726,5033907,5144648
RE41596,4985001,5177192,5032085,5144990
RE41597,4985123,5177338,5032180,5144088
ADC_LIMIT:4985935,5178139,5042482,5154990,4983439,5175378,5028579,5140780
RE41598,4985053,5177131,5031706,5143749
RE41599,4985131,5177109,5029291,5142876
RE41600,4985067,5177179,5030634,5143175
RE41601,4985224,5177167,5029975,5143112
RE41602,4985145,5177062,5030301,5144084
RE41603,4985086,5177370,5030357,5143356
RE41604,4985167,5177499,5030916,5142556
RE41605,4985058,5177518,5029465,5142557
RE41606,4985570,5177505,5031950,5142255
RE41607,4985215,5177366,5030763,5143447
RE41608,4985304,5177331,5031358,5143744
RE41609,4985334,5177272,5032942,5144628
RE41610,4985438,5177527,5032131,5145355
RE41611,4985422,5177699,5033109,5145184
RE41612,4985569,5177644,5034461,5146649
RE41613,4985770,5177486,5035674,5146970
RE41614,4985127,5177967,5035032,5148065
RE41615,4985308,5177252,5035869,5148037
ADC_LIMIT:4985935,5178139,5042482,5154990,4983439,5175378,5028579,5140780
RE41616,4985283,5177309,5035797,5148443
RE41617,4985224,5177140,5037210,5149351
RE41618,4985075,5177095,5038580,5150072
RE41619,4985101,5177308,5038429,5150819
RE41620,4984991,5177188,5037888,5150514
RE41621,4985234,5177243,5038514,5151354
RE41622,4985056,5177243,5038164,5152069
RE41623,4985223,5177779,5038761,5151472
RE41624,4985594,5177406,5040214,5150949
RE41625,4985110,5177328,5039060,5152124
RE41626,4985287,5177489,5040410,5151723
RE41627,4985259,5177341,5040414,5151782
RE41628,4985009,5177466,5038658,5151521
RE41629,4985168,5177552,5038885,5150761
RE41630,4985317,5177186,5038024,5150444
RE41631,4985118,5177288,5037795,5151934
RE41632,4985151,5177241,5037336,5149718
ADC_LIMIT:4985935,5178139,5042482,5154990,4983439,5175378,5028579,5140780
RE41633,4985135,5177204,5035866,5148415
RE41634,4985087,5177204,5036268,5147456
RE41635,4985220,5177310,5036053,5147545
RE41636,4984881,5177157,5035526,5147441
RE41637,4985180,5177395,5035141,5146360
RE41638,4985233,5177291,5033234,5145918
RE41639,4984932,5177399,5034254,5146563
RE41640,4985429,5177416,5033863,5145620
RE41641,4985273,5177536,5032552,5144873
RE41642,4985197,5177352,5031819,5144586
RE41643,4985097,5177117,5032532,5145299
RE41644,4984856,5177501,5031221,5144577
RE41645,4985177,5177932,5031141,5145688
RE41646,4985070,5177640,5032512,5142854
RE41647,4985295,5177237,5032545,5144466
RE41648,4985024,5177436,5031591,5145364
RE41649,4985280,5177459,5031811,5144315
RE41650,4985294,5177591,5031957,5143120
ADC_LIMIT:4985935,5178139,5042482,5154990,4983439,5175378,5028579,5140780
RE41651,4985233,5177231,5031571,5146298
RE41652,4985296,5176684,5030949,5143399
RE41653,4985148,5177320,5031969,5145138
RE41654,4985244,5177517,5032843,5146361
RE41655,4985583,5177506,5033708,5145629
RE41656,4985245,5177246,5033719,5145318
RE41657,4984989,5177619,5033343,5144251
RE41658,4985197,5177581,5034173,5147096
RE41659,4985015,5177220,5034536,5145921
RE41660,4985508,5177289,5034165,5146529
RE41661,4985178,5177310,5035287,5146644
RE41662,4985028,5177391,5035610,5148680
RE41663,4985512,5177474,5035634,5148561
RE41664,4985238,5177227,5035586,5148975
RE41665,4985153,5177638,5037053,5149141
RE41666,4985147,5177229,5037991,5147996
RE41667,4985196,5177183,5037011,5149418
RE41668,4985360,5177168,5036789,5151052
ADC_LIMIT:4985935,5178139,5042482,5154990,4983439,5175378,5028579,5140780
RE41669,4984873,5177265,5037877,5149618
RE41670,4984881,5177107,5037909,5149800
RE41671,4985196,5177173,5038193,5149752
RE41672,4984728,5177444,5037161,5151429
RE41673,4985034,5177283,5039296,5150084
RE41674,4985107,5177164,5037181,5150616
RE41675,4985284,5177254,5038536,5151373
RE41676,4984994,5177372,5036283,5150361
RE41677,4984770,5177029,5036359,5148314
RE41678,4984830,5176930,5036223,5149293
RE41679,4985405,5177278,5037953,5149217
RE41680,4984814,5177598,5036870,5147882
RE41681,4985109,5177263,5035247,5148753
RE41682,4984820,5177209,5035688,5145894
RE41683,4985383,5177461,5034654,5145488
RE41684,4985180,5177360,5035621,5146693
RE41685,4985249,5177049,5032729,5145236
ADC_LIMIT:4985935,5178139,5042482,5154990,4983439,5175378,5028579,5140780
RE41686,4985140,5177191,5033071,5143826
RE41687,4985123,5177202,5032834,5143504
RE41688,4985138,5176972,5033060,5143302
RE41689,4985241,5177252,5031221,5142579
RE41690,4985062,5177088,5031156,5144047
RE41691,4985120,5177309,5031658,5143167
RE41692,4985142,5177048,5031423,5143203
RE41693,4985460,5177046,5030680,5143117
RE41694,4985229,5177350,5030668,5143819
RE41695,4985386,5177106,5030835,5144383
RE41696,4984904,5176899,5030635,5144543
RE41697,4984982,5177329,5030834,5144035
RE41698,4985270,5177310,5033416,5144559
RE41699,4985284,5177221,5032737,5145139
RE41700,4985298,5177406,5034509,5144984
RE41701,4985009,5177086,5033286,5146387
RE41702,4985416,5177041,5033823,5146075
RE41703,4985270,5177005,5034633,5147364
ADC_LIMIT:4985935,5178139,5042482,5154990,4983439,5175378,5028579,5140780
RE41704,4985256,5176834,5034122,5148775
RE41705,4984561,5177153,5035454,5147909
RE41706,4985179,5177165,5035871,5149800
RE41707,4985073,5177345,5036543,5149082
RE41708,4984887,5177074,5036708,5150151
RE41709,4985076,5177085,5035672,5150070
RE41710,4985148,5177142,5038117,5150577
RE41711,4985234,5177191,5038193,5150980
RE41712,4985175,5176907,5038151,5152089
RE41713,4985155,5176930,5039482,5152289
RE41714,4984982,5176956,5037514,5150865
RE41715,4985074,5177040,5039124,5151514
RE41716,4984704,5176852,5039540,5152043
RE41717,4985033,5177198,5038346,5151079
RE41718,4984883,5176934,5039053,5150208
RE41719,4984717,5176961,5039607,5149921
RE41720,4985095,5177321,5038894,5151608
RE41721,4985242,5177335,5036661,5149898
ADC_LIMIT:4985935,5178139,5042482,5154990,4983439,5175378,5028579,5140780
RE41722,4984858,5177163,5035098,5148868
RE41723,4985527,5176883,5036287,5147332
RE41724,4985135,5177163,5035485,5148077
RE41725,4985132,5177361,5036444,5146779
RE41726,4984989,5177072,5034847,5147361
RE41727,4985301,5177349,5034433,5146260
RE41728,4985031,5177370,5032001,5146298
RE41729,4985162,5177342,5032261,5145495
RE41730,4984928,5177114,5031473,5144651
RE41731,4984989,5177158,5031669,5144598
RE41732,4985294,5177208,5032052,5145590
RE41733,4985081,5177312,5030842,5144067
RE41734,4985360,5177118,5031160,5142385
RE41735,4984978,5177227,5031587,5144455
RE41736,4985009,5177307,5028523,5142477
RE41737,4985519,5177328,5030771,5142279
RE41738,4985570,5177332,5030607,5143271
ADC_LIMIT:4985935,5178139,5042482,5154990,4983439,5175378,5028523,5140780
RE41739,4985191,5177553,5030348,5143904
RE41740,4985375,5177189,5030922,5144549
RE41741,4984976,5177123,5033295,5143401
RE41742,4985040,5177034,5031959,5144134
RE41743,4984929,5177538,5033317,5145356
RE41744,4985399,5177407,5031440,5144903
RE41745,4985399,5177479,5033460,5145405
RE41746,4985091,5177351,5031885,5146469
RE41747,4985327,5177246,5032717,5145899
RE41748,4985061,5177155,5034673,5147133
RE41749,4985162,5177107,5035012,5147200
RE41750,4985085,5177097,5035309,5148229
RE41751,4985248,5177409,5037112,5148934
RE41752,4985557,5177258,5036922,5149049
RE41753,4985249,5177190,5037210,5149527
RE41754,4984968,5177498,5036893,5149358
RE41755,4985060,5177029,5038132,5150734
RE41756,4984909,5177297,5038246,5149793
ADC_LIMIT:4985935,5178139,5042482,5154990,4983439,5175378,5028523,5140780
RE41757,4985336,5177295,5038714,5149367
RE41758,4985253,5177383,5036878,5149659
RE41759,4985129,5177243,5037772,5150194
RE41760,4985182,5177246,5038128,5149374
RE41761,4985229,5177465,5037678,5149363
RE41762,4985010,5177331,5037546,5150847
RE41763,4985245,5177186,5037789,5150011
RE41764,4985270,5177418,5037996,5149160
RE41765,4985249,5177679,5037023,5148808
RE41766,4985176,5177231,5035531,5149791
RE41767,4985353,5177270,5035754,5148637
RE41768,4985081,5176995,5037128,5148374
RE41769,4985033,5177287,5036171,5148426
RE41770,4985017,5177430,5035007,5148252
RE41771,4984999,5177154,5035923,5147603
RE41772,4985201,5177488,5034883,5147243
RE41773,4985249,5177683,5036532,5147335
RE41774,4984793,5177476,5034857,5147149
ADC_LIMIT:4985935,5178139,5042482,5154990,4983439,5175378,5028523,5140780
RE41775,4984672,5177077,5034722,5145154
RE41776,4985449,5177158,5032931,5145993
RE41777,4984922,5177177,5032673,5144814
RE41778,4984978,5177228,5032649,5147080
RE41779,4984860,5177186,5032933,5145163
RE41780,4985112,5177289,5032520,5144913
RE41781,4985395,5177564,5033033,5146176
RE41782,4985297,5177713,5031906,5144488
RE41783,4985274,5177573,5033046,5144602
RE41784,4985137,5177632,5031901,5143826
RE41785,4985009,5177225,5032812,5145079
RE41786,4985468,5177325,5031546,5145824
RE41787,4985538,5177521,5031781,5144445
RE41788,4985412,5177733,5033866,5145208
RE41789,4985215,5177251,5032820,5144508
RE41790,4985120,5177565,5032102,5145702
RE41791,4985354,5177664,5034076,5145583
ADC_LIMIT:4985935,5178139,5042482,5154990,4983439,5175378,5028523,5140780
RE41792,4985310,5177463,5034344,5145199
RE41793,4985327,5177313,5034772,5146932
RE41794,4985159,5177278,5033751,5147066
RE41795,4984935,5177556,5033704,5148316
RE41796,4985186,5177537,5036120,5148129
RE41797,4985145,5177296,5036555,5149350
RE41798,4985389,5177482,5035549,5149552
RE41799,4985128,5177775,5036172,5149223
RE41800,4985236,5177701,5037319,5148962
RE41801,4985186,5177224,5036769,5150666
RE41802,4984978,5177170,5037787,5151481
RE41803,4985059,5177488,5040260,5151093
RE41804,4985278,5177562,5038839,5149352
RE41805,4984902,5177290,5038254,5149421
RE41806,4984924,5177247,5038759,5152576
RE41807,4984888,5177163,5039418,5150778
RE41808,4985201,5177339,5038226,5150169
RE41809,4985145,5177169,5037996,5149522
ADC_LIMIT:4985935,5178139,5042482,5154990,4983439,5175378,5028523,5140780
RE41810,4985054,5176940,5037302,5149042
RE41811,4984798,5177213,5037045,5149423
RE41812,4984971,5177130,5037636,5149459
RE41813,4985172,5177287,5036910,5148479
RE41814,4984869,5177065,5035196,5148489
RE41815,4985091,5176949,5036553,5148097
RE41816,4984948,5177469,5034486,5148020
RE41817,4984807,5177312,5033933,5147027
RE41818,4985119,5177205,5032195,5145681
RE41819,4985092,5177466,5032853,5143538
RE41820,4985522,5177156,5033099,5145059
RE41821,4984964,5177133,5032502,5144500
RE41822,4985060,5177119,5031696,5144603
RE41823,4985137,5177395,5032137,5143319
RE41824,4985107,5177032,5030716,5142942
RE41825,4984938,5177197,5030369,5143074
RE41826,4985191,5177211,5031798,5143571
RE41827,4984534,5177392,5030209,5143317
ADC_LIMIT:4985935,5178139,5042482,5154990,4983439,5175378,5028523,5140780
RE41828,4985188,5177299,5030715,5141811
RE41829,4985150,5177333,5030358,5143937
RE41830,4985197,5177434,5030320,5144908
RE41831,4985144,5177486,5030848,5142734
RE41832,4985037,5177154,5031180,5144334
RE41833,4985177,5177487,5032180,5144566
RE41834,4984948,5177303,5032655,5145215
RE41835,4984838,5177374,5033595,5144973
RE41836,4984967,5177039,5032006,5146190
RE41837,4985547,5176979,5034697,5146825
RE41838,4984971,5177561,5034407,5147334
RE41839,4985195,5177403,5033425,5147966
RE41840,4985275,5177148,5035134,5148388
RE41841,4985120,5177518,5035850,5149079
RE41842,4985270,5177311,5038017,5149543
RE41843,4984899,5177313,5037376,5150851
RE41844,4985084,5177129,5038269,5151112
ADC_LIMIT:4985935,5178139,5042482,5154990,4983439,5175378,5028523,5140780
RE41845,4985022,5177315,5039669,5150468
RE41846,4985258,5177166,5038780,5151752
RE41847,4984897,5177202,5039339,5150659
RE41848,4985165,5177108,5039649,5151916
RE41849,4985252,5177144,5040983,5151177
RE41850,4985156,5177332,5038605,5151832
RE41851,4984852,5177208,5038762,5150615
RE41852,4984808,5177367,5039217,5150858
RE41853,4984852,5177002,5038068,5150078
RE41854,4985016,5177113,5038364,5150473
RE41855,4984811,5177246,5037537,5150652
RE41856,4985080,5177116,5037141,5150701
RE41857,4984794,5177075,5037093,5148024
RE41858,4985494,5176878,5035956,5148885
RE41859,4984777,5176974,5036363,5149511
RE41860,4985077,5177411,5035544,5147427
RE41861,4985303,5177046,5035002,5147848
RE41862,4985226,5176989,5035068,5145866
ADC_LIMIT:4985935,5178139,5042482,5154990,4983439,5175378,5028523,5140780
RE41863,4985087,5177036,5034673,5148109
RE41864,4985121,5176809,5032946,5146478
RE41865,4985050,5176895,5033139,5147367
RE41866,4984997,5177162,5032997,5144036
RE41867,4985035,5176982,5032381,5144900
RE41868,4985230,5177276,5032974,5144168
RE41869,4985136,5177120,5033119,5144571
RE41870,4985107,5176995,5031244,5143881
RE41871,4985212,5177191,5031437,5144032
RE41872,4985268,5176983,5032050,5143336
RE41873,4985206,5177404,5029492,5143512
RE41874,4985256,5177353,5030816,5143549
RE41875,4985225,5177257,5033055,5143399
RE41876,4984955,5176972,5031487,5143637
RE41877,4985055,5177097,5033090,5144760
RE41878,4985119,5177418,5031873,5143951
RE41879,4985434,5177112,5034337,5144741
RE41880,4985349,5176882,5032801,5146165
ADC_LIMIT:4985935,5178139,5042482,5154990,4983439,5175378,5028523,5140780
RE41881,4985159,5176903,5032313,5145836
RE41882,4985188,5176924,5032724,5144328
RE41883,4985337,5177154,5034366,5146702
RE41884,4984998,5177343,5034067,5147160
RE41885,4984996,5177016,5035376,5147497
RE41886,4985064,5177230,5036208,5148283
RE41887,4984993,5177398,5036122,5148173
RE41888,4985242,5177209,5036699,5149349
RE41889,4984862,5176758,5036112,5148896
RE41890,4985092,5177209,5036546,5148626
RE41891,4985128,5177254,5037037,5148699
RE41892,4984876,5177144,5038468,5149258
RE41893,4985255,5177016,5038247,5150595
RE41894,4984744,5176674,5037139,5151260
RE41895,4985145,5176913,5038625,5150340
RE41896,4984880,5177077,5038440,5149779
RE41897,4984887,5177164,5038965,5151372
ADC_LIMIT:4985935,5178139,5042482,5154990,4983439,5175378,5028523,5140780
RE41898,4985451,5176874,5038238,5151820
RE41899,4984923,5176923,5037813,5150457
RE41900,4984858,5176852,5038482,5148460
RE41901,4984930,5176935,5037224,5149506
RE41902,4985221,5177372,5037972,5149797
RE41903,4985158,5177353,5036103,5148402
RE41904,4985114,5177424,5037146,5148478
RE41905,4985131,5177064,5036378,5147738
RE41906,4984961,5177358,5035664,5148464
RE41907,4984835,5177231,5033640,5147718
RE41908,4985252,5177391,5034775,5146673
RE41909,4984935,5177199,5035479,5146204
RE41910,4985002,5177406,5032438,5145965
RE41911,4984911,5177427,5032219,5143976
RE41912,4985338,5177370,5033616,5144252
RE41913,4985176,5177162,5030931,5143764
RE41914,4985124,5177071,5031498,5143684
RE41915,4985287,5177053,5030782,5142476
ADC_LIMIT:4985935,5178139,5042482,5154990,4983439,5175378,5028523,5140780
RE41916,4985298,5177008,5030488,5143147
RE41917,4985416,5177158,5030885,5142501
RE41918,4985111,5177262,5030776,5143324
RE41919,4985230,5177343,5029924,5143664
RE41920,4985301,5177271,5031465,5143602
RE41921,4985272,5177341,5032633,5143040
RE41922,4985268,5177102,5032585,5143098
RE41923,4985130,5177411,5031906,5143820
RE41924,4985269,5177389,5032804,5145540
RE41925,4985348,5177154,5033363,5145970
RE41926,4985114,5177524,5033360,5145344
RE41927,4985126,5177187,5033711,5147762
RE41928,4985306,5177320,5035492,5147976
RE41929,4985260,5177336,5034894,5148147
RE41930,4985515,5177275,5036190,5148221
RE41931,4985322,5177172,5035761,5148784
RE41932,4985351,5177279,5037014,5149437
RE41933,4984910,5176928,5038504,5150491
ADC_LIMIT:4985935,5178139,5042482,5154990,4983439,5175378,5028523,5140780
RE41934,4985269,5177276,5038083,5151296
RE41935,4985212,5177038,5036420,5150840
RE41936,4985383,5177379,5038965,5151428
RE41937,4985189,5177484,5039100,5151742
RE41938,4985033,5177268,5039795,5152058
RE41939,4985107,5177421,5040489,5150504
RE41940,4985010,5177447,5039749,5152996
RE41941,4984778,5177398,5039527,5150994
RE41942,4985196,5177309,5037966,5152097
RE41943,4985090,5177153,5039112,5151428
RE41944,4984890,5177009,5038047,5151027
RE41945,4985101,5177264,5037987,5149231
RE41946,4985107,5177258,5038702,5149824
RE41947,4985215,5177492,5036943,5148835
RE41948,4985112,5177203,5037807,5148125
RE41949,4985004,5176868,5035500,5148086
RE41950,4985118,5176989,5035581,5146152
ADC_LIMIT:4985935,5178139,5042482,5154990,4983439,5175378,5028523,5140780
RE41951,4985058,5176818,5035070,5146134
RE41952,4985047,5177355,5032388,5146374
RE41953,4984986,5177323,5033561,5145314
RE41954,4984867,5177410,5032710,5145058
RE41955,4985162,5177513,5030492,5144696
RE41956,4985215,5177396,5031351,5144168
RE41957,4985083,5177553,5031556,5144680
RE41958,4985169,5176946,5030298,5144254
RE41959,4985264,5177543,5031278,5143563
RE41960,4985259,5177360,5030005,5142665
RE41961,4984951,5177086,5031145,5142775
RE41962,4985247,5177194,5030437,5143721
RE41963,4985212,5177763,5029633,5143535
RE41964,4985347,5177254,5031185,5143675
RE41965,4985062,5177129,5031173,5144550
RE41966,4985307,5177160,5031040,5144487
RE41967,4984992,5177151,5032076,5145516
RE41968,4985118,5177525,5032449,5145730
ADC_LIMIT:4985935,5178139,5042482,5154990,4983439,5175378,5028523,5140780
RE41969,4985083,5177097,5032333,5145175
RE41970,4985369,5177374,5034025,5145517
RE41971,4985094,5177278,5034894,5146516
RE41972,4984995,5177271,5034263,5148177
RE41973,4985295,5177439,5035479,5147196
RE41974,4984915,5177169,5036193,5146461
RE41975,4984966,5177034,5035919,5149131
RE41976,4985166,5177281,5037353,5149579
RE41977,4985332,5176962,5036301,5149052
RE41978,4985165,5176694,5036236,5149558
RE41979,4985277,5177297,5037221,5148825
RE41980,4985081,5177451,5036268,5151098
RE41981,4984712,5177251,5038356,5149477
RE41982,4985158,5177439,5037539,5148834
RE41983,4985171,5177433,5036843,5150719
RE41984,4985134,5177268,5038284,5150201
RE41985,4985163,5177282,5037163,5150218
RE41986,4984969,5177173,5036576,5150425
ADC_LIMIT:4985935,5178139,5042482,5154990,4983439,5175378,5028523,5140780
RE41987,4985100,5176921,5037867,5150268
RE41988,4984954,5177114,5036519,5149770
RE41989,4985178,5177179,5037285,5149884
RE41990,4985152,5177134,5038043,5150152
RE41991,4984976,5177305,5037541,5150215
RE41992,4985042,5177233,5037818,5149294
RE41993,4985105,5177045,5036211,5148441
RE41994,4984785,5177140,5036243,5148467
RE41995,4985012,5176951,5036313,5148206
RE41996,4985002,5177648,5035384,5148178
RE41997,4984798,5177191,5035681,5147158
RE41998,4984893,5177257,5036243,5146815
RE41999,4985149,5177146,5035351,5147428
RE42000,4985179,5176873,5034358,5145584
RE42001,4984824,5177146,5034246,5146448
RE42002,4985080,5176891,5032709,5146725
RE42003,4984804,5176990,5034832,5144961
ADC_LIMIT:4985935,5178139,5042482,5154990,4983439,5175378,5028523,5140780
RE42004,4985324,5177268,5033210,5145510
RE42005,4985023,5177193,5032368,5146857
RE42006,4985405,5177187,5032228,5144359
RE42007,4985427,5177280,5031096,5144913
RE42008,4985267,5177049,5032264,5145884
RE42009,4985090,5177161,5032426,5145319
RE42010,4985434,5177450,5033834,5144142
RE42011,4985314,5177165,5032784,5143872
RE42012,4985116,5177195,5031727,5145781
RE42013,4985238,5177244,5033953,5144380
RE42014,4985362,5177141,5032500,5144349
RE42015,4985429,5177218,5033521,5144794
RE42016,4985204,5176869,5033706,5145735
RE42017,4985363,5177334,5033973,5146694
RE42018,4985066,5177182,5033356,5146940
RE42019,4984860,5177176,5034001,5147424
RE42020,4984965,5176951,5034788,5147530
RE42021,4985015,5176853,5036721,5148978
ADC_LIMIT:4985935,5178139,5042482,5154990,4983439,5175378,5028523,5140780
RE42022,4984885,5177073,5036576,5149432
RE42023,4985111,5176862,5036784,5149142
RE42024,4984694,5177361,5037723,5150693
RE42025,4985315,5177026,5037278,5150834
RE42026,4984976,5177361,5036829,5150960
RE42027,4984705,5176996,5038867,5150024
RE42028,4984740,5177184,5038567,5151572
RE42029,4984999,5177182,5039057,5151984
RE42030,4984909,5177191,5038041,5150391
RE42031,4985233,5177265,5038746,5150560
RE42032,4984781,5177378,5037973,5150786
RE42033,4985265,5177104,5038359,5148807
RE42034,4985127,5176957,5036515,5151272
RE42035,4985085,5177044,5038593,5150042
RE42036,4984779,5177076,5036186,5150457
RE42037,4985126,5177402,5036238,5148951
RE42038,4984993,5177081,5036895,5148373
RE42039,4985324,5177001,5037146,5148623
ADC_LIMIT:4985935,5178139,5042482,5154990,4983439,5175378,5028523,5140780
RE42040,4984970,5177061,5033540,5147501
RE42041,4984809,5177241,5034513,5146498
RE42042,4985160,5177151,5034732,5147133
RE42043,4984977,5177178,5033761,5146431
RE42044,4985138,5176969,5032006,5146322
RE42045,4984769,5177257,5032801,5145068
RE42046,4984940,5177326,5032747,5144810
RE42047,4984877,5177161,5032014,5143450
RE42048,4985268,5177396,5031221,5144276
RE42049,4985243,5177489,5030530,5143090
RE42050,4985322,5177300,5031744,5142087
RE42051,4985175,5177220,5029875,5142681
RE42052,4985153,5177123,5030527,5144486
RE42053,4985179,5177279,5029298,5142893
RE42054,4985276,5177175,5030698,5143920
RE42055,4985534,5177350,5031687,5142343
RE42056,4984820,5176906,5031666,5143890
ADC_LIMIT:4985935,5178139,5042482,5154990,4983439,5175378,5028523,5140780
RE42057,4985501,5177125,5030092,5144731
RE42058,4985485,5177082,5032145,5145039
RE42059,4985078,5177317,5031825,5144580
RE42060,4985271,5177365,5032191,5145437
RE42061,4985543,5177565,5032504,5146696
RE42062,4985232,5177574,5034848,5147412
RE42063,4985316,5177007,5035458,5147823
RE42064,4985383,5176887,5034405,5147469
RE42065,4985158,5176958,5037032,5148049
RE42066,4985306,5177307,5036217,5149056
RE42067,4985254,5177110,5038250,5150051
RE42068,4985286,5177240,5037810,5149635
RE42069,4985270,5177141,5038486,5152427
RE42070,4985262,5177287,5039504,5151630
RE42071,4985401,5177137,5039140,5152193
RE42072,4985042,5177571,5040244,5151615
RE42073,4985448,5177126,5039074,5151936
RE42074,4985259,5177244,5038698,5151648
ADC_LIMIT:4985935,5178139,5042482,5154990,4983439,5175378,5028523,5140780
RE42075,4985124,5177208,5038750,5151606
RE42076,4985234,5177387,5041317,5152243
RE42077,4985262,5177329,5039725,5151931
RE42078,4985131,5177364,5038199,5150833
RE42079,4985361,5177422,5038582,5151537
RE42080,4985083,5177055,5038168,5149989
RE42081,4985260,5177474,5036651,5148968
RE42082,4985305,5177412,5037334,5150146
RE42083,4984930,5177222,5037161,5149652
RE42084,4985006,5177172,5035961,5148549
RE42085,4984858,5177513,5035028,5147712
RE42086,4985026,5177058,5035048,5147662
RE42087,4985414,5177286,5034285,5147363
RE42088,4984801,5177132,5033737,5144138
RE42089,4985063,5177230,5033124,5145849
RE42090,4985008,5177582,5033339,5145510
RE42091,4985051,5176731,5032397,5145637
RE42092,4985105,5177240,5032854,5146158
ADC_LIMIT:4985935,5178139,5042482,5154990,4983439,5175378,5028523,5140780
RE42093,4984929,5177173,5032637,5144797
RE42094,4984940,5177239,5032215,5142498
RE42095,4985144,5177244,5032770,5147612
RE42096,4985112,5177416,5031903,5144498
RE42097,4984998,5177435,5032768,5143750
RE42098,4985584,5177340,5032000,5145938
RE42099,4985422,5177585,5032905,5145356
RE42100,4985137,5177504,5032357,5144268
RE42101,4985525,5177169,5032333,5144634
RE42102,4985408,5177385,5033315,5144167
RE42103,4985186,5177442,5032584,5145122
RE42104,4985377,5177363,5033247,5146132
RE42105,4985096,5177438,5032518,5146268
RE42106,4985016,5177362,5033076,5146361
RE42107,4985508,5177253,5033874,5146688
RE42108,4985230,5177547,5033654,5147730
RE42109,4985239,5177473,5034649,5146993
ADC_LIMIT:4985935,5178139,5042482,5154990,4983439,5175378,5028523,5140780
RE42110,4985307,5177275,5035065,5147647
RE42111,4985643,5177363,5036464,5145878
RE42112,4985228,5177497,5036554,5149275
RE42113,4985152,5177432,5036784,5149137
RE42114,4984904,5177543,5035523,5148086
RE42115,4984740,5177391,5036536,5150516
RE42116,4984965,5177188,5039127,5149930
RE42117,4985256,5177368,5037514,5150778
RE42118,4985178,5177191,5038243,5150933
RE42119,4984994,5177537,5038154,5151439
RE42120,4985036,5177033,5037579,5149873
RE42121,4985130,5176987,5038328,5149720
RE42122,4985035,5177039,5039573,5151705
RE42123,4985358,5177050,5039428,5151076
RE42124,4984799,5177277,5038623,5151623
RE42125,4984883,5177077,5038668,5149239
RE42126,4985321,5177129,5037959,5150151
RE42127,4985138,5177100,5036272,5150339
ADC_LIMIT:4985935,5178139,5042482,5154990,4983439,5175378,5028523,5140780
RE42128,4985044,5177225,5037727,5149243
RE42129,4984906,5177160,5035862,5147954
RE42130,4985101,5177396,5035678,5146852
RE42131,4985147,5177197,5036227,5147075
RE42132,4985165,5176884,5035070,5145610
RE42133,4984985,5177419,5034882,5146993
RE42134,4985182,5177255,5033337,5145711
RE42135,4985085,5177233,5032529,5144286
RE42136,4985132,5177314,5032725,5144715
RE42137,4985280,5177386,5032438,5144381
RE42138,4985109,5177212,5031499,5146077
RE42139,4985323,5177603,5031466,5143514
RE42140,4985103,5177357,5031705,5144258
RE42141,4985107,5177118,5030500,5144942
RE42142,4985115,5177290,5031588,5142351
RE42143,4985286,5177563,5031367,5142838
RE42144,4985196,5176877,5031598,5143693
RE42145,4985302,5176925,5031098,5143762
ADC_LIMIT:4985935,5178139,5042482,5154990,4983439,5175378,5028523,5140780
RE42146,4985316,5177489,5030790,5142734
RE42147,4985552,5177363,5032852,5145532
RE42148,4985439,5177472,5032068,5145393
RE42149,4985172,5177467,5032980,5145626
RE42150,4985237,5177227,5034288,5145869
RE42151,4985338,5177353,5035189,5147385
RE42152,4985407,5177247,5034161,5148374
RE42153,4985344,5177326,5034089,5149086
RE42154,4985418,5177262,5035724,5148231
RE42155,4985259,5177297,5034817,5148218
RE42156,4985356,5177286,5036969,5148830
RE42157,4985431,5177357,5037473,5150286
RE42158,4985204,5177392,5039534,5152694
RE42159,4985385,5177283,5039338,5151183
RE42160,4985149,5177405,5038947,5151052
RE42161,4985168,5177279,5038491,5152393
RE42162,4985143,5177229,5039789,5151507
ADC_LIMIT:4985935,5178139,5042482,5154990,4983439,5175378,5028523,5140780
RE42163,4985450,5177235,5039465,5153483
RE42164,4985476,5177120,5038969,5152181
RE42165,4985254,5177018,5039249,5150409
RE42166,4985086,5177242,5037949,5150741
RE42167,4985363,5177210,5040013,5150838
RE42168,4985358,5177328,5038617,5150494
RE42169,4985369,5177255,5038403,5150755
RE42170,4984736,5177294,5037889,5150266
RE42171,4985001,5177728,5036781,5149326
RE42172,4985213,5177523,5038069,5150434
RE42173,4985146,5177119,5036675,5147175
RE42174,4985290,5177264,5034010,5147091
RE42175,4985367,5177504,5035186,5147141
RE42176,4985352,5177335,5033616,5145861
RE42177,4985080,5177342,5034313,5147125
RE42178,4985408,5177379,5032036,5145874
RE42179,4985192,5177003,5032522,5145436
RE42180,4985163,5177288,5032137,5143607
ADC_LIMIT:4985935,5178139,5042482,5154990,4983439,5175378,5028523,5140780
RE42181,4984990,5177344,5031938,5143196
RE42182,4985303,5177260,5030158,5143452
RE42183,4985446,5177341,5032640,5143635
RE42184,4985384,5177648,5031140,5144838
RE42185,4985093,5177168,5031408,5143333
RE42186,4985381,5177336,5030480,5144255
RE42187,4985156,5177219,5030983,5143990
RE42188,4985526,5177059,5032158,5143264
RE42189,4985084,5177417,5030615,5144967
RE42190,4985058,5177155,5030320,5144532
RE42191,4984988,5177145,5031833,5145009
RE42192,4985139,5177022,5032148,5144385
RE42193,4984928,5177329,5033024,5146445
RE42194,4985372,5177492,5033767,5147285
RE42195,4985328,5177236,5033911,5146020
RE42196,4984769,5177257,5034748,5146460
RE42197,4985003,5176989,5035701,5145660
RE42198,4985345,5176944,5034270,5148050
ADC_LIMIT:4985935,5178139,5042482,5154990,4983439,5175378,5028523,5140780
RE42199,4985324,5177061,5036814,5148209
RE42200,4985455,5177513,5036093,5147936
RE42201,4985269,5177575,5037553,5148318
RE42202,4985047,5177313,5036614,5148760
RE42203,4985009,5177051,5038329,5150392
RE42204,4984799,5177249,5037582,5149178
RE42205,4985259,5177265,5037499,5150421
RE42206,4985287,5177187,5037069,5150346
RE42207,4985098,5177234,5038385,5149615
RE42208,4984983,5177331,5036453,5151278
RE42209,4984980,5177276,5038071,5150975
RE42210,4985017,5177181,5037476,5149910
RE42211,4984775,5177284,5035789,5151065
RE42212,4985124,5177305,5036676,5150690
RE42213,4984914,5177462,5037600,5150286
RE42214,4985155,5177168,5038211,5148882
RE42215,4985085,5177151,5037293,5150066
ADC_LIMIT:4985935,5178139,5042482,5154990,4983439,5175378,5028523,5140780
RE42216,4985067,5177212,5036983,5148230
RE42217,4985045,5177155,5037822,5148268
RE42218,4985306,5177413,5035862,5148488
RE42219,4985454,5177109,5035849,5148300
RE42220,4985262,5177275,5035709,5146989
RE42221,4985145,5177318,5035422,5146763
RE42222,4985341,5177120,5037246,5148147
RE42223,4985018,5177181,5034955,5147756
RE42224,4985308,5177472,5033943,5145818
RE42225,4985297,5177291,5034669,5145991
RE42226,4985045,5177471,5032424,5146281
RE42227,4985519,5177438,5032479,5146625
RE42228,4985355,5177204,5033218,5144906
RE42229,4984866,5177395,5032633,5144803
RE42230,4985318,5177495,5031339,5146341
RE42231,4985140,5177072,5031847,5143899
RE42232,4984898,5177002,5033645,5144538
RE42233,4985280,5177231,5033579,5143833
ADC_LIMIT:4985935,5178139,5042482,5154990,4983439,5175378,5028523,5140780
RE42234,4985476,5177382,5031966,5144468
RE42235,4984972,5177448,5032041,5144838
RE42236,4985071,5177318,5031960,5145493
RE42237,4985225,5177282,5032032,5145773
RE42238,4985183,5177306,5032505,5143394
RE42239,4985392,5177189,5033897,5146338
RE42240,4984970,5177226,5032469,5147246
RE42241,4985502,5177375,5033409,5146663
RE42242,4985181,5177332,5034090,5147502
RE42243,4985407,5177320,5035384,5147727
RE42244,4985205,5177200,5035017,5148125
RE42245,4985182,5177243,5035415,5149215
RE42246,4985317,5177322,5035674,5148696
RE42247,4985055,5177307,5035611,5148202
RE42248,4985138,5177114,5036823,5149724
RE42249,4984947,5176686,5036653,5150167
RE42250,4985406,5177105,5038275,5150609
RE42251,4984912,5176952,5038038,5151310
ADC_LIMIT:4985935,5178139,5042482,5154990,4983439,5175378,5028523,5140780
RE42252,4985125,5177446,5039701,5150660
RE42253,4985083,5176979,5038286,5151858
RE42254,4985142,5177145,5038412,5150693
RE42255,4985471,5177187,5038264,5149986
RE42256,4985246,5177284,5038950,5150272
RE42257,4985270,5177064,5039001,5150953
RE42258,4984786,5177392,5037449,5151069
RE42259,4984951,5177384,5037702,5150526
RE42260,4985273,5176872,5037634,5149528
RE42261,4985140,5177040,5038540,5148827
RE42262,4985168,5177276,5037026,5149720
RE42263,4984928,5177329,5035554,5148620
RE42264,4984848,5176987,5035838,5148318
RE42265,4985241,5177353,5033643,5145919
RE42266,4985356,5177309,5035462,5147609
RE42267,4985361,5177379,5033360,5145357
RE42268,4985136,5176884,5032805,5145690
ADC_LIMIT:4985935,5178139,5042482,5154990,4983439,5175378,5028523,5140780
RE42269,4985208,5177261,5034660,5144677
RE42270,4985342,5177583,5031992,5145985
RE42271,4985224,5177137,5031578,5143955
RE42272,4985309,5177098,5031162,5144185
RE42273,4985020,5177467,5030309,5143853
RE42274,4985234,5177150,5029796,5142815
RE42275,4985176,5177278,5030162,5143959
RE42276,4985385,5177257,5029387,5142536
RE42277,4985324,5177089,5030361,5141825
RE42278,4985108,5177704,5031195,5142584
RE42279,4985357,5177399,5031045,5142727
RE42280,4985601,5177438,5030918,5143855
RE42281,4985732,5177499,5032346,5145077
RE42282,4985311,5177325,5032479,5143941
RE42283,4985104,5177036,5031241,5145136
RE42284,4985308,5177426,5032441,5145215
RE42285,4985292,5177070,5033413,5145269
RE42286,4985431,5176968,5035373,5147400
ADC_LIMIT:4985935,5178139,5042482,5154990,4983439,5175378,5028523,5140780
RE42287,4985333,5177488,5034007,5148704
RE42288,4985019,5177342,5033864,5148044
RE42289,4985157,5177078,5036345,5149720
RE42290,4985217,5176740,5035689,5149577
RE42291,4984958,5177031,5038175,5149956
RE42292,4985321,5177373,5036482,5150883
RE42293,4985221,5177387,5038797,5151622
RE42294,4985396,5177341,5038337,5150770
RE42295,4985104,5177191,5038600,5150717
RE42296,4985205,5177490,5039308,5152300
RE42297,4985005,5177601,5039380,5151723
RE42298,4985599,5177183,5040385,5152554
RE42299,4985148,5177250,5039836,5151827
RE42300,4985226,5177224,5038941,5152053
RE42301,4985141,5177305,5037131,5150575
RE42302,4985288,5177076,5040155,5151119
RE42303,4985362,5177224,5039143,5148903
RE42304,4985324,5177225,5037021,5151592
ADC_LIMIT:4985935,5178139,5042482,5154990,4983439,5175378,5028523,5140780
RE42305,4985155,5177406,5036502,5149330
RE42306,4985346,5177285,5037945,5150517
RE42307,4985584,5177431,5037388,5149497
RE42308,4985635,5177637,5036808,5148768
RE42309,4985418,5177223,5036461,5147588
RE42310,4984994,5177111,5035853,5147423
RE42311,4985185,5177405,5035506,5147959
RE42312,4985222,5176959,5033463,5147013
RE42313,4985049,5177372,5033515,5146371
RE42314,4985331,5177131,5033855,5145228
RE42315,4985598,5177480,5033879,5145610
RE42316,4985307,5177718,5033156,5145730
RE42317,4985257,5177526,5032757,5143593
RE42318,4985430,5177532,5033747,5145264
RE42319,4985565,5177254,5032225,5142891
RE42320,4984614,5177186,5030903,5144773
RE42321,4984972,5177018,5029879,5144474
ADC_LIMIT:4985935,5178139,5042482,5154990,4983439,5175378,5028523,5140780
RE42322,4984868,5177245,5031827,5144154
RE42323,4985349,5177658,5031438,5144677
RE42324,4985470,5177515,5031009,5143558
RE42325,4985411,5177614,5030868,5145231
RE42326,4985665,5177492,5031768,5144166
RE42327,4985540,5177575,5032369,5144783
RE42328,4985689,5177554,5032361,5145773
RE42329,4985430,5177722,5032255,5145092
RE42330,4985530,5177825,5034350,5146697
RE42331,4985733,5177598,5034578,5146221
RE42332,4985362,5177665,5034250,5146467
RE42333,4985499,5177986,5033117,5146457
RE42334,4985816,5177466,5033510,5146078
RE42335,4985363,5177724,5035917,5148425
RE42336,4985329,5177523,5035444,5149784
RE42337,4985315,5177363,5036500,5148422
RE42338,4985137,5177120,5035661,5148229
RE42339,4985543,5177436,5036847,5150323
ADC_LIMIT:4985935,5178139,5042482,5154990,4983439,5175378,5028523,5140780
RE42340,4985280,5177466,5037625,5150395
RE42341,4985285,5177171,5037166,5149694
RE42342,4985170,5177195,5038720,5150279
RE42343,4985335,5177178,5038375,5149465
RE42344,4985083,5177253,5038112,5150410
RE42345,4985154,5177080,5038583,5150666
RE42346,4985006,5177304,5038558,5150696
RE42347,4985347,5177225,5037859,5150986
RE42348,4985466,5177220,5038751,5150062
RE42349,4984928,5177267,5038485,5150769
RE42350,4985071,5177224,5037796,5150902
RE42351,4985241,5177310,5037172,5149212
RE42352,4985215,5177202,5036734,5148586
RE42353,4985072,5177260,5036049,5148168
RE42354,4985106,5177284,5037313,5149337
RE42355,4985393,5177193,5036048,5147510
RE42356,4984984,5177001,5034970,5148092
RE42357,4985096,5177015,5033798,5146435
ADC_LIMIT:4985935,5178139,5042482,5154990,4983439,5175378,5028523,5140780
RE42358,4985051,5177046,5034000,5146588
RE42359,4985049,5177347,5033985,5145178
RE42360,4985146,5177237,5032697,5145828
RE42361,4985354,5177560,5031176,5144887
RE42362,4984927,5177530,5033299,5144825
RE42363,4985295,5177645,5031845,5144283
RE42364,4985392,5177436,5031139,5144771
RE42365,4985424,5177308,5030574,5142847
RE42366,4985377,5177205,5029070,5143016
RE42367,4985256,5177115,5031666,5143713
RE42368,4985108,5177511,5030650,5143713
RE42369,4984984,5177387,5031267,5143461
RE42370,4985289,5177566,5031353,5144694
RE42371,4985135,5177314,5031813,5143089
RE42372,4985460,5177445,5031570,5144326
RE42373,4985200,5177324,5032523,5144622
RE42374,4985394,5177130,5031828,5144108
ADC_LIMIT:4985935,5178139,5042482,5154990,4983439,5175378,5028523,5140780
RE42375,4985313,5177366,5032933,5146236
RE42376,4985317,5177521,5034307,5146389
RE42377,4985358,5177516,5035201,5147449
RE42378,4985228,5177309,5034818,5148519
RE42379,4985370,5177164,5036728,5148074
RE42380,4985396,5177374,5037000,5148882
RE42381,4985455,5177268,5036203,5150844
RE42382,4985227,5177061,5037367,5148805
RE42383,4985024,5177023,5037509,5150744
RE42384,4985159,5177396,5038247,5150442
RE42385,4985482,5176860,5037879,5152093
RE42386,4985172,5177234,5039360,5150893
RE42387,4985070,5177400,5040258,5150558
RE42388,4984899,5177262,5038037,5152350
RE42389,4985235,5177180,5038515,5151241
RE42390,4984895,5177032,5038581,5151021
RE42391,4985065,5177057,5039158,5151543
RE42392,4984992,5177139,5038126,5151135
ADC_LIMIT:4985935,5178139,5042482,5154990,4983439,5175378,5028523,5140780
RE42393,4985487,5177447,5038456,5152003
RE42394,4985378,5177199,5038235,5150267
RE42395,4985111,5177375,5037725,5147881
RE42396,4985219,5177111,5037076,5150053
RE42397,4985168,5177365,5036581,5148567
RE42398,4985266,5177138,5036721,5147099
RE42399,4985301,5177480,5035553,5147078
RE42400,4985376,5177168,5034631,5147435
RE42401,4984969,5177339,5035295,5144879
RE42402,4984729,5177377,5032809,5145813
RE42403,4985089,5177383,5033248,5145486
RE42404,4985027,5177261,5031314,5144020
RE42405,4985038,5177231,5032255,5143676
RE42406,4985046,5177289,5031993,5144536
RE42407,4985344,5177386,5031337,5142037
RE42408,4985181,5177107,5030469,5144010
RE42409,4985514,5177333,5029394,5144159
RE42410,4985202,5177594,5030827,5142693
ADC_LIMIT:4985935,5178139,5042482,5154990,4983439,5175378,5028523,5140780
RE42411,4985337,5177576,5032090,5143834
RE42412,4985273,5177087,5030666,5144063
RE42413,4985492,5177350,5031565,5143805
RE42414,4985283,5177358,5030561,5145655
RE42415,4985054,5177308,5031459,5144666
RE42416,4984870,5177200,5031359,5144938
RE42417,4985045,5177190,5034082,5145961
RE42418,4985344,5177304,5031934,5145824
RE42419,4985266,5177335,5032983,5146278
RE42420,4985129,5177234,5033516,5147039
RE42421,4985575,5177116,5034211,5146952
RE42422,4985044,5177366,5034548,5147372
RE42423,4984967,5177171,5035576,5147885
RE42424,4985199,5177228,5034846,5146818
RE42425,4985139,5176989,5036388,5147915
RE42426,4985149,5177101,5036571,5148229
RE42427,4985452,5177140,5037207,5149423
ADC_LIMIT:4985935,5178139,5042482,5154990,4983439,5175378,5028523,5140780
RE42428,4985238,5177358,5036250,5150964
RE42429,4985267,5177191,5037870,5148859
RE42430,4985119,5177283,5037480,5149206
RE42431,4985555,5177246,5037456,5149762
RE42432,4985080,5177457,5038560,5150493
RE42433,4985189,5177227,5037187,5149691
RE42434,4985117,5177265,5038255,5150582
RE42435,4985096,5177107,5038614,5151001
RE42436,4985422,5177283,5037349,5149188
RE42437,4985118,5177201,5037910,5151365
RE42438,4985160,5177247,5038137,5149038
RE42439,4985121,5177457,5036973,5151201
RE42440,4984668,5177084,5037312,5148830
RE42441,4985134,5177355,5038158,5149261
RE42442,4985422,5177343,5035351,5148908
RE42443,4985098,5177275,5036893,5148587
RE42444,4985048,5177102,5035979,5149474
RE42445,4985426,5177642,5035778,5146864
ADC_LIMIT:4985935,5178139,5042482,5154990,4983439,5175378,5028523,5140780
RE42446,4984966,5177491,5035644,5148157
RE42447,4985199,5176862,5034579,5147966
RE42448,4984937,5177107,5035003,5147995
RE42449,4985209,5177284,5034929,5145654
RE42450,4984998,5177797,5032984,5145714
RE42451,4985359,5177676,5034502,5146435
RE42452,4985386,5177460,5033463,5145691
RE42453,4984965,5177453,5033130,5147134
RE42454,4985187,5177306,5034023,5144753
RE42455,4985076,5177483,5032975,5145144
RE42456,4985247,5177451,5033046,5146369
RE42457,4985259,5177450,5032483,5145701
RE42458,4985169,5177563,5032445,5143516
RE42459,4985178,5177400,5031591,5145580
RE42460,4985219,5177354,5031950,5144036
RE42461,4985039,5177314,5030288,5146383
RE42462,4985094,5177263,5031797,5144489
RE42463,4985560,5177276,5032232,5145263
ADC_LIMIT:4985935,5178139,5042482,5154990,4983439,5175378,5028523,5140780
RE42464,4985255,5177501,5033288,5145618
RE42465,4985151,5177312,5033194,5146506
RE42466,4985270,5177355,5032086,5145800
RE42467,4985447,5177178,5034588,5146836
RE42468,4985194,5177403,5034009,5146155
RE42469,4985464,5177678,5035746,5148971
RE42470,4985487,5177399,5035546,5147429
RE42471,4985329,5177970,5036426,5148292
RE42472,4985154,5177587,5036024,5148620
RE42473,4985386,5177512,5037614,5148799
RE42474,4985348,5177571,5037246,5150724
RE42475,4985427,5177727,5038131,5151134
RE42476,4985766,5177763,5036324,5150151
RE42477,4985684,5177678,5038646,5151241
RE42478,4985202,5177140,5037322,5150469
RE42479,4985454,5177556,5039965,5152833
RE42480,4985583,5177127,5039578,5152711
ADC_LIMIT:4985935,5178139,5042482,5154990,4983439,5175378,5028523,5140780
RE42481,4985340,5177583,5038790,5150571
RE42482,4985115,5177384,5038707,5150929
RE42483,4985409,5177474,5037204,5149714
RE42484,4985081,5177461,5038087,5150225
RE42485,4984995,5177294,5036059,5149867
RE42486,4985382,5177390,5036724,5150266
RE42487,4985386,5177647,5038093,5149464
RE42488,4985202,5177383,5036582,5148209
RE42489,4985193,5177751,5036308,5148355
RE42490,4985275,5177367,5035374,5147626
RE42491,4984955,5177733,5034789,5146784
RE42492,4985135,5177234,5032891,5146092
RE42493,4985128,5177353,5033849,5145351
RE42494,4985055,5177500,5034082,5145222
RE42495,4985265,5177374,5032534,5145050
RE42496,4985005,5176899,5030867,5144228
RE42497,4985168,5176978,5032154,5143979
RE42498,4984871,5177159,5031246,5144330
ADC_LIMIT:4985935,5178139,5042482,5154990,4983439,5175378,5028523,5140780
RE42499,4985399,5177340,5030387,5142586
RE42500,4985166,5177263,5029570,5143609
RE42501,4985473,5177427,5028350,5142905
RE42502,4984999,5177404,5031222,5142789
RE42503,4985015,5177326,5030833,5143785
RE42504,4985257,5177375,5031278,5143295
RE42505,4985248,5177299,5032593,5143409
RE42506,4985466,5177368,5031287,5144376
RE42507,4985281,5177205,5031717,5144035
RE42508,4985101,5177217,5031122,5144800
RE42509,4985367,5177473,5032294,5144340
RE42510,4985256,5177392,5032872,5146180
RE42511,4985241,5177479,5033161,5146014
RE42512,4985160,5177063,5033629,5145943
RE42513,4984970,5177195,5036166,5146762
RE42514,4985471,5177211,5035926,5148472
RE42515,4985242,5177311,5036440,5147985
RE42516,4985093,5177389,5037187,5149591
ADC_LIMIT:4985935,5178139,5042482,5154990,4983439,5175378,5028350,5140780
RE42517,4985237,5177263,5037787,5149704
RE42518,4985003,5177322,5037639,5150735
RE42519,4984914,5177411,5038600,5150215
RE42520,4984721,5177223,5039689,5152428
RE42521,4985083,5177087,5038479,5151678
RE42522,4984985,5177135,5039556,5153932
RE42523,4985582,5177197,5039528,5152216
RE42524,4984955,5177555,5039543,5151110
RE42525,4984894,5177293,5039841,5151431
RE42526,4985257,5177173,5038583,5150798
RE42527,4985215,5177567,5039441,5151664
RE42528,4985521,5177776,5038040,5151349
RE42529,4985186,5177389,5038004,5149690
RE42530,4985392,5177057,5039077,5149534
RE42531,4984590,5177217,5037267,5148123
RE42532,4985186,5177152,5036741,5148064
RE42533,4985025,5177289,5035372,5150213
ADC_LIMIT:4985935,5178139,5042482,5154990,4983439,5175378,5028350,5140780
RE42534,4985226,5177238,5035786,5149106
RE42535,4984974,5177394,5035402,5147931
RE42536,4985156,5177432,5035213,5145873
RE42537,4985096,5177397,5034769,5147288
RE42538,4985360,5177241,5034625,5145474
RE42539,4984839,5177117,5033910,5146055
RE42540,4985046,5177156,5033346,5145659
RE42541,4984787,5177304,5033063,5144476
RE42542,4985413,5177276,5032282,5144177
RE42543,4985106,5177130,5031634,5143361
RE42544,4984864,5177259,5031754,5144211
RE42545,4985155,5177093,5031086,5145041
RE42546,4985168,5177400,5031175,5144121
RE42547,4985185,5177039,5031816,5144434
RE42548,4985236,5177071,5030407,5143335
RE42549,4985042,5177185,5031770,5143365
RE42550,4985384,5177232,5031006,5143337
RE42551,4985307,5177333,5032679,5145013
ADC_LIMIT:4985935,5178139,5042482,5154990,4983439,5175378,5028350,5140780
RE42552,4985379,5177593,5031753,5144045
RE42553,4985213,5177558,5033024,5144488
RE42554,4985072,5177065,5031633,5144725
RE42555,4985125,5177183,5032535,5145109
RE42556,4985171,5177349,5032873,5146496
RE42557,4984625,5177418,5033719,5145889
RE42558,4985270,5177132,5033364,5145940
RE42559,4985295,5176894,5035636,5147992
RE42560,4985294,5177224,5033651,5147141
RE42561,4985047,5177301,5035145,5147637
RE42562,4985436,5177393,5036511,5147746
RE42563,4985266,5177364,5034974,5149180
RE42564,4985115,5177261,5036524,5150216
RE42565,4985461,5177016,5037507,5148589
RE42566,4985296,5176894,5038584,5148669
RE42567,4984985,5176992,5036439,5150920
RE42568,4984963,5177128,5037111,5150536
RE42569,4985071,5177068,5038650,5151129
ADC_LIMIT:4985935,5178139,5042482,5154990,4983439,5175378,5028350,5140780
RE42570,4985067,5177119,5037976,5150576
RE42571,4985173,5177245,5037496,5151239
RE42572,4984921,5177358,5037600,5150437
RE42573,4985029,5177291,5039032,5150395
RE42574,4984933,5177244,5038027,5150980
RE42575,4984716,5177032,5036833,5149659
RE42576,4985010,5177108,5035430,5148767
RE42577,4985188,5177095,5038056,5148192
RE42578,4985339,5177448,5036518,5149096
RE42579,4984987,5177310,5036155,5147394
RE42580,4985074,5177195,5034750,5147319
RE42581,4984926,5177087,5034027,5147602
RE42582,4985028,5177271,5035096,5146715
RE42583,4984910,5177148,5034133,5145324
RE42584,4985163,5176871,5033695,5145948
RE42585,4985130,5176688,5033388,5146258
RE42586,4984967,5177130,5032439,5144746
ADC_LIMIT:4985935,5178139,5042482,5154990,4983439,5175378,5028350,5140780
RE42587,4985003,5176887,5031910,5144971
RE42588,4985357,5177218,5031867,5145466
RE42589,4985030,5177220,5031153,5143766
RE42590,4985214,5177229,5032047,5143724
RE42591,4985626,5177234,5031823,5142886
RE42592,4985369,5177410,5031559,5143951
RE42593,4985233,5177433,5030292,5143322
RE42594,4985164,5177189,5030950,5143740
RE42595,4985424,5177567,5031314,5142653
RE42596,4985332,5177509,5032113,5143544
RE42597,4984980,5177405,5031487,5144357
RE42598,4985237,5177501,5030810,5145093
RE42599,4985318,5177582,5032655,5146272
RE42600,4985166,5177156,5033575,5146164
RE42601,4985469,5177448,5032407,5146343
RE42602,4985485,5177101,5033533,5146755
RE42603,4985411,5177325,5036142,5148625
RE42604,4985325,5177469,5035519,5148227
ADC_LIMIT:4985935,5178139,5042482,5154990,4983439,5175378,5028350,5140780
RE42605,4985463,5177674,5036334,5148710
RE42606,4984940,5177494,5037519,5149117
RE42607,4985333,5177312,5038766,5149980
RE42608,4985235,5177347,5036956,5151091
RE42609,4985251,5177438,5038671,5150821
RE42610,4985252,5177281,5038191,5151308
RE42611,4985143,5177277,5038660,5152594
RE42612,4985557,5177459,5037492,5151086
RE42613,4985100,5177420,5040114,5152152
RE42614,4985502,5177508,5040769,5151763
RE42615,4984741,5177215,5039921,5151746
RE42616,4985401,5177172,5039365,5150892
RE42617,4985166,5177176,5038123,5150654
RE42618,4985437,5177258,5039827,5150294
RE42619,4985131,5177106,5038177,5150340
RE42620,4985166,5177121,5039097,5150365
RE42621,4985303,5177346,5038292,5148884
RE42622,4985172,5177383,5036617,5148717
ADC_LIMIT:4985935,5178139,5042482,5154990,4983439,5175378,5028350,5140780
RE42623,4985039,5176864,5036976,5148437
RE42624,4985155,5176961,5034558,5147810
RE42625,4985049,5177154,5036335,5147873
RE42626,4985081,5177380,5035784,5145586
RE42627,4985377,5177400,5034274,5146328
RE42628,4985142,5177253,5033559,5145067
RE42629,4985333,5177294,5032537,5145494
RE42630,4985481,5177612,5032230,5146008
RE42631,4985430,5177256,5032696,5143544
RE42632,4985232,5177441,5030804,5144549
RE42633,4985470,5177277,5031813,5142532
RE42634,4985267,5177386,5030391,5144252
RE42635,4985586,5176969,5031249,5143594
RE42636,4985244,5177305,5032182,5144081
RE42637,4985308,5177281,5031610,5142952
RE42638,4985391,5177275,5031749,5143043
RE42639,4985397,5177202,5032049,5143563
ADC_LIMIT:4985935,5178139,5042482,5154990,4983439,5175378,5028350,5140780
RE42640,4985250,5177222,5030475,5143841
RE42641,4984792,5177061,5029839,5142942
RE42642,4985001,5177307,5032128,5144061
RE42643,4985029,5177236,5031657,5146798
RE42644,4985427,5177575,5032037,5142919
RE42645,4985462,5177512,5034144,5146997
RE42646,4985248,5177192,5034704,5146455
RE42647,4985443,5177434,5034408,5147164
RE42648,4985451,5177422,5036386,5146511
RE42649,4985274,5177274,5035683,5147072
RE42650,4985295,5177262,5035838,5147476
RE42651,4985173,5177241,5034572,5150470
RE42652,4985372,5177620,5035713,5149424
RE42653,4985477,5177528,5036243,5149948
RE42654,4985005,5177155,5036560,5148368
RE42655,4985305,5177178,5036681,5148511
RE42656,4985137,5177209,5037551,5150983
RE42657,4984883,5177369,5037033,5149528
ADC_LIMIT:4985935,5178139,5042482,5154990,4983439,5175378,5028350,5140780
RE42658,4985035,5177263,5036952,5150903
RE42659,4985176,5177026,5037093,5149687
RE42660,4984995,5177325,5038770,5150228
RE42661,4984970,5177271,5036621,5150773
RE42662,4985015,5177182,5037346,5149412
RE42663,4985055,5177367,5038229,5150154
RE42664,4984871,5177427,5036374,5148583
RE42665,4985081,5177197,5036763,5148628
RE42666,4985249,5177330,5036897,5150132
RE42667,4984748,5176710,5034555,5148575
RE42668,4984894,5177390,5036165,5148069
RE42669,4985103,5177242,5036755,5147991
RE42670,4984733,5177380,5036840,5146914
RE42671,4985090,5176977,5036860,5148072
RE42672,4984984,5177315,5035638,5146093
RE42673,4984948,5177258,5033815,5147681
RE42674,4985224,5177525,5033926,5145974
RE42675,4985074,5177861,5034944,5147078
ADC_LIMIT:4985935,5178139,5042482,5154990,4983439,5175378,5028350,5140780
RE42676,4985130,5177534,5033264,5145912
RE42677,4985336,5177529,5032918,5145272
RE42678,4985244,5177158,5032129,5145957
RE42679,4984815,5177017,5033305,5144738
RE42680,4985320,5177184,5031960,5144866
RE42681,4985315,5177457,5031712,5145114
RE42682,4985019,5177321,5032038,5144463
RE42683,4985117,5177288,5032793,5144091
RE42684,4985314,5177260,5031417,5144599
RE42685,4985050,5177203,5031808,5145039
RE42686,4985225,5177134,5031455,5144217
RE42687,4985193,5176949,5032246,5145514
RE42688,4985407,5177028,5032770,5145409
RE42689,4985236,5177347,5032153,5144388
RE42690,4985324,5177080,5032351,5147096
RE42691,4985201,5177112,5032956,5146475
RE42692,4985189,5177044,5033995,5146381
ADC_LIMIT:4985935,5178139,5042482,5154990,4983439,5175378,5028350,5140780
RE42693,4985497,5177290,5034255,5146731
RE42694,4985253,5177209,5033197,5146908
RE42695,4984931,5177189,5034919,5148558
RE42696,4985172,5177105,5034597,5148742
RE42697,4985410,5177322,5036092,5148846
RE42698,4985038,5177533,5036685,5149159
RE42699,4985216,5177296,5038791,5150518
RE42700,4985147,5177501,5036874,5150899
RE42701,4985021,5177506,5036922,5151077
RE42702,4985326,5177520,5037158,5149736
RE42703,4985075,5177557,5037606,5149877
RE42704,4985090,5177166,5039472,5151171
RE42705,4985314,5177407,5040075,5152111
RE42706,4985325,5177574,5038402,5150148
RE42707,4985118,5177422,5036929,5151380
RE42708,4985096,5177208,5038371,5149599
RE42709,4984872,5177121,5038324,5151320
RE42710,4984678,5177311,5036570,5150216
ADC_LIMIT:4985935,5178139,5042482,5154990,4983439,5175378,5028350,5140780
RE42711,4984931,5177131,5037423,5150575
RE42712,4985063,5177195,5037619,5147766
RE42713,4985276,5177428,5036941,5148655
RE42714,4985191,5177346,5036123,5148259
RE42715,4984733,5177481,5035885,5147984
RE42716,4985198,5177589,5035127,5146700
RE42717,4985437,5177743,5035828,5146356
RE42718,4985524,5177657,5034113,5146149
RE42719,4985297,5177408,5032536,5144173
RE42720,4985205,5177565,5032654,5145555
RE42721,4985242,5177562,5031984,5145471
RE42722,4985321,5177267,5031051,5144000
RE42723,4985274,5177532,5029969,5143304
RE42724,4985108,5177123,5031502,5143452
RE42725,4985345,5177304,5031221,5141919
RE42726,4985206,5177103,5031690,5143706
RE42727,4985461,5177636,5030090,5143152
RE42728,4985380,5177283,5029476,5143281
ADC_LIMIT:4985935,5178139,5042482,5154990,4983439,5175378,5028350,5140780
RE42729,4985288,5177522,5028778,5142774
RE42730,4985097,5177458,5030513,5142586
RE42731,4985169,5177219,5030888,5145180
RE42732,4985391,5177358,5031423,5144564
RE42733,4984956,5177289,5031340,5144168
RE42734,4985451,5177389,5031639,5144474
RE42735,4985187,5177378,5033013,5144545
RE42736,4985496,5177295,5033659,5145437
RE42737,4985005,5177531,5032324,5146634
RE42738,4985569,5177359,5034394,5146007
RE42739,4985375,5177254,5034972,5148275
RE42740,4985393,5177660,5035784,5149320
RE42741,4985014,5177045,5037280,5148548
RE42742,4985120,5177172,5035512,5150213
RE42743,4985320,5177332,5037809,5150325
RE42744,4985397,5177256,5038562,5150702
RE42745,4985280,5177322,5037370,5151099
ADC_LIMIT:4985935,5178139,5042482,5154990,4983439,5175378,5028350,5140780
RE42746,4985426,5177357,5038511,5150817
RE42747,4984980,5176957,5038464,5151823
RE42748,4985246,5177313,5039762,5152099
RE42749,4985137,5177158,5039191,5152692
RE42750,4985142,5177204,5039859,5151644
RE42751,4985090,5177178,5038817,5150833
RE42752,4985628,5177185,5039198,5150569
RE42753,4985156,5177548,5039075,5152257
RE42754,4985223,5177223,5039222,5150893
RE42755,4985222,5177223,5037902,5151575
RE42756,4985124,5177207,5037542,5149810
RE42757,4985007,5177562,5037982,5149402
RE42758,4985245,5177544,5037833,5148987
RE42759,4985307,5177187,5036194,5148468
RE42760,4984855,5177081,5035749,5146924
RE42761,4985126,5177268,5034491,5147962
RE42762,4985125,5177547,5035075,5147809
RE42763,4985032,5177289,5034679,5145351
ADC_LIMIT:4985935,5178139,5042482,5154990,4983439,5175378,5028350,5140780
RE42764,4985026,5176943,5032717,5147271
RE42765,4985019,5176915,5034301,5145470
RE42766,4985186,5177341,5033181,5144439
RE42767,4985149,5177163,5031851,5145710
RE42768,4985038,5177448,5031845,5143923
RE42769,4985135,5177860,5032012,5143703
RE42770,4985198,5177555,5031280,5144913
RE42771,4985423,5177330,5032204,5144697
RE42772,4985325,5177180,5032631,5144234
RE42773,4985648,5177461,5031089,5143692
RE42774,4985164,5177521,5031714,5144401
RE42775,4985475,5177474,5032182,5144378
RE42776,4985417,5177130,5031669,5142259
RE42777,4985083,5177483,5032282,5143671
RE42778,4985029,5177369,5031265,5145434
RE42779,4985069,5176895,5031685,5145000
RE42780,4985115,5177392,5032911,5144060
RE42781,4985330,5177292,5033967,5145117
ADC_LIMIT:4985935,5178139,5042482,5154990,4983439,5175378,5028350,5140780
RE42782,4985210,5177422,5034916,5145634
RE42783,4985315,5177207,5032316,5146758
RE42784,4985087,5177186,5034171,5146057
RE42785,4985242,5177403,5034146,5147774
RE42786,4985104,5177438,5035760,5147276
RE42787,4985239,5177301,5035195,5147899
RE42788,4985167,5177491,5035486,5149432
RE42789,4985133,5177270,5036327,5148293
RE42790,4985095,5176975,5035996,5148674
RE42791,4985012,5177194,5036449,5148851
RE42792,4985339,5177561,5037507,5150100
RE42793,4985488,5177102,5039187,5149920
RE42794,4985113,5176815,5038931,5149331
RE42795,4984980,5177200,5037090,5150956
RE42796,4985009,5177247,5037698,5150442
RE42797,4985062,5177414,5038476,5151092
RE42798,4985031,5177222,5038081,5152258
ADC_LIMIT:4985935,5178139,5042482,5154990,4983439,5175378,5028350,5140780
RE42799,4984801,5177355,5038720,5149999
RE42800,4984924,5177093,5037845,5150266
RE42801,4984879,5177401,5038586,5149990
RE42802,4984923,5177289,5038617,5148786
RE42803,4985000,5177193,5036967,5149756
RE42804,4985047,5177109,5036357,5149079
RE42805,4985035,5177020,5036749,5148722
RE42806,4984893,5177073,5035883,5148157
RE42807,4985114,5176982,5035008,5148487
RE42808,4985146,5177552,5035625,5147341
RE42809,4984809,5177338,5034164,5147367
RE42810,4984968,5177262,5034182,5146618
RE42811,4984818,5177376,5033150,5145298
RE42812,4984955,5177192,5032978,5144448
RE42813,4984722,5176930,5031093,5144769
RE42814,4985251,5177156,5031678,5144375
RE42815,4985067,5177149,5029941,5143931
RE42816,4985109,5177364,5030757,5143300
ADC_LIMIT:4985935,5178139,5042482,5154990,4983439,5175378,5028350,5140780
RE42817,4985100,5177208,5030035,5143938
RE42818,4985264,5177553,5030268,5142870
RE42819,4985134,5177221,5030806,5144599
RE42820,4985199,5177708,5031695,5145206
RE42821,4985625,5177432,5030257,5142896
RE42822,4984630,5177274,5030569,5145259
RE42823,4985127,5177591,5031886,5144629
RE42824,4984869,5177317,5031102,5145152
RE42825,4985155,5177269,5033242,5145973
RE42826,4985099,5177423,5033614,5146916
RE42827,4985456,5177331,5032633,5146997
RE42828,4985226,5177140,5033632,5147351
RE42829,4985286,5177074,5034007,5148215
RE42830,4985429,5177087,5034913,5147747
RE42831,4984908,5177379,5035349,5148665
RE42832,4985047,5177672,5037087,5149072
RE42833,4984923,5177491,5037176,5150215
RE42834,4985051,5177766,5036992,5149504
ADC_LIMIT:4985935,5178139,5042482,5154990,4983439,5175378,5028350,5140780
RE42835,4985104,5177376,5037461,5150633
RE42836,4985264,5177495,5038863,5150538
RE42837,4984872,5177569,5038609,5152386
RE42838,4985230,5177549,5039874,5153010
RE42839,4985408,5177497,5039811,5150535
RE42840,4984964,5177265,5039566,5151926
RE42841,4985240,5177397,5038367,5152319
RE42842,4984810,5177482,5038732,5152195
RE42843,4985036,5177644,5038192,5152290
RE42844,4984907,5177846,5039169,5151162
RE42845,4985403,5177503,5037743,5149826
RE42846,4985218,5177185,5038579,5149139
RE42847,4985077,5177406,5038141,5150070
RE42848,4985190,5177418,5037429,5148529
RE42849,4984863,5177280,5035535,5147226
RE42850,4985173,5177519,5035975,5147902
RE42851,4985029,5177688,5035813,5146285
ADC_LIMIT:4985935,5178139,5042482,5154990,4983439,5175378,5028350,5140780
RE42852,4985236,5177536,5033616,5148527
RE42853,4985167,5177179,5032890,5145759
RE42854,4985215,5177594,5032669,5147905
RE42855,4985290,5177271,5032233,5143821
RE42856,4985135,5177355,5032698,5144176
RE42857,4985447,5177501,5033218,5144166
RE42858,4985265,5177419,5032362,5144582
RE42859,4985154,5177559,5031250,5144114
RE42860,4984919,5177237,5032313,5142161
RE42861,4985083,5177679,5028996,5143125
RE42862,4985164,5177487,5030018,5143691
RE42863,4985311,5177502,5030682,5142884
RE42864,4985278,5177195,5030475,5142980
RE42865,4985539,5177254,5030649,5142074
RE42866,4985392,5177232,5030321,5143153
RE42867,4985291,5177270,5031203,5142968
RE42868,4984992,5177098,5032257,5144300
RE42869,4984825,5177211,5031564,5145952
ADC_LIMIT:4985935,5178139,5042482,5154990,4983439,5175378,5028350,5140780
RE42870,4985243,5177626,5032631,5144531
RE42871,4985087,5177482,5033453,5145282
RE42872,4985130,5177417,5034101,5146417
RE42873,4985527,5177472,5032218,5146488
RE42874,4985262,5177678,5034178,5146690
RE42875,4985219,5177710,5035602,5146883
RE42876,4985325,5177494,5035939,5148403
RE42877,4985460,5177510,5035395,5148413
RE42878,4985157,5177897,5035904,5149253
RE42879,4985213,5177591,5036469,5148937
RE42880,4985140,5177201,5037285,5151259
RE42881,4985400,5177421,5038044,5149047
RE42882,4985327,5177477,5036035,5150797
RE42883,4985309,5177291,5038518,5150872
RE42884,4985445,5177695,5037827,5149836
RE42885,4985192,5177367,5037821,5150495
RE42886,4985327,5177563,5037624,5150514
RE42887,4985267,5177525,5038365,5149710
ADC_LIMIT:4985935,5178139,5042482,5154990,4983439,5175378,5028350,5140780
RE42888,4985327,5177295,5037793,5149415
RE42889,4985259,5177170,5037011,5148744
RE42890,4985218,5177810,5037045,5151649
RE42891,4984846,5177467,5037355,5149499
RE42892,4985124,5177422,5037647,5148026
RE42893,4985616,5177523,5036795,5148737
RE42894,4985371,5177402,5036170,5149159
RE42895,4985189,5177401,5036079,5148107
RE42896,4984744,5177869,5036595,5148722
RE42897,4985397,5177343,5036058,5148579
RE42898,4985111,5177429,5035856,5148277
RE42899,4985586,5177292,5035008,5147984
RE42900,4985350,5177171,5033678,5147079
RE42901,4985040,5177312,5034258,5145756
RE42902,4985107,5177462,5033642,5144886
RE42903,4985087,5177182,5032799,5146745
RE42904,4985074,5177523,5033009,5147441
ADC_LIMIT:4985935,5178139,5042482,5154990,4983439,5175378,5028350,5140780
RE42905,4985092,5177073,5033336,5146695
RE42906,4985410,5177498,5032190,5144869
RE42907,4985234,5177161,5032784,5144933
RE42908,4985135,5177353,5032778,5143233
RE42909,4985103,5177265,5032679,5143856
RE42910,4985033,5177534,5032148,5145421
RE42911,4985230,5177583,5032324,5144899
RE42912,4985349,5177729,5033461,5144564
RE42913,4985276,5177559,5033972,5144934
RE42914,4985455,5177340,5033021,5146061
RE42915,4985706,5177639,5032357,5145560
RE42916,4985546,5177623,5033607,5146322
RE42917,4985268,5177537,5033684,5146172
RE42918,4985098,5177346,5034125,5146978
RE42919,4985447,5177318,5034374,5146387
RE42920,4985437,5177437,5033718,5144739
RE42921,4985203,5177347,5036128,5147748
RE42922,4985389,5177528,5036611,5148283
ADC_LIMIT:4985935,5178139,5042482,5154990,4983439,5175378,5028350,5140780
RE42923,4985366,5177274,5036527,5148336
RE42924,4985471,5177095,5036298,5149709
RE42925,4985394,5177529,5037675,5149701
RE42926,4985478,5177594,5037271,5151611
RE42927,4985463,5177676,5037995,5150408
RE42928,4985009,5177203,5038587,5150135
RE42929,4984996,5177810,5037624,5151179
RE42930,4985004,5177431,5038855,5151254
RE42931,4985263,5177667,5038799,5151418
RE42932,4985215,5177309,5038176,5151041
RE42933,4984936,5177137,5037722,5152440
RE42934,4984775,5177206,5038531,5150758
RE42935,4984829,5176917,5037887,5149439
RE42936,4985049,5177026,5037085,5150373
RE42937,4984895,5177336,5037364,5150224
RE42938,4985185,5176997,5037995,5149840
RE42939,4985162,5177302,5035373,5149675
RE42940,4984938,5177060,5036452,5148257
ADC_LIMIT:4985935,5178139,5042482,5154990,4983439,5175378,5028350,5140780
RE42941,4984790,5177291,5037156,5147716
RE42942,4984890,5177378,5035532,5148433
RE42943,4985214,5177129,5034878,5147355
RE42944,4985028,5176620,5034334,5147467
RE42945,4985057,5177408,5033397,5145241
RE42946,4985106,5177593,5033176,5144469
RE42947,4985016,5177142,5033934,5144909
RE42948,4985158,5177438,5032639,5143657
RE42949,4985177,5177664,5031668,5143379
RE42950,4985115,5177552,5031613,5142877
RE42951,4985122,5177538,5031627,5143132
RE42952,4985220,5177365,5030219,5142334
RE42953,4985118,5177197,5030535,5143386
RE42954,4985129,5177081,5029852,5143389
RE42955,4985328,5177375,5029491,5141950
RE42956,4985324,5177205,5030329,5142919
RE42957,4985293,5177506,5030734,5142502
ADC_LIMIT:4985935,5178139,5042482,5154990,4983439,5175378,5028350,5140780
RE42958,4985098,5176941,5031009,5143625
RE42959,4984696,5177342,5031242,5145068
RE42960,4985212,5177237,5031941,5145036
RE42961,4985383,5177552,5032378,5144390
RE42962,4985450,5177668,5034456,5145395
RE42963,4985327,5177551,5033673,5148374
RE42964,4985483,5177610,5034573,5147521
RE42965,4985371,5177664,5035083,5147024
RE42966,4985175,5177610,5034378,5149172
RE42967,4985040,5177588,5036257,5148364
RE42968,4985232,5177116,5036266,5148945
RE42969,4985115,5177270,5038313,5149474
RE42970,4985193,5177249,5035734,5150269
RE42971,4984780,5177356,5038744,5151296
RE42972,4985338,5177153,5039064,5151143
RE42973,4985089,5177445,5039045,5150463
RE42974,4985119,5177552,5038491,5151302
RE42975,4985362,5177570,5039982,5152224
ADC_LIMIT:4985935,5178139,5042482,5154990,4983439,5175378,5028350,5140780
RE42976,4985323,5177444,5039987,5151481
RE42977,4984963,5177409,5038654,5151624
RE42978,4985072,5177069,5039662,5150681
RE42979,4984960,5177250,5039568,5150990
RE42980,4985160,5177379,5040542,5151743
RE42981,4985182,5177469,5037472,5151344
RE42982,4984925,5177510,5037959,5149587
RE42983,4985037,5177196,5036881,5150480
RE42984,4984739,5177308,5036055,5150389
RE42985,4984999,5177133,5036855,5148533
RE42986,4985178,5177343,5036395,5149314
RE42987,4985049,5177346,5035289,5147787
RE42988,4985109,5177531,5034728,5146084
RE42989,4985587,5177232,5033369,5147005
RE42990,4985049,5177264,5033345,5147006
RE42991,4985271,5177220,5034708,5145434
RE42992,4985218,5177282,5031747,5146136
RE42993,4985119,5177517,5032721,5144268
ADC_LIMIT:4985935,5178139,5042482,5154990,4983439,5175378,5028350,5140780
RE42994,4985023,5177338,5032988,5145211
RE42995,4985258,5177434,5031869,5145845
RE42996,4985136,5177078,5032120,5144846
RE42997,4985116,5177311,5032386,5144374
RE42998,4985121,5177409,5031759,5145661
RE42999,4985152,5177282,5030938,5144937
RE43000,4985032,5177301,5032025,5144479
RE43001,4985242,5177613,5031977,5143707
RE43002,4985155,5177411,5031760,5145224
RE43003,4985288,5176955,5031406,5144354
RE43004,4985144,5177499,5032746,5145568
RE43005,4985167,5177817,5032369,5142350
RE43006,4985335,5177376,5032268,5145439
RE43007,4985150,5177418,5034371,5144615
RE43008,4985091,5177464,5032103,5145042
RE43009,4985220,5177457,5033069,5146564
RE43010,4985147,5177654,5034939,5145774
ADC_LIMIT:4985935,5178139,5042482,5154990,4983439,5175378,5028350,5140780
RE43011,4985407,5177638,5033900,5145006
RE43012,4985309,5177590,5035490,5147778
RE43013,4985037,5177417,5034992,5148137
RE43014,4985278,5177179,5034575,5148580
RE43015,4985081,5177444,5035417,5148283
RE43016,4985565,5177488,5036055,5149457
RE43017,4985281,5177410,5036193,5148731
RE43018,4985012,5177483,5036422,5148973
RE43019,4984987,5177457,5037899,5151144
RE43020,4985098,5177217,5037496,5150796
RE43021,4985004,5177432,5036923,5151075
RE43022,4985338,5177394,5039920,5150005
RE43023,4984996,5177429,5037938,5150963
RE43024,4985218,5177474,5038811,5150340
RE43025,4985131,5177362,5038608,5150730
RE43026,4985093,5177460,5038134,5150578
RE43027,4985307,5177418,5037184,5150797
RE43028,4985064,5177572,5039160,5151254
ADC_LIMIT:4985935,5178139,5042482,5154990,4983439,5175378,5028350,5140780
RE43029,4985107,5177306,5037744,5150388
RE43030,4985481,5177680,5038156,5148041
RE43031,4985200,5177587,5034595,5147602
RE43032,4984976,5177216,5035841,5146964
RE43033,4984923,5177672,5034307,5148974
RE43034,4985281,5176988,5034679,5146906
RE43035,4984941,5177145,5035012,5146174
RE43036,4985093,5177624,5032409,5145668
RE43037,4985158,5177505,5030768,5146412
RE43038,4985794,5177491,5032944,5145070
RE43039,4985146,5177170,5031919,5144712
RE43040,4985447,5177483,5030323,5143585
RE43041,4985028,5177554,5030540,5143534
RE43042,4985356,5177384,5029489,5143831
RE43043,4985459,5177214,5030072,5144108
RE43044,4985166,5177549,5030787,5144594
RE43045,4985198,5177343,5030930,5142901
RE43046,4985040,5177100,5030199,5143914
ADC_LIMIT:4985935,5178139,5042482,5154990,4983439,5175378,5028350,5140780
RE43047,4985272,5177552,5030671,5143613
RE43048,4984982,5177574,5031423,5143812
RE43049,4985220,5177135,5029674,5143818
RE43050,4985306,5177354,5031458,5145624
RE43051,4985352,5177094,5030863,5145651
RE43052,4985222,5177557,5031199,5145522
RE43053,4985429,5177474,5033680,5147093
RE43054,4985376,5177338,5033279,5145748
RE43055,4985142,5177431,5033759,5147063
RE43056,4985404,5177811,5035018,5149000
RE43057,4985572,5177397,5035516,5148842
RE43058,4985383,5177258,5035791,5149663
RE43059,4985565,5177087,5037198,5149921
RE43060,4985352,5177298,5037695,5150419
RE43061,4985062,5177413,5038423,5152332
RE43062,4985357,5177055,5038298,5151941
RE43063,4985336,5177307,5037326,5152264
ADC_LIMIT:4985935,5178139,5042482,5154990,4983439,5175378,5028350,5140780
RE43064,4985247,5177392,5039701,5151880
RE43065,4985043,5177298,5037080,5151104
RE43066,4985323,5177369,5038330,5151483
RE43067,4985201,5177381,5039751,5152009
RE43068,4985534,5177594,5039535,5150198
RE43069,4985498,5177306,5039708,5149843
RE43070,4985270,5177356,5039162,5151182
RE43071,4985078,5177110,5037985,5150983
RE43072,4984791,5177197,5038473,5149665
RE43073,4985002,5177464,5038133,5148510
RE43074,4985081,5177392,5038162,5149103
RE43075,4985132,5177203,5036491,5148624
RE43076,4984838,5177055,5035152,5146793
RE43077,4985198,5177162,5035907,5148574
RE43078,4985191,5177204,5034973,5146341
RE43079,4985348,5177220,5033157,5145748
RE43080,4985277,5177327,5032592,5145270
RE43081,4985409,5177645,5032403,5143857
ADC_LIMIT:4985935,5178139,5042482,5154990,4983439,5175378,5028350,5140780
RE43082,4985331,5177698,5032349,5146355
RE43083,4985370,5177540,5032130,5143857
RE43084,4985232,5177323,5031668,5144281
RE43085,4985342,5177593,5031172,5144632
RE43086,4985412,5177406,5031504,5144108
RE43087,4985330,5177459,5029760,5143495
RE43088,4985370,5177536,5029423,5142469
RE43089,4985112,5177482,5030463,5144491
RE43090,4985345,5177408,5030936,5142876
RE43091,4985259,5177300,5031872,5143502
RE43092,4985300,5177209,5030427,5142426
RE43093,4985308,5177310,5030425,5144599
RE43094,4985170,5176942,5030976,5143361
RE43095,4985220,5177109,5032349,5144905
RE43096,4985228,5177333,5032351,5145437
RE43097,4985537,5177302,5033628,5145211
RE43098,4985042,5177420,5034195,5145362
RE43099,4985127,5177181,5034583,5148194
ADC_LIMIT:4985935,5178139,5042482,5154990,4983439,5175378,5028350,5140780
RE43100,4985483,5177125,5035408,5145633
RE43101,4985296,5177515,5033958,5147049
RE43102,4985391,5177285,5035097,5148049
RE43103,4985412,5177534,5035818,5148195
RE43104,4985408,5177395,5035514,5147482
RE43105,4985462,5177358,5039420,5147786
RE43106,4985082,5177200,5036628,5148570
RE43107,4985208,5177323,5036338,5148938
RE43108,4985028,5177524,5036988,5149662
RE43109,4985521,5177306,5037432,5150021
RE43110,4985131,5177266,5037209,5149370
RE43111,4985398,5177235,5038975,5150387
RE43112,4985354,5177428,5039702,5150777
RE43113,4985325,5177463,5038640,5150419
RE43114,4984985,5177373,5038815,5148866
RE43115,4985224,5177623,5038193,5149281
RE43116,4985390,5177446,5035533,5149577
ADC_LIMIT:4985935,5178139,5042482,5154990,4983439,5175378,5028350,5140780
RE43117,4985237,5177303,5036169,5149139
RE43118,4985611,5177268,5036844,5150118
RE43119,4985225,5177405,5036894,5149301
RE43120,4985158,5177412,5037359,5148248
RE43121,4985467,5177371,5035859,5148931
RE43122,4985337,5177443,5033638,5147201
RE43123,4985282,5177577,5034631,5148470
RE43124,4985047,5177763,5035929,5149086
RE43125,4985589,5177560,5034802,5147908
RE43126,4985564,5177462,5034540,5147674
RE43127,4985251,5177403,5034768,5146069
RE43128,4984955,5177263,5033774,5146665
RE43129,4985558,5177327,5033642,5146667
RE43130,4985505,5177430,5033267,5144812
RE43131,4985528,5177436,5031388,5145916
RE43132,4985500,5177512,5031929,5144924
RE43133,4985463,5177486,5031965,5142952
RE43134,4985462,5177457,5034000,5145280
ADC_LIMIT:4985935,5178139,5042482,5154990,4983439,5175378,5028350,5140780
RE43135,4985412,5177477,5032369,5145541
RE43136,4985448,5177437,5031961,5146481
RE43137,4985406,5177343,5031749,5143568
RE43138,4985451,5177380,5031924,5145331
RE43139,4985712,5177479,5030898,5143096
RE43140,4985080,5177447,5031523,5143685
RE43141,4985274,5177402,5032621,5144490
RE43142,4985280,5177600,5033392,5145752
RE43143,4985561,5177621,5032668,5145867
RE43144,4985156,5177896,5033133,5147094
RE43145,4985286,5177901,5032726,5145858
RE43146,4985436,5177345,5034387,5146813
RE43147,4985366,5177181,5035280,5147378
RE43148,4985225,5177251,5036466,5147936
RE43149,4985308,5177395,5035575,5147752
RE43150,4985404,5177613,5036686,5149094
RE43151,4985376,5177387,5035175,5150042
RE43152,4985174,5177414,5036162,5148655
ADC_LIMIT:4985935,5178139,5042482,5154990,4983439,5175378,5028350,5140780
RE43153,4985487,5177576,5036711,5150415
RE43154,4985284,5177648,5037003,5150468
RE43155,4985461,5177471,5038066,5151436
RE43156,4985330,5177671,5038716,5150760
RE43157,4985174,5177416,5038454,5151358
RE43158,4985092,5177121,5039068,5150176
RE43159,4985369,5177166,5039404,5150037
RE43160,4985220,5177571,5038304,5149894
RE43161,4985151,5177224,5038032,5150032
RE43162,4985391,5177673,5038447,5150837
RE43163,4985444,5177408,5037129,5149911
RE43164,4985140,5177196,5036984,5150013
RE43165,4985433,5177325,5036990,5148128
RE43166,4985318,5177169,5036057,5148926
RE43167,4985368,5177395,5035317,5148111
RE43168,4985483,5177487,5035958,5148716
RE43169,4985406,5177357,5034736,5146141
ADC_LIMIT:4985935,5178139,5042482,5154990,4983439,5175378,5028350,5140780
RE43170,4985466,5177569,5035264,5146316
RE43171,4985186,5176923,5033043,5145710
RE43172,4984942,5177271,5033415,5145129
RE43173,4985060,5177294,5032053,5145526
RE43174,4985042,5177338,5031798,5143985
RE43175,4985376,5177402,5030659,5142739
RE43176,4985479,5177426,5031369,5144282
RE43177,4985419,5177441,5031096,5143433
RE43178,4985481,5177579,5030854,5143010
RE43179,4985369,5177403,5030312,5142521
RE43180,4985339,5177476,5029988,5142887
RE43181,4985304,5177322,5030194,5141862
RE43182,4985625,5177337,5030323,5143156
RE43183,4985576,5177555,5030253,5143707
RE43184,4985334,5177552,5030900,5142649
RE43185,4985593,5177360,5032778,5144191
RE43186,4985351,5177875,5032595,5143645
RE43187,4985271,5177351,5031878,5144109
ADC_LIMIT:4985935,5178139,5042482,5154990,4983439,5175378,5028350,5140780
RE43188,4985298,5177371,5033159,5144762
RE43189,4985581,5177334,5033506,5145782
RE43190,4985365,5177653,5034234,5145413
RE43191,4985530,5177390,5033379,5146955
RE43192,4985378,5177417,5035315,5149741
RE43193,4985413,5177399,5035068,5149379
RE43194,4985118,5177275,5036253,5149134
RE43195,4985563,5177540,5036209,5149685
RE43196,4985422,5177514,5037991,5149560
RE43197,4985396,5177641,5037269,5151532
RE43198,4985480,5177433,5038763,5152223
RE43199,4985406,5177263,5037792,5150615
RE43200,4985267,5176903,5038865,5150857
RE43201,4985103,5177206,5039284,5150293
RE43202,4985213,5177653,5037953,5151526
RE43203,4985134,5177556,5039129,5151889
RE43204,4985146,5177526,5039593,5152022
RE43205,4985569,5177177,5038607,5150830
ADC_LIMIT:4985935,5178139,5042482,5154990,4983439,5175378,5028350,5140780
RE43206,4985285,5177681,5038256,5151383
RE43207,4985101,5177538,5038555,5151269
RE43208,4985327,5177531,5037646,5149789
RE43209,4984874,5177396,5037628,5150153
RE43210,4984999,5177352,5037145,5149237
RE43211,4985353,5177668,5036122,5148236
RE43212,4985543,5177466,5034703,5147156
RE43213,4985233,5177504,5036468,5147814
RE43214,4985248,5177169,5035185,5147922
RE43215,4985386,5177168,5033641,5147862
RE43216,4984923,5177300,5034316,5145880
RE43217,4984666,5177182,5033309,5145645
RE43218,4985096,5176897,5031954,5146329
RE43219,4985145,5177051,5032501,5145422
RE43220,4984724,5177280,5031487,5146016
RE43221,4984858,5177006,5031889,5143572
RE43222,4984848,5177282,5032383,5144733
ADC_LIMIT:4985935,5178139,5042482,5154990,4983439,5175378,5028350,5140780
RE43223,4985331,5177383,5031797,5144156
RE43224,4985197,5177513,5031343,5144744
RE43225,4985086,5177394,5031776,5145079
RE43226,4985411,5177284,5031040,5143022
RE43227,4985313,5177695,5031005,5143359
RE43228,4985338,5177392,5033196,5143574
RE43229,4985212,5177672,5031547,5146127
RE43230,4984947,5177532,5032320,5145027
RE43231,4985328,5177399,5031342,5145064
RE43232,4985149,5177590,5031738,5145266
RE43233,4984989,5177229,5034029,5145607
RE43234,4985186,5177288,5033444,5146709
RE43235,4985449,5177482,5033307,5146897
RE43236,4985244,5177309,5032198,5145989
RE43237,4985136,5177772,5033709,5149057
RE43238,4985361,5177297,5035143,5148542
RE43239,4985467,5177618,5033573,5145914
RE43240,4985159,5177829,5035839,5147264
ADC_LIMIT:4985935,5178139,5042482,5154990,4983439,5175378,5028350,5140780
RE43241,4985306,5177205,5035397,5147264
RE43242,4985322,5177725,5036110,5149124
RE43243,4985214,5177492,5036695,5149537
RE43244,4985285,5177667,5037326,5149907
RE43245,4985175,5177427,5037144,5148945
RE43246,4984986,5177351,5037586,5150634
RE43247,4985051,5177404,5038681,5149570
RE43248,4985146,5177350,5037655,5150619
RE43249,4985234,5177531,5038475,5150777
RE43250,4985111,5177469,5037910,5149807
RE43251,4985312,5177503,5037129,5150502
RE43252,4985389,5177530,5036910,5149533
RE43253,4985061,5177370,5036969,5150272
RE43254,4985002,5177110,5038444,5151082
RE43255,4985247,5177471,5036762,5150074
RE43256,4985211,5177125,5036001,5148965
RE43257,4985001,5177561,5036815,5147367
RE43258,4985086,5177256,5036927,5147477
ADC_LIMIT:4985935,5178139,5042482,5154990,4983439,5175378,5028350,5140780
RE43259,4984891,5177178,5037046,5144797
RE43260,4985248,5177427,5033597,5147929
RE43261,4984988,5177300,5034891,5145236
RE43262,4985018,5177469,5033824,5146153
RE43263,4985361,5177586,5035276,5145532
RE43264,4985330,5177411,5032488,5144900
RE43265,4985166,5177860,5032138,5144026
RE43266,4985224,5177273,5033271,5143669
RE43267,4985242,5177709,5031001,5143567
RE43268,4985375,5177830,5030985,5144987
RE43269,4985545,5177706,5030862,5144369
RE43270,4985532,5177409,5031236,5143569
RE43271,4985497,5177683,5031163,5142538
RE43272,4985278,5177403,5030326,5143372
RE43273,4985283,5177798,5032390,5144088
RE43274,4985555,5177925,5031315,5143852
RE43275,4985230,5177646,5030771,5143841
ADC_LIMIT:4985935,5178139,5042482,5154990,4983439,5175378,5028350,5140780
RE43276,4985285,5177381,5032052,5145474
RE43277,4985482,5177607,5032663,5144497
RE43278,4985543,5177446,5032784,5145462
RE43279,4985446,5177539,5033488,5147549
RE43280,4985439,5177880,5036657,5147578
RE43281,4985387,5177643,5035171,5149070
RE43282,4985308,5177554,5035811,5147650
RE43283,4985493,5177512,5036161,5147994
RE43284,4985375,5177272,5035687,5149414
RE43285,4985087,5177387,5037331,5149460
RE43286,4985280,5177249,5038575,5150569
RE43287,4985012,5177301,5037923,5151017
RE43288,4985074,5177445,5037963,5150303
RE43289,4985294,5177158,5037624,5150940
RE43290,4984974,5177398,5038975,5151407
RE43291,4985242,5177411,5039825,5150916
RE43292,4985359,5177853,5039585,5151326
RE43293,4985129,5177460,5038486,5150928
ADC_LIMIT:4985935,5178139,5042482,5154990,4983439,5175378,5028350,5140780
RE43294,4985084,5177672,5038342,5151590
RE43295,4985122,5177484,5039232,5151817
RE43296,4985373,5177679,5039319,5150184
RE43297,4985391,5177431,5038873,5150313
RE43298,4985088,5177613,5037318,5148677
RE43299,4985006,5177316,5037693,5149336
RE43300,4985252,5177571,5037177,5148667
RE43301,4985151,5177393,5036202,5148452
RE43302,4985372,5177743,5034323,5147273
RE43303,4985368,5177125,5034865,5147048
RE43304,4985450,5177566,5034942,5145667
RE43305,4985219,5177153,5033170,5145740
RE43306,4985335,5177288,5033854,5145551
RE43307,4985461,5177555,5032429,5143901
RE43308,4985203,5177696,5031589,5144702
RE43309,4985443,5177462,5030817,5143391
RE43310,4985139,5177391,5030619,5144958
RE43311,4985482,5177552,5030549,5143235
ADC_LIMIT:4985935,5178139,5042482,5154990,4983439,5175378,5028350,5140780
RE43312,4985168,5177514,5031565,5143587
RE43313,4985656,5177450,5030332,5141998
RE43314,4985373,5177194,5031195,5141876
RE43315,4985244,5177499,5031151,5143145
RE43316,4985196,5177632,5029961,5143273
RE43317,4985432,5177427,5030735,5142916
RE43318,4985273,5177421,5031178,5143122
RE43319,4985182,5177222,5031064,5144923
RE43320,4985621,5177266,5030424,5145501
RE43321,4985153,5177472,5031455,5145185
RE43322,4985163,5177743,5032097,5144711
RE43323,4985467,5177083,5033838,5145386
RE43324,4985560,5177566,5033405,5147489
RE43325,4985545,5177561,5034285,5146936
RE43326,4985351,5177342,5033739,5148431
RE43327,4985432,5177309,5034306,5147388
RE43328,4985128,5177577,5034305,5149270
ADC_LIMIT:4985935,5178139,5042482,5154990,4983439,5175378,5028350,5140780
RE43329,4985494,5177349,5036379,5148996
RE43330,4985048,5177265,5036096,5149155
RE43331,4985423,5177170,5036612,5148569
RE43332,4985559,5177523,5035908,5149120
RE43333,4985229,5177390,5036912,5151226
RE43334,4985052,5177420,5037060,5150199
RE43335,4985355,5177491,5035972,5149568
RE43336,4985438,5177258,5036586,5149828
RE43337,4985235,5177624,5037204,5150499
RE43338,4985362,5177883,5037238,5151249
RE43339,4985387,5177663,5037385,5151463
RE43340,4985431,5177340,5036162,5149860
RE43341,4985172,5177172,5038566,5149803
RE43342,4985216,5177465,5037536,5150332
RE43343,4985345,5177179,5036268,5149745
RE43344,4985042,5177184,5037494,5148856
RE43345,4985314,5177547,5037882,5148713
RE43346,4985169,5177597,5034830,5149403
ADC_LIMIT:4985935,5178139,5042482,5154990,4983439,5175378,5028350,5140780
RE43347,4985223,5177675,5036086,5147778
RE43348,4985299,5177479,5035989,5148493
RE43349,4985063,5177224,5035811,5148847
RE43350,4985325,5177249,5034807,5148270
RE43351,4985162,5177096,5034671,5147074
RE43352,4985358,5177319,5034447,5146617
RE43353,4985264,5177462,5033961,5146070
RE43354,4985334,5177683,5033591,5144766
RE43355,4984986,5177173,5032437,5145793
RE43356,4985116,5177299,5032889,5144679
RE43357,4984795,5177023,5031862,5144932
RE43358,4985219,5176836,5030793,5144271
RE43359,4985106,5176769,5030866,5144216
RE43360,4985398,5177219,5031184,5145687
RE43361,4985159,5177118,5031235,5143444
RE43362,4985150,5177118,5030966,5144417
RE43363,4985117,5177199,5031999,5143788
RE43364,4985383,5177151,5031188,5145214
ADC_LIMIT:4985935,5178139,5042482,5154990,4983439,5175378,5028350,5140780
RE43365,4985330,5177399,5032681,5144738
RE43366,4985688,5177479,5030743,5146328
RE43367,4985722,5177511,5032892,5146060
RE43368,4985497,5177590,5033142,5144702
RE43369,4985563,5177432,5032774,5145046
RE43370,4985271,5177540,5034616,5145306
RE43371,4985186,5177477,5033063,5146394
RE43372,4985602,5177548,5034045,5146250
RE43373,4985526,5177580,5034547,5147909
RE43374,4985684,5177361,5035174,5148795
RE43375,4985120,5177156,5035113,5148466
RE43376,4985199,5177248,5036673,5148816
RE43377,4985140,5177432,5036991,5148325
RE43378,4985710,5177468,5036814,5149633
RE43379,4985337,5177546,5037902,5150312
RE43380,4985194,5177511,5038203,5151224
RE43381,4985277,5177384,5037909,5150115
ADC_LIMIT:4985935,5178139,5042482,5154990,4983439,5175378,5028350,5140780
RE43382,4985356,5177664,5037573,5150245
RE43383,4985210,5177530,5036533,5151184
RE43384,4985182,5177181,5039258,5150483
RE43385,4985382,5177055,5036914,5151242
RE43386,4985118,5177015,5038232,5150404
RE43387,4985124,5177345,5037593,5150299
RE43388,4985291,5177450,5037353,5149165
RE43389,4985011,5177200,5037286,5149181
RE43390,4984794,5177080,5036224,5148960
RE43391,4984979,5177477,5035625,5149112
RE43392,4984840,5177337,5036310,5148139
RE43393,4984743,5177180,5035760,5146502
RE43394,4985209,5177079,5035056,5147275
RE43395,4985083,5177310,5034803,5146986
RE43396,4985297,5177102,5033622,5145526
RE43397,4985008,5177302,5033901,5145391
RE43398,4985211,5177198,5032446,5143788
RE43399,4985203,5177017,5031104,5143045
ADC_LIMIT:4985935,5178139,5042482,5154990,4983439,5175378,5028350,5140780
RE43400,4985039,5176941,5031250,5143170
RE43401,4985006,5177008,5030009,5144669
RE43402,4985337,5177442,5030221,5143985
RE43403,4985412,5177455,5030520,5142878
RE43404,4985318,5177060,5029206,5142167
RE43405,4985115,5177316,5030981,5142713
RE43406,4985328,5177545,5029843,5142232
RE43407,4985440,5177440,5029975,5142110
RE43408,4985769,5177219,5029877,5142322
RE43409,4985577,5177382,5031236,5144501
RE43410,4985112,5177137,5030438,5143160
RE43411,4985162,5177316,5031573,5144256
RE43412,4985477,5177242,5031475,5143288
RE43413,4984990,5177275,5031331,5146812
RE43414,4985437,5177633,5032972,5147071
RE43415,4985388,5177547,5034160,5147119
RE43416,4985064,5177418,5033960,5147411
RE43417,4985327,5177386,5033983,5148546
ADC_LIMIT:4985935,5178139,5042482,5154990,4983439,5175378,5028350,5140780
RE43418,4985311,5177381,5034556,5149463
RE43419,4985234,5177333,5036491,5149961
RE43420,4984981,5177060,5037653,5148487
RE43421,4985170,5177329,5037294,5149305
RE43422,4984802,5177530,5038226,5151698
RE43423,4985354,5177522,5039867,5150014
RE43424,4985206,5177398,5038476,5151845
RE43425,4985031,5177180,5038942,5150952
RE43426,4984889,5177393,5038435,5151740
RE43427,4985223,5176976,5038996,5151299
RE43428,4985045,5177456,5038977,5151236
RE43429,4984766,5176915,5038528,5151273
RE43430,4985111,5177172,5039861,5151674
RE43431,4985630,5177780,5039128,5151802
RE43432,4985350,5177452,5037302,5150842
RE43433,4985073,5177415,5038161,5150140
RE43434,4985054,5177326,5037275,5150001
ADC_LIMIT:4985935,5178139,5042482,5154990,4983439,5175378,5028350,5140780
RE43435,4984967,5177347,5036458,5149103
RE43436,4985186,5177508,5037778,5148099
RE43437,4985015,5177446,5035679,5147494
RE43438,4984957,5177600,5034865,5147265
RE43439,4985018,5177269,5034922,5146196
RE43440,4985009,5177566,5034263,5146409
RE43441,4985063,5177460,5034222,5145671
RE43442,4985325,5177542,5032900,5146438
RE43443,4985260,5177331,5033489,5146027
RE43444,4985072,5177205,5033063,5144655
RE43445,4984877,5177091,5032068,5144677
RE43446,4985288,5177232,5031959,5143679
RE43447,4984927,5177413,5030342,5144272
RE43448,4984943,5177316,5033408,5143857
RE43449,4984974,5177325,5032287,5142904
RE43450,4985456,5177373,5029743,5143804
RE43451,4985298,5177606,5031850,5143641
RE43452,4985119,5177632,5030803,5143766
ADC_LIMIT:4985935,5178139,5042482,5154990,4983439,5175378,5028350,5140780
RE43453,4985511,5177500,5032235,5144481
RE43454,4985046,5177571,5031774,5144677
RE43455,4985123,5177540,5033640,5144829
RE43456,4985001,5177723,5032752,5144037
RE43457,4985629,5178038,5032436,5145606
RE43458,4985265,5177456,5033252,5146184
RE43459,4985456,5177663,5033788,5145923
RE43460,4985144,5177679,5032941,5146581
RE43461,4985329,5177835,5034261,5145852
RE43462,4985624,5177637,5034305,5147280
RE43463,4985310,5177536,5035920,5148011
RE43464,4985602,5177337,5033910,5149300
RE43465,4985464,5177335,5036050,5148365
RE43466,4985569,5177518,5036833,5148981
RE43467,4985361,5177497,5037488,5149023
RE43468,4984969,5177077,5036410,5148240
RE43469,4984771,5177513,5035614,5150365
RE43470,4985153,5177535,5037523,5152214
ADC_LIMIT:4985935,5178139,5042482,5154990,4983439,5175378,5028350,5140780
RE43471,4985088,5177136,5037431,5150009
RE43472,4984870,5177258,5037108,5150111
RE43473,4985145,5177082,5038433,5151209
RE43474,4985089,5177270,5037546,5150610
RE43475,4985166,5177398,5036053,5150108
RE43476,4984907,5177586,5037712,5150060
RE43477,4984980,5177691,5038868,5151390
RE43478,4984940,5177263,5037037,5150418
RE43479,4984858,5177474,5037128,5150408
RE43480,4984862,5177360,5037166,5149135
RE43481,4985083,5176935,5036868,5148673
RE43482,4984946,5177003,5034349,5149841
RE43483,4984811,5177294,5034421,5146878
RE43484,4985276,5177508,5034373,5146754
RE43485,4985045,5177535,5034279,5146570
RE43486,4985064,5177220,5034711,5146887
RE43487,4985294,5177065,5032630,5145836
ADC_LIMIT:4985935,5178139,5042482,5154990,4983439,5175378,5028350,5140780
RE43488,4985227,5177611,5033566,5144865
RE43489,4985297,5177207,5031167,5145734
RE43490,4985087,5177392,5030024,5144867
RE43491,4984974,5177366,5030542,5144807
RE43492,4985127,5177417,5030159,5143204
RE43493,4985242,5177315,5031469,5143612
RE43494,4985403,5177264,5030137,5142340
RE43495,4985230,5177452,5031621,5143944
RE43496,4985504,5177116,5029660,5143191
RE43497,4985306,5177665,5030776,5143649
RE43498,4985253,5177519,5029937,5144515
RE43499,4984999,5177096,5030520,5143297
RE43500,4985069,5177252,5030904,5144161
RE43501,4985137,5177391,5031541,5144305
RE43502,4985168,5177237,5031701,5145006
RE43503,4985161,5177144,5033288,5145010
RE43504,4985226,5177347,5034203,5146179
RE43505,4985153,5177345,5032700,5146866
ADC_LIMIT:4985935,5178139,5042482,5154990,4983439,5175378,5028350,5140780
RE43506,4985155,5177387,5034386,5146943
RE43507,4985161,5177608,5035393,5148632
RE43508,4985208,5177422,5035808,5148782
RE43509,4985387,5177081,5036949,5149449
RE43510,4985228,5177137,5036899,5149757
RE43511,4985202,5177436,5036668,5149424
RE43512,4984905,5177433,5037978,5150679
RE43513,4985004,5177320,5038049,5150950
RE43514,4985280,5177502,5039572,5151871
RE43515,4985279,5177362,5038462,5151854
RE43516,4985277,5177169,5039173,5151995
RE43517,4985012,5177331,5039470,5149928
RE43518,4985220,5177163,5039363,5151916
RE43519,4985296,5177406,5038881,5151419
RE43520,4985042,5176933,5039009,5150009
RE43521,4985024,5177318,5039052,5150571
RE43522,4985217,5177454,5037957,5149682
RE43523,4985121,5177290,5036912,5149902
ADC_LIMIT:4985935,5178139,5042482,5154990,4983439,5175378,5028350,5140780
RE43524,4985385,5177652,5037418,5148898
RE43525,4985266,5177576,5036701,5149458
RE43526,4984865,5177442,5036700,5147002
RE43527,4985043,5177516,5035444,5146430
RE43528,4984988,5177138,5034416,5146499
RE43529,4985179,5177384,5033454,5146513
RE43530,4985212,5177332,5033069,5146328
RE43531,4985130,5177339,5032355,5144044
RE43532,4985431,5177372,5033329,5144093
RE43533,4985224,5177080,5030890,5143699
RE43534,4985266,5177141,5031970,5143346
RE43535,4985316,5177224,5030586,5143542
RE43536,4985267,5177557,5030545,5144027
RE43537,4985223,5177466,5029514,5143894
RE43538,4985081,5177533,5030497,5144148
RE43539,4985197,5177297,5030769,5141939
RE43540,4985061,5177637,5030859,5143595
ADC_LIMIT:4985935,5178139,5042482,5154990,4983439,5175378,5028350,5140780
RE43541,4985015,5177336,5030146,5144532
RE43542,4985188,5177461,5032451,5144715
RE43543,4985104,5177266,5031998,5144397
RE43544,4984887,5177172,5031832,5143900
RE43545,4985376,5177432,5032319,5145922
RE43546,4985361,5177548,5031910,5146076
RE43547,4985439,5177416,5031831,5144899
RE43548,4985285,5177292,5032771,5146170
RE43549,4985215,5177385,5034348,5145976
RE43550,4984985,5177239,5034877,5146853
RE43551,4985265,5177413,5035046,5148108
RE43552,4985450,5177598,5035365,5146983
RE43553,4985527,5177455,5035449,5148054
RE43554,4985461,5177619,5035324,5148844
RE43555,4985538,5177963,5034785,5147984
RE43556,4985291,5177707,5035849,5149669
RE43557,4985141,5177263,5036080,5150866
RE43558,4985397,5177453,5036828,5149221
ADC_LIMIT:4985935,5178139,5042482,5154990,4983439,5175378,5028350,5140780
RE43559,4985311,5177361,5038233,5150819
RE43560,4985702,5177502,5037826,5150053
RE43561,4985288,5177264,5036203,5150605
RE43562,4985052,5177435,5037970,5150639
RE43563,4985001,5177392,5037303,5152422
RE43564,4985400,5177217,5037150,5150023
RE43565,4984924,5177575,5038027,5149277
RE43566,4985246,5177514,5037141,5148986
RE43567,4984977,5176946,5037088,5149130
RE43568,4985233,5177350,5037059,5148233
RE43569,4985038,5177079,5036392,5148045
RE43570,4984908,5177110,5037455,5148302
RE43571,4985311,5177517,5036094,5146978
RE43572,4985210,5177532,5036012,5147603
RE43573,4985225,5177312,5034541,5147777
RE43574,4985288,5177415,5034925,5147452
RE43575,4985216,5177930,5034740,5148401
RE43576,4985248,5177125,5035611,5146128
ADC_LIMIT:4985935,5178139,5042482,5154990,4983439,5175378,5028350,5140780
RE43577,4985046,5177625,5034720,5146913
RE43578,4985011,5177581,5033689,5146760
RE43579,4985175,5177468,5033671,5146178
RE43580,4985568,5177474,5031965,5146682
RE43581,4985213,5177694,5032836,5144709
RE43582,4985279,5177698,5032787,5144118
RE43583,4985310,5177603,5031947,5145559
RE43584,4985500,5177589,5033678,5144023
RE43585,4985243,5177683,5031394,5144380
RE43586,4985474,5177363,5031513,5144039
RE43587,4985590,5177371,5031927,5144868
RE43588,4984957,5177526,5033310,5143859
RE43589,4985350,5177797,5031362,5145265
RE43590,4985142,5177618,5030615,5143755
RE43591,4985173,5177251,5031486,5145994
RE43592,4985079,5177441,5031657,5144221
RE43593,4985358,5177414,5035152,5145649
ADC_LIMIT:4985935,5178139,5042482,5154990,4983439,5175378,5028350,5140780
RE43594,4985379,5177540,5033421,5146037
RE43595,4985121,5177536,5032925,5146156
RE43596,4985535,5177504,5032060,5147874
RE43597,4985268,5177311,5035983,5145988
RE43598,4985018,5177187,5036022,5148658
RE43599,4985263,5177369,5035952,5148752
RE43600,4985392,5177289,5035337,5149218
RE43601,4985422,5177502,5036122,5150320
RE43602,4985452,5177346,5036636,5149750
RE43603,4985096,5177522,5037310,5150192
RE43604,4984955,5177282,5038186,5149520
RE43605,4985191,5177261,5038293,5150019
RE43606,4984879,5177140,5038504,5150784
RE43607,4985027,5177100,5038224,5151333
RE43608,4984965,5177735,5037997,5150788
RE43609,4985080,5177185,5037877,5150056
RE43610,4985151,5177218,5038078,5150655
RE43611,4985170,5177230,5038724,5150164
ADC_LIMIT:4985935,5178139,5042482,5154990,4983439,5175378,5028350,5140780
RE43612,4985167,5177329,5037743,5151259
RE43613,4985224,5177443,5038183,5150243
RE43614,4985257,5177487,5036155,5149564
RE43615,4985162,5177512,5037232,5148579
RE43616,4984986,5177537,5036910,5148631
RE43617,4984876,5176949,5036280,5147044
RE43618,4984982,5177250,5034620,5148006
RE43619,4984987,5177298,5032610,5146736
RE43620,4984908,5177352,5034063,5146219
RE43621,4985128,5177387,5032328,5146596
RE43622,4985400,5177092,5031757,5144499
RE43623,4985035,5176814,5032436,5143256
RE43624,4984884,5177253,5030977,5143113
RE43625,4985026,5177464,5031503,5143308
RE43626,4985229,5177469,5031418,5143923
RE43627,4985053,5177361,5030954,5143330
RE43628,4985121,5177135,5031868,5143532
RE43629,4985186,5177285,5032601,5143226
ADC_LIMIT:4985935,5178139,5042482,5154990,4983439,5175378,5028350,5140780
RE43630,4984868,5177199,5030315,5143716
RE43631,4985838,5176988,5029555,5144217
RE43632,4985110,5177068,5030073,5144608
RE43633,4985248,5177673,5030425,5144112
RE43634,4985313,5177506,5030259,5144497
RE43635,4985188,5177438,5030886,5144875
RE43636,4985163,5177875,5031439,5145976
RE43637,4985243,5177448,5031888,5144343
RE43638,4985336,5177245,5032015,5144913
RE43639,4985142,5177152,5032584,5147807
RE43640,4985206,5177324,5036596,5147335
RE43641,4985250,5177691,5034585,5147066
RE43642,4985569,5177372,5035979,5147576
RE43643,4985354,5177258,5036152,5148764
RE43644,4985321,5177508,5037009,5149525
RE43645,4985205,5177435,5036729,5149699
RE43646,4985415,5177319,5038378,5150598
ADC_LIMIT:4985935,5178139,5042482,5154990,4983439,5175378,5028350,5140780
RE43647,4985200,5177428,5039229,5151185
RE43648,4985178,5177451,5039298,5150567
RE43649,4985111,5177355,5040922,5150361
RE43650,4985136,5177597,5038899,5150934
RE43651,4985182,5177428,5038818,5153520
RE43652,4985249,5177246,5038888,5152346
RE43653,4985251,5177489,5039148,5151935
RE43654,4985052,5177664,5039187,5152169
RE43655,4985281,5177661,5039986,5151310
RE43656,4984580,5177358,5038747,5149826
RE43657,4985103,5177026,5036700,5150110
RE43658,4985336,5177168,5035910,5150043
RE43659,4985033,5177567,5037135,5148781
RE43660,4985082,5177656,5036782,5149203
RE43661,4985257,5177477,5037520,5148099
RE43662,4984909,5177213,5035716,5148853
RE43663,4985214,5177482,5035160,5146908
RE43664,4985331,5177396,5034927,5148316
ADC_LIMIT:4985935,5178139,5042482,5154990,4983439,5175378,5028350,5140780
RE43665,4985244,5177332,5033762,5145702
RE43666,4985063,5177578,5033899,5146678
RE43667,4985091,5177317,5033943,5146625
RE43668,4985034,5177251,5031855,5145213
RE43669,4984912,5177338,5031392,5146346
RE43670,4985246,5177275,5034383,5146536
RE43671,4985199,5177506,5031983,5146034
RE43672,4985359,5177519,5031327,5143723
RE43673,4985519,5177573,5032038,5144170
RE43674,4985328,5177342,5032092,5143197
RE43675,4985233,5177196,5029843,5143678
RE43676,4985384,5177402,5029450,5143799
RE43677,4985390,5177493,5032101,5144272
RE43678,4985518,5177809,5032382,5144336
RE43679,4985399,5177677,5033582,5144344
RE43680,4985132,5177740,5031306,5143362
RE43681,4985556,5177634,5032531,5144309
RE43682,4985485,5177889,5031126,5145678
ADC_LIMIT:4985935,5178139,5042482,5154990,4983439,5175378,5028350,5140780
RE43683,4985408,5177441,5033021,5146274
RE43684,4985461,5177445,5033204,5145336
RE43685,4985137,5177506,5033977,5147439
RE43686,4985387,5177399,5033134,5146084
RE43687,4985246,5177741,5032896,5145467
RE43688,4985348,5177403,5034494,5148272
RE43689,4985320,5177689,5035092,5149259
RE43690,4985183,5177446,5035468,5147723
RE43691,4985241,5177488,5036934,5147652
RE43692,4985100,5177482,5036281,5148045
RE43693,4985516,5176809,5037164,5149632
RE43694,4985176,5177254,5037115,5150332
RE43695,4984661,5177676,5037929,5150511
RE43696,4984667,5177326,5038014,5150641
RE43697,4985106,5177450,5037810,5150654
RE43698,4985103,5177185,5037255,5151035
RE43699,4984845,5176828,5037765,5150173
ADC_LIMIT:4985935,5178139,5042482,5154990,4983439,5175378,5028350,5140780
RE43700,4985087,5177477,5038343,5151140
RE43701,4984897,5177312,5037362,5152288
RE43702,4985223,5177390,5037824,5150470
RE43703,4985206,5177401,5036607,5149837
RE43704,4984859,5177114,5036462,5150085
RE43705,4985395,5177429,5037138,5149744
RE43706,4985453,5177435,5037088,5149059
RE43707,4985208,5177392,5035685,5148483
RE43708,4985455,5177454,5035599,5148216
RE43709,4985227,5177413,5034833,5146622
RE43710,4985105,5177179,5034464,5147336
RE43711,4985226,5177434,5034728,5146285
RE43712,4985288,5177717,5033873,5146086
RE43713,4985356,5177443,5032781,5145413
RE43714,4985173,5177447,5031370,5144292
RE43715,4985368,5177474,5032025,5143587
RE43716,4985185,5177200,5032557,5143960
RE43717,4985047,5177302,5031799,5143853
ADC_LIMIT:4985935,5178139,5042482,5154990,4983439,5175378,5028350,5140780
RE43718,4984859,5177458,5031697,5142667
RE43719,4985437,5177532,5030057,5143699
RE43720,4985369,5177427,5030990,5143296
RE43721,4985215,5177389,5030821,5143722
RE43722,4985260,5177581,5031590,5145492
RE43723,4985327,5177684,5032411,5143851
RE43724,4985371,5177850,5032257,5144442
RE43725,4985177,5177477,5031213,5143295
RE43726,4985297,5177468,5031920,5143820
RE43727,4985591,5177592,5031817,5145586
RE43728,4985079,5177200,5034278,5146407
RE43729,4985229,5177368,5034095,5146479
RE43730,4985215,5177497,5035793,5147112
RE43731,4985354,5177486,5035501,5147933
RE43732,4985204,5177518,5036615,5149028
RE43733,4985107,5177372,5036785,5148733
RE43734,4985250,5177430,5034761,5150050
RE43735,4985327,5177717,5039076,5149608
ADC_LIMIT:4985935,5178139,5042482,5154990,4983439,5175378,5028350,5140780
RE43736,4985029,5177704,5037749,5151281
RE43737,4985345,5177685,5038054,5150863
RE43738,4985334,5177192,5038161,5151122
RE43739,4985362,5177436,5040391,5152127
RE43740,4985107,5177715,5039424,5151208
RE43741,4985328,5177314,5039328,5150877
RE43742,4985464,5177862,5039127,5152883
RE43743,4985315,5177552,5039065,5152792
RE43744,4985161,5177162,5039755,5150589
RE43745,4985263,5177566,5039130,5150944
RE43746,4985006,5177324,5039469,5150667
RE43747,4985188,5177308,5039338,5149125
RE43748,4985383,5177424,5036082,5149995
RE43749,4985025,5177376,5037743,5149214
RE43750,4985639,5177106,5035884,5149189
RE43751,4984950,5177261,5036706,5148232
RE43752,4985261,5177166,5034502,5147265
ADC_LIMIT:4985935,5178139,5042482,5154990,4983439,5175378,5028350,5140780
RE43753,4985342,5177435,5033935,5146852
RE43754,4985271,5177356,5034651,5146533
RE43755,4985226,5177203,5032778,5144487
RE43756,4985334,5177725,5033601,5145192
RE43757,4985354,5177438,5032106,5145186
RE43758,4985632,5177571,5033187,5145188
RE43759,4985405,5177530,5032237,5144451
RE43760,4985226,5177659,5030521,5143763
RE43761,4985594,5177425,5031954,5144630
RE43762,4985104,5177306,5030017,5143711
RE43763,4985627,5177288,5030383,5144125
RE43764,4985082,5177649,5032120,5143009
RE43765,4985211,5177761,5030373,5143131
RE43766,4985172,5177725,5030949,5144675
RE43767,4985093,5177825,5029960,5144017
RE43768,4985692,5177701,5030953,5146208
RE43769,4985326,5177511,5031616,5144089
RE43770,4985179,5177374,5030800,5145071
ADC_LIMIT:4985935,5178139,5042482,5154990,4983439,5175378,5028350,5140780
RE43771,4985288,5177751,5032836,5145820
RE43772,4985303,5177818,5032240,5145847
RE43773,4985701,5177656,5032590,5146070
RE43774,4985376,5177601,5035096,5146186
RE43775,4985444,5177761,5033622,5147824
RE43776,4985654,5177555,5034494,5146831
RE43777,4985226,5177683,5035705,5148310
RE43778,4985283,5177760,5036412,5148938
RE43779,4985556,5177675,5035297,5149545
RE43780,4985718,5177737,5036676,5148907
RE43781,4985291,5177652,5036738,5149368
RE43782,4985318,5177771,5036890,5150386
RE43783,4985430,5177772,5037374,5149836
RE43784,4985200,5177007,5037541,5149304
RE43785,4985187,5177100,5038359,5151320
RE43786,4985574,5177744,5038951,5149386
RE43787,4985248,5177335,5038257,5148379
RE43788,4985509,5177187,5037262,5148669
ADC_LIMIT:4985935,5178139,5042482,5154990,4983439,5175378,5028350,5140780
RE43789,4985358,5177350,5036185,5149757
RE43790,4985332,5177495,5037636,5150184
RE43791,4985066,5177409,5037465,5149133
RE43792,4985110,5177655,5037294,5150760
RE43793,4985419,5177606,5037304,5148521
RE43794,4985372,5177750,5038010,5149002
RE43795,4985203,5177546,5037088,5149054
RE43796,4985142,5177271,5035974,5149054
RE43797,4985091,5177286,5035201,5148093
RE43798,4984926,5176978,5036216,5147916
RE43799,4985023,5177400,5034924,5147616
RE43800,4985115,5177492,5036216,5146946
RE43801,4985354,5177572,5035333,5146492
RE43802,4985258,5177518,5034506,5146817
RE43803,4985305,5177640,5034767,5146741
RE43804,4984988,5177557,5033481,5146564
RE43805,4985400,5177341,5033239,5145123
ADC_LIMIT:4985935,5178139,5042482,5154990,4983439,5175378,5028350,5140780
RE43806,4985155,5177753,5033163,5146460
RE43807,4985295,5177181,5031577,5145009
RE43808,4985145,5177567,5032761,5144819
RE43809,4985385,5177499,5031208,5146336
RE43810,4984978,5177447,5031945,5143356
RE43811,4985277,5177733,5031792,5146457
RE43812,4985236,5177660,5033080,5143771
RE43813,4985491,5177589,5032242,5144999
RE43814,4985136,5177798,5033010,5142744
RE43815,4985415,5177488,5032366,5145101
RE43816,4985272,5177330,5032098,5145667
RE43817,4985332,5177169,5032499,5145726
RE43818,4985399,5177379,5031175,5145926
RE43819,4985274,5177552,5034204,5145989
RE43820,4985297,5177356,5032124,5147194
RE43821,4985485,5177550,5034601,5146751
RE43822,4985239,5177794,5035043,5148177
RE43823,4985260,5177520,5036146,5148554
ADC_LIMIT:4985935,5178139,5042482,5154990,4983439,5175378,5028350,5140780
RE43824,4985237,5177600,5037742,5149647
RE43825,4985361,5177709,5037300,5148677
RE43826,4985259,5177188,5036060,5148212
RE43827,4985047,5177227,5036849,5149393
RE43828,4985249,5177509,5037751,5149870
RE43829,4985363,5177201,5038268,5152803
RE43830,4985396,5177506,5039072,5150812
RE43831,4985152,5177278,5038898,5151149
RE43832,4985408,5177104,5037408,5151645
RE43833,4985184,5177085,5038596,5149751
RE43834,4985146,5177038,5038462,5150071
RE43835,4985081,5177410,5038600,5151059
RE43836,4985276,5177116,5038243,5150348
RE43837,4985157,5176934,5036785,5150973
RE43838,4984934,5177482,5037523,5150714
RE43839,4985195,5177166,5037443,5149097
RE43840,4985166,5177316,5034610,5148038
RE43841,4985013,5177387,5036886,5149958
ADC_LIMIT:4985935,5178139,5042482,5154990,4983439,5175378,5028350,5140780
RE43842,4985252,5177498,5037227,5149160
RE43843,4985597,5177271,5034921,5147939
RE43844,4985366,5177250,5035396,5147426
RE43845,4985339,5177428,5034479,5145944
RE43846,4985267,5177423,5034072,5146807
RE43847,4985301,5177264,5033358,5145731
RE43848,4985122,5177008,5031681,5145621
RE43849,4984901,5177421,5031741,5144480
RE43850,4985228,5177021,5032456,5143860
RE43851,4984918,5176937,5031304,5143544
RE43852,4985368,5177356,5030666,5142379
RE43853,4985384,5177401,5030279,5142812
RE43854,4985140,5177201,5030058,5142362
RE43855,4985144,5177556,5030538,5142484
RE43856,4985140,5177407,5032191,5143760
RE43857,4985507,5177015,5030917,5142458
RE43858,4985072,5177557,5031551,5143997
ADC_LIMIT:4985935,5178139,5042482,5154990,4983439,5175378,5028350,5140780
RE43859,4985240,5177313,5030635,5143142
RE43860,4985032,5177124,5030810,5144087
RE43861,4985195,5177449,5031459,5143270
RE43862,4985296,5177248,5032263,5146411
RE43863,4985358,5177444,5034035,5145296
RE43864,4985087,5177084,5034621,5147319
RE43865,4985085,5177293,5033863,5146670
RE43866,4985196,5177271,5033938,5147222
RE43867,4985310,5177470,5034754,5148160
RE43868,4984843,5177194,5035762,5147103
RE43869,4985379,5177243,5035592,5149156
RE43870,4985295,5177219,5036570,5149509
RE43871,4984942,5177378,5037317,5149743
RE43872,4985153,5177410,5039001,5151282
RE43873,4985141,5177612,5038404,5150301
RE43874,4984974,5177460,5039094,5150380
RE43875,4985174,5177480,5038871,5152252
RE43876,4985223,5177005,5040171,5150800
ADC_LIMIT:4985935,5178139,5042482,5154990,4983439,5175378,5028350,5140780
RE43877,4984792,5177076,5039656,5152277
RE43878,4985061,5177495,5040222,5152002
RE43879,4985286,5177036,5039554,5151516
RE43880,4985102,5177307,5039180,5152734
RE43881,4985087,5177816,5038615,5152097
RE43882,4985182,5177516,5037819,5151280
RE43883,4985185,5177380,5036991,5150290
RE43884,4985143,5177169,5038786,5150591
RE43885,4985266,5177141,5037106,5148715
RE43886,4985085,5177031,5035921,5149141
RE43887,4985131,5177474,5036590,5149281
RE43888,4985447,5177435,5036601,5147513
RE43889,4985173,5177241,5035297,5147378
RE43890,4984764,5177420,5033952,5147223
RE43891,4985222,5177237,5033333,5148389
RE43892,4984910,5177238,5033030,5144453
RE43893,4984917,5177250,5032666,5146277
RE43894,4985135,5177250,5032523,5145253
ADC_LIMIT:4985935,5178139,5042482,5154990,4983439,5175378,5028350,5140780
RE43895,4985047,5177041,5033311,5145342
RE43896,4985260,5177356,5031106,5143969
RE43897,4984954,5177256,5031226,5142241
RE43898,4985106,5176976,5030264,5144155
RE43899,4985172,5177628,5031822,5143993
RE43900,4984986,5177284,5031966,5144514
RE43901,4985174,5177151,5030801,5145437
RE43902,4985460,5177200,5032180,5144247
RE43903,4985226,5177019,5031186,5144221
RE43904,4985156,5177171,5032443,5144355
RE43905,4985543,5177469,5031759,5145164
RE43906,4985285,5177556,5032781,5143572
RE43907,4985387,5177309,5032753,5144944
RE43908,4985223,5177247,5033710,5146607
RE43909,4985312,5177336,5033767,5145631
RE43910,4985223,5177290,5032241,5146332
RE43911,4985259,5177390,5034874,5147679
ADC_LIMIT:4985935,5178139,5042482,5154990,4983439,5175378,5028350,5140780
RE43912,4985351,5177534,5034480,5147314
RE43913,4985144,5177535,5034733,5148078
RE43914,4985272,5177267,5034286,5148811
RE43915,4985235,5177120,5036192,5148708
RE43916,4984893,5177063,5035068,5148658
RE43917,4985297,5177568,5036476,5148791
RE43918,4985214,5177183,5037967,5149516
RE43919,4985436,5177281,5037014,5149638
RE43920,4985428,5177485,5037712,5149277
RE43921,4985343,5177091,5038052,5149641
RE43922,4985338,5177568,5038546,5149099
RE43923,4985188,5177335,5037968,5150949
RE43924,4985148,5177182,5038891,5150749
RE43925,4985044,5177420,5037161,5151623
RE43926,4985029,5177274,5036912,5150249
RE43927,4985005,5177193,5038727,5150223
RE43928,4985018,5177140,5037651,5150720
RE43929,4985143,5177132,5038226,5150672
ADC_LIMIT:4985935,5178139,5042482,5154990,4983439,5175378,5028350,5140780
RE43930,4985125,5177108,5036966,5150357
RE43931,4984983,5177391,5037147,5148761
RE43932,4985241,5177455,5036875,5150104
RE43933,4985376,5177366,5036522,5147948
RE43934,4984686,5177323,5035974,5147717
RE43935,4985215,5177281,5035200,5147836
RE43936,4984977,5177509,5034567,5147098
RE43937,4984890,5176966,5034045,5146941
RE43938,4985043,5177053,5033010,5146786
RE43939,4985063,5177091,5033534,5146900
RE43940,4985203,5177317,5032814,5144936
RE43941,4985103,5177431,5031632,5144187
RE43942,4985108,5177359,5031125,5144813
RE43943,4985147,5177275,5030748,5142596
RE43944,4985151,5177210,5030443,5143361
RE43945,4985030,5177573,5030615,5142473
RE43946,4985468,5177591,5030748,5143914
RE43947,4985299,5177479,5030711,5143562
ADC_LIMIT:4985935,5178139,5042482,5154990,4983439,5175378,5028350,5140780
RE43948,4985221,5177137,5029245,5144507
RE43949,4985573,5177465,5030869,5144113
RE43950,4985309,5177661,5032560,5145254
RE43951,4985024,5176943,5031314,5144060
RE43952,4985282,5177074,5031554,5144618
RE43953,4985287,5177370,5033874,5145354
RE43954,4985215,5177193,5033699,5146305
RE43955,4985110,5176988,5034400,5147515
RE43956,4985308,5177539,5034773,5147551
RE43957,4985267,5177172,5035592,5146481
RE43958,4985348,5177465,5035795,5148928
RE43959,4985505,5177122,5036424,5148777
RE43960,4985151,5177400,5037920,5149182
RE43961,4985124,5177370,5037634,5150248
RE43962,4985175,5177402,5037282,5152551
RE43963,4985345,5177359,5037925,5150854
RE43964,4985316,5177245,5037782,5152285
ADC_LIMIT:4985935,5178139,5042482,5154990,4983439,5175378,5028350,5140780
RE43965,4985483,5177481,5038836,5152121
RE43966,4985344,5177425,5038006,5151482
RE43967,4985108,5177356,5040458,5150891
RE43968,4985377,5177243,5038983,5152366
RE43969,4985589,5177426,5038609,5151526
RE43970,4985459,5177141,5037871,5151630
RE43971,4985068,5177316,5038934,5151480
RE43972,4985050,5177248,5038469,5150850
RE43973,4985320,5177330,5037229,5150541
RE43974,4984948,5177457,5036575,5149213
RE43975,4985484,5177466,5036944,5147961
RE43976,4984940,5177419,5037231,5148991
RE43977,4985158,5177087,5034973,5149156
RE43978,4985033,5177200,5034812,5147740
RE43979,4985154,5177076,5035387,5147872
RE43980,4985229,5177518,5035281,5146448
RE43981,4985335,5177547,5033505,5146693
RE43982,4985208,5177321,5034641,5145624
ADC_LIMIT:4985935,5178139,5042482,5154990,4983439,5175378,5028350,5140780
RE43983,4985215,5177141,5032209,5144006
RE43984,4985283,5177515,5031605,5144501
RE43985,4985414,5177476,5032561,5143043
RE43986,4985291,5177483,5030897,5144149
RE43987,4985218,5177615,5030337,5143030
RE43988,4985322,5177407,5031245,5143829
RE43989,4985413,5177567,5030064,5144341
RE43990,4985405,5177436,5030602,5143115
RE43991,4985563,5177250,5030656,5142667
RE43992,4985729,5177335,5030062,5143539
RE43993,4985378,5177698,5030654,5144483
RE43994,4985320,5177108,5031477,5143670
RE43995,4985069,5177423,5032556,5144180
RE43996,4984960,5177654,5031241,5145473
RE43997,4985436,5177697,5032270,5146297
RE43998,4985551,5177596,5032836,5146936
RE43999,4985176,5177408,5032070,5147697
RE44000,4985223,5177331,5034264,5146888
ADC_LIMIT:4985935,5178139,5042482,5154990,4983439,5175378,5028350,5140780
RE44001,4985274,5177518,5035011,5148448
RE44002,4985332,5177420,5036098,5147169
RE44003,4985207,5177486,5036193,5147653
RE44004,4985484,5177454,5034989,5147183
RE44005,4985440,5177441,5037564,5149639
RE44006,4985213,5177441,5036221,5149695
RE44007,4985338,5177336,5037717,5149639
RE44008,4985094,5177106,5038274,5149825
RE44009,4985452,5177116,5036855,5149749
RE44010,4985375,5177456,5036155,5150027
RE44011,4985385,5177368,5036765,5150534
RE44012,4985090,5177295,5037254,5150313
RE44013,4985258,5177681,5036430,5151524
RE44014,4985268,5177675,5037801,5150603
RE44015,4985519,5177752,5037258,5150347
RE44016,4985166,5177115,5037164,5149154
RE44017,4985153,5177176,5037186,5150581
ADC_LIMIT:4985935,5178139,5042482,5154990,4983439,5175378,5028350,5140780
RE44018,4984959,5177168,5037708,5149114
RE44019,4984906,5177172,5036393,5149139
RE44020,4985070,5177387,5037025,5149311
RE44021,4985027,5177290,5036023,5148006
RE44022,4985046,5177257,5036532,5148749
RE44023,4985368,5177454,5036782,5149552
RE44024,4985160,5177157,5035485,5149717
RE44025,4985157,5177174,5035144,5147399
RE44026,4984878,5177169,5034109,5147879
RE44027,4985208,5177234,5035810,5146705
RE44028,4985094,5177265,5035720,5146621
RE44029,4985227,5177300,5033076,5146358
RE44030,4985308,5177445,5034019,5146598
RE44031,4985272,5177337,5034026,5146522
RE44032,4985228,5177495,5033299,5146130
RE44033,4985129,5177126,5032651,5144080
RE44034,4985207,5177464,5031890,5145446
RE44035,4985239,5177517,5034296,5145078
ADC_LIMIT:4985935,5178139,5042482,5154990,4983439,5175378,5028350,5140780
RE44036,4985142,5177524,5033128,5144911
RE44037,4985172,5177643,5032484,5144012
RE44038,4985557,5177531,5032266,5145380
RE44039,4985415,5177385,5031398,5145671
RE44040,4985090,5177407,5031694,5143877
RE44041,4985267,5177371,5033042,5145129
RE44042,4985295,5177141,5032910,5144817
RE44043,4985256,5176919,5032247,5145876
RE44044,4985294,5177015,5033419,5146418
RE44045,4985499,5177585,5032869,5147047
RE44046,4985519,5177594,5034834,5147167
RE44047,4985375,5177160,5033965,5146882
RE44048,4985029,5177216,5035603,5146911
RE44049,4985090,5177614,5035145,5148293
RE44050,4985295,5177489,5035739,5148524
RE44051,4985117,5177722,5035692,5148205
RE44052,4985276,5177533,5036700,5148816
RE44053,4985046,5177385,5037503,5151028
ADC_LIMIT:4985935,5178139,5042482,5154990,4983439,5175378,5028350,5140780
RE44054,4985191,5177405,5035572,5150049
RE44055,4985338,5177605,5037466,5149945
RE44056,4985249,5177525,5038059,5151237
RE44057,4985005,5177328,5038019,5150618
RE44058,4985296,5177215,5038149,5151276
RE44059,4985266,5177395,5037673,5150974
RE44060,4985380,5177634,5038161,5150518
RE44061,4985358,5177061,5038869,5150659
RE44062,4985327,5177338,5039314,5150432
RE44063,4985421,5177440,5037754,5150471
RE44064,4985156,5177572,5039018,5149598
RE44065,4985050,5177338,5038030,5150683
RE44066,4984954,5177355,5037422,5150051
RE44067,4985303,5177287,5035632,5149341
RE44068,4984975,5177420,5036211,5147385
RE44069,4984942,5177136,5036741,5148631
RE44070,4985306,5177367,5036114,5148182
ADC_LIMIT:4985935,5178139,5042482,5154990,4983439,5175378,5028350,5140780
RE44071,4985183,5177380,5034867,5146220
RE44072,4985154,5177403,5034324,5146725
RE44073,4985283,5177184,5032483,5145971
RE44074,4985307,5177190,5032470,5146096
RE44075,4985090,5177417,5033490,5144620
RE44076,4985137,5177418,5032449,5144188
RE44077,4985562,5177465,5031973,5143630
RE44078,4985431,5177545,5030992,5144133
RE44079,4985393,5177508,5030439,5143360
RE44080,4985267,5177217,5029979,5143100
RE44081,4985513,5177347,5030752,5141032
RE44082,4985154,5177330,5030352,5143778
RE44083,4985243,5177761,5030677,5143411
RE44084,4985311,5177523,5031011,5144102
RE44085,4985379,5177302,5029864,5143913
RE44086,4985140,5177693,5031133,5143080
RE44087,4985032,5177807,5030374,5144059
RE44088,4985653,5177487,5031550,5142740
ADC_LIMIT:4985935,5178139,5042482,5154990,4983439,5175378,5028350,5140780
RE44089,4985258,5177455,5032892,5144782
RE44090,4985409,5177581,5033488,5147320
RE44091,4985570,5177467,5033982,5145452
RE44092,4985563,5177391,5036006,5147597
RE44093,4985485,5177360,5034728,5147095
RE44094,4985033,5177343,5035840,5148409
RE44095,4985358,5177200,5036279,5147317
RE44096,4985063,5177150,5037084,5149928
RE44097,4985037,5177104,5036911,5149589
RE44098,4985464,5177311,5038465,5151083
RE44099,4985259,5177418,5038451,5151025
RE44100,4985051,5177407,5038012,5151400
RE44101,4984995,5177032,5038791,5151177
RE44102,4985365,5177080,5038653,5152049
RE44103,4985204,5177334,5039809,5151833
RE44104,4985231,5177563,5040563,5150810
RE44105,4984883,5177400,5039230,5151794
RE44106,4985274,5177345,5038968,5150717
ADC_LIMIT:4985935,5178139,5042482,5154990,4983439,5175378,5028350,5140780
RE44107,4985141,5177687,5039025,5150906
RE44108,4985391,5177212,5037625,5151623
RE44109,4985327,5177555,5037302,5150475
RE44110,4985363,5177484,5038411,5149731
RE44111,4984888,5177253,5036220,5150405
RE44112,4985115,5177182,5037359,5148998
RE44113,4984755,5176925,5036124,5147594
RE44114,4985290,5177525,5034457,5147104
RE44115,4985175,5177349,5036012,5146337
RE44116,4985177,5177066,5035284,5146615
RE44117,4985317,5177390,5033808,5145702
RE44118,4985460,5177006,5033986,5146267
RE44119,4985168,5177402,5035504,5144576
RE44120,4985340,5177387,5032996,5146095
RE44121,4985274,5177548,5031963,5145111
RE44122,4985348,5177350,5032256,5144678
RE44123,4985436,5177286,5032641,5144734
ADC_LIMIT:4985935,5178139,5042482,5154990,4983439,5175378,5028350,5140780
RE44124,4985229,5177376,5032510,5145430
RE44125,4985534,5177615,5032089,5144259
RE44126,4985456,5177238,5031678,5144534
RE44127,4985387,5177413,5032353,5144739
RE44128,4985385,5177383,5032783,5144562
RE44129,4985292,5177526,5031514,5144683
RE44130,4985423,5177675,5031301,5144555
RE44131,4985502,5177342,5030621,5145648
RE44132,4985393,5177349,5031510,5143325
RE44133,4985445,5177585,5033517,5144420
RE44134,4985673,5177576,5032932,5146114
RE44135,4985583,5177384,5032573,5146183
RE44136,4985538,5177443,5032837,5146335
RE44137,4985443,5177682,5032877,5146590
RE44138,4985696,5177542,5034153,5146380
RE44139,4985543,5177920,5034469,5148668
RE44140,4985296,5177426,5035198,5147268
RE44141,4985273,5177664,5036228,5149383
ADC_LIMIT:4985935,5178139,5042482,5154990,4983439,5175378,5028350,5140780
RE44142,4985345,5177902,5036873,5148050
RE44143,4985345,5177542,5035968,5148683
RE44144,4985581,5177274,5036929,5148667
RE44145,4985426,5177634,5037528,5150047
RE44146,4985066,5177461,5037321,5148650
RE44147,4985283,5177664,5036967,5150299
RE44148,4985226,5177504,5037043,5150735
RE44149,4985125,5177212,5036753,5150064
RE44150,4985167,5177456,5038274,5150636
RE44151,4985036,5176927,5037948,5151025
RE44152,4985361,5177048,5037301,5150805
RE44153,4985324,5177682,5038549,5150440
RE44154,4985297,5177304,5037495,5149807
RE44155,4985120,5177458,5037840,5150699
RE44156,4985162,5176898,5038145,5150562
RE44157,4984999,5177125,5036191,5147877
RE44158,4985134,5177333,5037102,5148031
RE44159,4985195,5177253,5036443,5147175
ADC_LIMIT:4985935,5178139,5042482,5154990,4983439,5175378,5028350,5140780
RE44160,4985092,5177546,5035606,5149127
RE44161,4984945,5177171,5035255,5148986
RE44162,4985425,5177439,5034679,5146336
RE44163,4985402,5177072,5034923,5144905
RE44164,4985200,5177360,5033070,5145478
RE44165,4985133,5177300,5033653,5144811
RE44166,4985117,5177110,5033082,5143092
RE44167,4985188,5177168,5032254,5143667
RE44168,4985529,5177279,5030128,5144055
RE44169,4985291,5177532,5031122,5144044
RE44170,4985326,5177461,5031934,5142089
RE44171,4985320,5177627,5031235,5143739
RE44172,4985366,5177461,5030401,5144855
RE44173,4985626,5177759,5031609,5142523
RE44174,4985355,5177644,5031454,5144020
RE44175,4985290,5177841,5032199,5143378
RE44176,4985441,5177720,5031692,5144479
ADC_LIMIT:4985935,5178139,5042482,5154990,4983439,5175378,5028350,5140780
RE44177,4985198,5177819,5032951,5144332
RE44178,4985514,5177925,5032517,5144348
RE44179,4985687,5177537,5032628,5145654
RE44180,4985497,5177470,5034636,5145668
RE44181,4985257,5177729,5033286,5146614
RE44182,4985509,5177777,5034616,5147156
RE44183,4985235,5177451,5035147,5148263
RE44184,4985480,5177231,5035266,5147105
RE44185,4985463,5177345,5035430,5146590
RE44186,4985043,5177715,5036870,5150526
RE44187,4985127,5177329,5036712,5150647
RE44188,4984728,5177642,5036714,5150930
RE44189,4985369,5177835,5036936,5150204
RE44190,4985077,5177371,5038028,5149841
RE44191,4985354,5177257,5038938,5151806
RE44192,4985354,5177392,5038844,5151750
RE44193,4985115,5177263,5038379,5153140
RE44194,4985318,5177148,5039270,5151150
ADC_LIMIT:4985935,5178139,5042482,5154990,4983439,5175378,5028350,5140780
RE44195,4985185,5177354,5038473,5151208
RE44196,4985414,5177267,5037736,5152766
RE44197,4985275,5177489,5038370,5150532
RE44198,4985135,5177370,5039165,5151119
RE44199,4985242,5177442,5037916,5152411
RE44200,4985052,5177336,5038655,5150033
RE44201,4985140,5177182,5037719,5149819
RE44202,4985325,5177067,5037271,5148733
RE44203,4985541,5177100,5036823,5148628
RE44204,4985293,5177433,5035706,5148974
RE44205,4985260,5177462,5033693,5148662
RE44206,4985260,5177187,5034983,5147299
RE44207,4985080,5177311,5034565,5146229
RE44208,4984970,5177498,5032753,5147274
RE44209,4985295,5177186,5032218,5147274
RE44210,4985219,5177482,5034211,5145102
RE44211,4985301,5177663,5032943,5145044
RE44212,4985310,5177104,5031450,5145171
ADC_LIMIT:4985935,5178139,5042482,5154990,4983439,5175378,5028350,5140780
RE44213,4985508,5177443,5031446,5145224
RE44214,4985124,5177283,5031113,5143490
RE44215,4985190,5177461,5028611,5142811
RE44216,4985369,5177381,5031554,5144317
RE44217,4985002,5177415,5031655,5143059
RE44218,4985056,5177123,5030538,5143860
RE44219,4985213,5176917,5029650,5142324
RE44220,4985014,5177031,5031424,5143007
RE44221,4985054,5176991,5030526,5145247
RE44222,4985246,5177149,5031283,5144660
RE44223,4984724,5177205,5031505,5144992
RE44224,4985324,5177386,5033184,5145041
RE44225,4985567,5177237,5033479,5146484
RE44226,4985587,5177525,5033126,5145978
RE44227,4985213,5177392,5034941,5147363
RE44228,4985287,5177604,5034731,5146671
RE44229,4985172,5177352,5035233,5148736
ADC_LIMIT:4985935,5178139,5042482,5154990,4983439,5175378,5028350,5140780
RE44230,4985341,5177291,5035917,5148251
RE44231,4985242,5177363,5036522,5147840
RE44232,4985514,5177512,5036207,5148908
RE44233,4985379,5177575,5036329,5150778
RE44234,4985283,5177553,5037440,5149758
RE44235,4985413,5177455,5038550,5149590
RE44236,4985397,5177180,5036930,5149257
RE44237,4985367,5176791,5037651,5149754
RE44238,4985176,5177254,5037846,5150890
RE44239,4985382,5177346,5038206,5150116
RE44240,4985407,5177324,5036623,5149958
RE44241,4984892,5177290,5038198,5149506
RE44242,4985331,5177112,5037157,5150749
RE44243,4985216,5177087,5038177,5149519
RE44244,4984775,5177412,5036842,5149749
RE44245,4985426,5177422,5037359,5149858
RE44246,4985193,5177290,5037746,5150608
RE44247,4984839,5177192,5036009,5148654
ADC_LIMIT:4985935,5178139,5042482,5154990,4983439,5175378,5028350,5140780
RE44248,4985263,5177345,5036772,5147635
RE44249,4985316,5177447,5035652,5148946
RE44250,4985171,5177310,5035332,5148886
RE44251,4985214,5177106,5034447,5148529
RE44252,4984916,5177267,5035045,5147892
RE44253,4985401,5177099,5033295,5147461
RE44254,4985119,5177154,5034211,5146903
RE44255,4985159,5176944,5034321,5145831
RE44256,4984992,5177117,5033457,5147611
RE44257,4985125,5177471,5033588,5146600
RE44258,4985380,5177327,5033086,5146300
RE44259,4985373,5177312,5032984,5146020
RE44260,4985091,5177433,5032667,5145609
RE44261,4985215,5177193,5033714,5144099
RE44262,4985487,5177491,5033018,5143575
RE44263,4985312,5177479,5032158,5145771
RE44264,4985488,5177231,5032798,5145747
RE44265,4985056,5177137,5032082,5143873
ADC_LIMIT:4985935,5178139,5042482,5154990,4983439,5175378,5028350,5140780
RE44266,4985448,5177392,5032097,5143494
RE44267,4985013,5177147,5032430,5144939
RE44268,4985338,5177516,5031827,5145325
RE44269,4985355,5177312,5031425,5145109
RE44270,4985085,5177652,5033247,5145022
RE44271,4985140,5177100,5032594,5145766
RE44272,4985033,5177157,5035107,5145730
RE44273,4985029,5177017,5032936,5146327
RE44274,4985430,5177342,5034094,5148002
RE44275,4985451,5177403,5034429,5146528
RE44276,4985548,5177509,5033466,5147278
RE44277,4985371,5177316,5036363,5147587
RE44278,4985370,5177435,5036801,5148062
RE44279,4985280,5177529,5036258,5148989
RE44280,4985256,5177210,5037434,5149730
RE44281,4985125,5177430,5037551,5150144
RE44282,4985168,5177350,5036940,5149243
ADC_LIMIT:4985935,5178139,5042482,5154990,4983439,5175378,5028350,5140780
RE44283,4985003,5177386,5038039,5151188
RE44284,4985282,5177341,5038749,5150678
RE44285,4985449,5177429,5038707,5150692
RE44286,4985359,5177078,5037673,5151426
RE44287,4985165,5177416,5039755,5149600
RE44288,4985490,5177317,5039206,5149800
RE44289,4985107,5177202,5038398,5149873
RE44290,4985089,5176988,5036816,5149330
RE44291,4985278,5177138,5037687,5149594
RE44292,4985310,5177145,5037654,5149464
RE44293,4985227,5177324,5037183,5149278
RE44294,4985267,5177401,5037935,5150618
RE44295,4985125,5177374,5036418,5147947
RE44296,4985049,5177426,5036009,5147898
RE44297,4985367,5177125,5034642,5146696
RE44298,4985240,5177290,5035229,5147221
RE44299,4985165,5177230,5033257,5146072
RE44300,4985250,5177268,5034409,5145029
ADC_LIMIT:4985935,5178139,5042482,5154990,4983439,5175378,5028350,5140780
RE44301,4985021,5177494,5032670,5145336
RE44302,4985106,5177466,5032315,5144897
RE44303,4985359,5177231,5032054,5145199
RE44304,4985373,5177100,5030381,5143182
RE44305,4985442,5177335,5030907,5142725
RE44306,4985219,5177450,5031074,5143387
RE44307,4985247,5176991,5030679,5144379
RE44308,4985298,5177101,5031001,5144073
RE44309,4985257,5177238,5032252,5142428
RE44310,4985198,5177286,5030858,5141777
RE44311,4985294,5177197,5030663,5142509
RE44312,4985382,5177196,5030522,5142630
RE44313,4985494,5177241,5030101,5144044
RE44314,4985389,5177354,5031986,5143706
RE44315,4984911,5177230,5031907,5143924
RE44316,4985212,5177525,5031682,5143579
RE44317,4985254,5177439,5032435,5146102
RE44318,4985408,5177288,5034188,5147089
ADC_LIMIT:4985935,5178139,5042482,5154990,4983439,5175378,5028350,5140780
RE44319,4985222,5177494,5034674,5147020
RE44320,4985171,5177446,5034721,5148254
RE44321,4985505,5177201,5036504,5149456
RE44322,4985105,5177671,5036091,5148823
RE44323,4985154,5177445,5036907,5150598
RE44324,4985174,5176587,5037775,5150942
RE44325,4984911,5177432,5038011,5151987
RE44326,4985325,5177001,5036851,5150175
RE44327,4985502,5177625,5037554,5150864
RE44328,4985444,5177499,5039020,5150853
RE44329,4985444,5177258,5037830,5152429
RE44330,4985422,5177441,5039405,5152274
RE44331,4985201,5177633,5039212,5152947
RE44332,4985046,5177246,5038285,5151663
RE44333,4985373,5177763,5038414,5151535
RE44334,4985711,5177818,5037645,5151500
RE44335,4985494,5177532,5037762,5150939
ADC_LIMIT:4985935,5178139,5042482,5154990,4983439,5175378,5028350,5140780
RE44336,4985553,5177606,5039740,5150642
RE44337,4985063,5177729,5037304,5150494
RE44338,4985074,5177553,5037613,5149277
RE44339,4985261,5177706,5036880,5148818
RE44340,4985367,5177175,5036894,5149195
RE44341,4985482,5177358,5037026,5148092
RE44342,4985497,5177343,5035205,5147701
RE44343,4985084,5177016,5034071,5146744
RE44344,4985284,5177017,5033568,5147300
RE44345,4985015,5177371,5034188,5144842
RE44346,4985157,5177101,5033754,5145431
RE44347,4985032,5177170,5032923,5145664
RE44348,4985004,5177397,5032594,5145212
RE44349,4985156,5177308,5033183,5144699
RE44350,4985362,5177200,5032043,5143944
RE44351,4985118,5177194,5032243,5143634
RE44352,4985426,5177737,5030921,5143509
RE44353,4985193,5177356,5029985,5142861
ADC_LIMIT:4985935,5178139,5042482,5154990,4983439,5175378,5028350,5140780
RE44354,4985631,5177482,5031852,5145353
RE44355,4985516,5177675,5030481,5145457
RE44356,4985311,5177747,5031622,5144887
RE44357,4985766,5177431,5029903,5144739
RE44358,4985319,5177457,5032206,5144440
RE44359,4985465,5177566,5032161,5145229
RE44360,4985467,5177197,5032125,5144349
RE44361,4985272,5177480,5032715,5144970
RE44362,4985422,5177369,5032403,5145328
RE44363,4985586,5177211,5033185,5144874
RE44364,4985292,5177743,5032439,5146897
RE44365,4985074,5177322,5033391,5146963
RE44366,4985231,5177563,5033237,5147199
RE44367,4985322,5176965,5034378,5146937
RE44368,4985534,5177286,5035292,5147551
RE44369,4985124,5177588,5035085,5148593
RE44370,4985075,5177647,5036237,5147412
RE44371,4985066,5177663,5035901,5148429
ADC_LIMIT:4985935,5178139,5042482,5154990,4983439,5175378,5028350,5140780
RE44372,4985454,5177663,5035347,5149947
RE44373,4985563,5177296,5036628,5149243
RE44374,4985442,5177311,5038348,5149414
RE44375,4985392,5177371,5037215,5150370
RE44376,4985154,5177440,5037969,5149063
RE44377,4985230,5177445,5038665,5150138
RE44378,4985140,5177135,5038324,5150496
RE44379,4985127,5177506,5038284,5150552
RE44380,4985233,5177521,5038325,5149485
RE44381,4985348,5177498,5037333,5150355
RE44382,4985320,5177688,5037246,5150696
RE44383,4985228,5177505,5038447,5149596
RE44384,4985346,5177509,5038876,5149389
RE44385,4985581,5177549,5036487,5149516
RE44386,4985483,5177429,5037514,5149514
RE44387,4985200,5177428,5035387,5149366
RE44388,4985639,5177512,5035457,5147350
ADC_LIMIT:4985935,5178139,5042482,5154990,4983439,5175378,5028350,5140780
RE44389,4985453,5177646,5035454,5145807
RE44390,4985166,5177649,5034337,5146917
RE44391,4985444,5177639,5032950,5145502
RE44392,4985218,5177484,5034065,5143835
RE44393,4985555,5177401,5032088,5144234
RE44394,4985134,5177382,5031300,5143408
RE44395,4985303,5177345,5030333,5142223
RE44396,4985125,5177473,5030576,5143421
RE44397,4985198,5177220,5030243,5143105
RE44398,4985341,5177527,5030879,5142298
RE44399,4985401,5177345,5030187,5144487
RE44400,4985574,5177493,5030801,5143353
RE44401,4985606,5177324,5030750,5143363
RE44402,4985074,5177533,5031444,5143721
RE44403,4985112,5177502,5031304,5143680
RE44404,4985301,5177441,5032725,5144652
RE44405,4985278,5177391,5031183,5144005
RE44406,4985343,5177351,5032492,5145189
ADC_LIMIT:4985935,5178139,5042482,5154990,4983439,5175378,5028350,5140780
RE44407,4985237,5177350,5033537,5144595
RE44408,4985345,5177216,5032900,5146856
RE44409,4985272,5177298,5033945,5146161
RE44410,4985387,5177402,5034714,5146974
RE44411,4985001,5177290,5035248,5146861
RE44412,4985509,5177347,5034688,5147192
RE44413,4985384,5177331,5035925,5148216
RE44414,4985203,5177394,5036369,5149567
RE44415,4985045,5177615,5036374,5149426
RE44416,4985509,5177330,5038924,5150451
RE44417,4985310,5177485,5036987,5150548
RE44418,4984851,5177333,5038303,5150110
RE44419,4985451,5177609,5039604,5151724
RE44420,4985264,5177551,5038775,5150099
RE44421,4985191,5177344,5039272,5151331
RE44422,4985264,5177097,5038441,5152073
RE44423,4985441,5177530,5037468,5150807
RE44424,4985039,5177406,5038334,5150403
ADC_LIMIT:4985935,5178139,5042482,5154990,4983439,5175378,5028350,5140780
RE44425,4985439,5177609,5038820,5151619
RE44426,4985327,5177467,5038568,5150587
RE44427,4985174,5177240,5037021,5149190
RE44428,4985597,5177651,5037552,5149501
RE44429,4985279,5177680,5035299,5148578
RE44430,4985255,5177382,5036126,5147879
RE44431,4985345,5177520,5036541,5147887
RE44432,4985084,5177363,5036534,5148068
RE44433,4985297,5177442,5035233,5146961
RE44434,4985314,5177435,5035340,5145943
RE44435,4984909,5177397,5033679,5146203
RE44436,4985302,5177489,5034364,5145723
RE44437,4985175,5177709,5031902,5147264
RE44438,4985400,5177462,5033040,5144162
RE44439,4985236,5177720,5031443,5143765
RE44440,4985375,5177381,5032406,5145219
RE44441,4985234,5177057,5032045,5144956
ADC_LIMIT:4985935,5178139,5042482,5154990,4983439,5175378,5028350,5140780
RE44442,4984995,5177471,5030564,5143744
RE44443,4985322,5177582,5029603,5143661
RE44444,4985073,5177354,5031157,5142959
RE44445,4985244,5177541,5030703,5142689
RE44446,4985483,5177637,5030668,5143158
RE44447,4985647,5177379,5030718,5144206
RE44448,4985166,5177082,5032217,5143080
RE44449,4984962,5177167,5031814,5145713
RE44450,4985335,5177477,5031423,5143282
RE44451,4985288,5177607,5031160,5145138
RE44452,4985375,5177683,5032574,5145322
RE44453,4985346,5177581,5033247,5145443
RE44454,4985187,5177614,5033047,5146353
RE44455,4985278,5177832,5034180,5145921
RE44456,4985453,5177486,5033476,5147590
RE44457,4985478,5177552,5034569,5147010
RE44458,4985544,5177720,5036306,5149107
RE44459,4985359,5177822,5035134,5149901
ADC_LIMIT:4985935,5178139,5042482,5154990,4983439,5175378,5028350,5140780
RE44460,4985533,5177531,5035662,5148849
RE44461,4985467,5177819,5036590,5148982
RE44462,4985397,5177673,5035782,5149459
RE44463,4985574,5177955,5035300,5151526
RE44464,4985478,5177621,5037227,5149711
RE44465,4985223,5177285,5039164,5149904
RE44466,4985538,5177199,5038174,5149903
RE44467,4985192,5177493,5037665,5149596
RE44468,4985273,5177257,5037892,5148615
RE44469,4985427,5177216,5037920,5149653
RE44470,4985492,5177480,5038215,5150062
RE44471,4985219,5177573,5035889,5151455
RE44472,4985207,5177682,5037709,5151083
RE44473,4985413,5177384,5035986,5150627
RE44474,4984993,5177341,5036840,5150115
RE44475,4985402,5177526,5035950,5149882
RE44476,4985008,5177179,5034871,5149451
RE44477,4985054,5177269,5035484,5148819
ADC_LIMIT:4985935,5178139,5042482,5154990,4983439,5175378,5028350,5140780
RE44478,4985124,5177400,5035480,5146810
RE44479,4985505,5177454,5035919,5148060
RE44480,4985243,5177593,5034766,5146455
RE44481,4985403,5177399,5035327,5147241
RE44482,4985213,5177263,5034091,5147530
RE44483,4985241,5177198,5035234,5146061
RE44484,4985118,5177282,5035691,5145368
RE44485,4985481,5177430,5032335,5147272
RE44486,4985431,5177626,5032524,5145038
RE44487,4985242,5177217,5033532,5144746
RE44488,4985465,5177585,5032589,5144607
RE44489,4985113,5177395,5032366,5144128
RE44490,4985346,5177084,5033298,5146024
RE44491,4985470,5177441,5032352,5144593
RE44492,4985334,5177436,5031390,5142933
RE44493,4985329,5177360,5033626,5143091
RE44494,4985414,5177655,5032021,5145797
ADC_LIMIT:4985935,5178139,5042482,5154990,4983439,5175378,5028350,5140780
RE44495,4985651,5177407,5032095,5143534
RE44496,4985461,5177797,5031709,5145104
RE44497,4985339,5177423,5033881,5145508
RE44498,4985220,5177697,5031813,5145562
RE44499,4985458,5177608,5032945,5144334
RE44500,4985657,5177451,5033671,5145847
RE44501,4985424,5177484,5034089,5146117
RE44502,4985531,5176897,5034507,5146641
RE44503,4985448,5177336,5034566,5147152
RE44504,4985359,5177611,5035120,5147956
RE44505,4985219,5177524,5034924,5149154
RE44506,4985323,5177131,5036403,5149059
RE44507,4985337,5177460,5037087,5148995
RE44508,4985103,5177185,5038514,5149788
RE44509,4985243,5177595,5036763,5150279
RE44510,4985193,5177611,5036757,5150649
RE44511,4984910,5177526,5038164,5150532
RE44512,4985242,5177561,5038127,5150043
ADC_LIMIT:4985935,5178139,5042482,5154990,4983439,5175378,5028350,5140780
RE44513,4985244,5177476,5037895,5151096
RE44514,4985400,5177617,5037902,5150711
RE44515,4985200,5177128,5038326,5151411
RE44516,4985282,5177511,5038831,5150062
RE44517,4985414,5177408,5037677,5150238
RE44518,4985250,5177250,5038818,5150315
RE44519,4985340,5177318,5036630,5150176
RE44520,4985196,5177166,5037454,5150141
RE44521,4984985,5177724,5037039,5149928
RE44522,4984889,5177219,5037086,5149104
RE44523,4985354,5177529,5036608,5147276
RE44524,4984969,5177355,5035385,5147332
RE44525,4985163,5177489,5034812,5146625
RE44526,4984986,5177649,5033303,5144870
RE44527,4985358,5177740,5034166,5145245
RE44528,4985202,5177519,5033980,5145414
RE44529,4985186,5177580,5032688,5145036
RE44530,4985283,5177394,5031875,5144064
ADC_LIMIT:4985935,5178139,5042482,5154990,4983439,5175378,5028350,5140780
RE44531,4985268,5177425,5031469,5143179
RE44532,4985244,5177519,5031924,5143420
RE44533,4985309,5177539,5030640,5144637
RE44534,4985097,5177583,5030904,5142490
RE44535,4985611,5177573,5030682,5143843
RE44536,4985427,5177367,5029923,5142883
RE44537,4985470,5177185,5030996,5141397
RE44538,4985371,5177469,5031194,5142798
RE44539,4985609,5177523,5029965,5142727
RE44540,4985041,5177801,5031337,5143390
RE44541,4985276,5177685,5031429,5143461
RE44542,4985421,5177444,5031160,5143900
RE44543,4985273,5177763,5031293,5143915
RE44544,4985416,5177705,5032001,5146154
RE44545,4985140,5177515,5032736,5146090
RE44546,4985398,5177479,5033364,5146067
RE44547,4985167,5177408,5035335,5147067
ADC_LIMIT:4985935,5178139,5042482,5154990,4983439,5175378,5028350,5140780
RE44548,4985304,5177040,5035493,5146757
RE44549,4985138,5177506,5036093,5149016
RE44550,4985171,5177245,5036914,5149777
RE44551,4984943,5177363,5035931,5147795
RE44552,4985506,5177493,5037066,5150071
RE44553,4985117,5177281,5037753,5151531
RE44554,4985202,5177350,5039711,5148865
RE44555,4985268,5177583,5039885,5152539
RE44556,4985561,5177568,5038777,5152977
RE44557,4985387,5177569,5037978,5151086
RE44558,4985214,5177179,5039426,5152930
RE44559,4985150,5177677,5040041,5151277
RE44560,4985466,5177698,5039431,5151776
RE44561,4985233,5177264,5039363,5150834
RE44562,4985353,5177469,5037893,5151275
RE44563,4985530,5177736,5037968,5150286
RE44564,4985336,5177416,5037774,5151287
RE44565,4985439,5177475,5038395,5148856
ADC_LIMIT:4985935,5178139,5042482,5154990,4983439,5175378,5028350,5140780
RE44566,4985282,5177456,5038556,5149415
RE44567,4985205,5177687,5036407,5149307
RE44568,4985321,5177298,5034904,5147167
RE44569,4985068,5177436,5036427,5147869
RE44570,4985584,5177526,5034731,5146811
RE44571,4985343,5177094,5034679,5148203
RE44572,4985140,5177247,5033184,5145127
RE44573,4985377,5176929,5032747,5145950
RE44574,4985496,5177193,5034136,5145206
RE44575,4985398,5177213,5033223,5143765
RE44576,4985317,5177072,5033143,5144107
RE44577,4984948,5177254,5031679,5143641
RE44578,4984937,5177411,5031457,5143978
RE44579,4985469,5177085,5032574,5142885
RE44580,4984885,5177540,5031598,5142669
RE44581,4985081,5177462,5032474,5143976
RE44582,4985341,5177421,5032083,5143469
RE44583,4985505,5177128,5029841,5143095
ADC_LIMIT:4985935,5178139,5042482,5154990,4983439,5175378,5028350,5140780
RE44584,4985097,5177221,5031058,5144179
RE44585,4985382,5177482,5031405,5145333
RE44586,4985348,5177287,5031302,5143436
RE44587,4985181,5177368,5031953,5144739
RE44588,4985135,5177220,5032954,5145577
RE44589,4985211,5177203,5033325,5145508
RE44590,4985255,5177259,5032553,5145624
RE44591,4985433,5177656,5033400,5145479
RE44592,4985402,5177717,5033329,5145892
RE44593,4985357,5177495,5033282,5146017
RE44594,4985044,5177358,5034651,5147460
RE44595,4985171,5177266,5034098,5148100
RE44596,4984936,5177269,5035198,5148082
RE44597,4985189,5177525,5035381,5147652
RE44598,4985246,5177559,5036364,5149324
RE44599,4985422,5177208,5035899,5149511
RE44600,4985456,5177417,5036487,5149262
ADC_LIMIT:4985935,5178139,5042482,5154990,4983439,5175378,5028350,5140780
RE44601,4985335,5177377,5037526,5149917
RE44602,4985170,5177135,5036026,5149674
RE44603,4985203,5177443,5037669,5149495
RE44604,4985436,5177452,5038721,5150493
RE44605,4985232,5177388,5037600,5149727
RE44606,4985060,5177288,5037974,5150641
RE44607,4985332,5177282,5038469,5148178
RE44608,4985191,5177380,5037808,5150027
RE44609,4985148,5177278,5037731,5150117
RE44610,4985316,5177379,5037355,5148814
RE44611,4985062,5177538,5038027,5149563
RE44612,4985267,5177697,5036209,5147875
RE44613,4985387,5177332,5036299,5147173
RE44614,4985410,5177509,5035758,5148532
RE44615,4985481,5177641,5034038,5146390
RE44616,4985275,5177456,5035622,5147232
RE44617,4984991,5177320,5033615,5146932
RE44618,4985185,5177415,5034275,5147162
ADC_LIMIT:4985935,5178139,5042482,5154990,4983439,5175378,5028350,5140780
RE44619,4985064,5177611,5034140,5145998
RE44620,4985473,5177370,5032517,5147398
RE44621,4985043,5177423,5031319,5143680
RE44622,4985288,5177065,5030229,5143963
RE44623,4985063,5176920,5031048,5144514
RE44624,4985177,5177132,5029482,5143258
RE44625,4985268,5177257,5030878,5141490
RE44626,4985323,5177223,5030790,5142355
RE44627,4985356,5177309,5030587,5142906
RE44628,4985285,5177410,5028816,5143693
RE44629,4985039,5177540,5030553,5142614
RE44630,4985273,5177485,5030622,5143157
RE44631,4985384,5177567,5031156,5143649
RE44632,4985547,5177302,5031731,5143206
RE44633,4985393,5177482,5030718,5145008
RE44634,4985363,5177038,5032849,5143988
RE44635,4985300,5177752,5033586,5144970
RE44636,4985292,5177385,5033632,5146280
ADC_LIMIT:4985935,5178139,5042482,5154990,4983439,5175378,5028350,5140780
RE44637,4985457,5177363,5034334,5147031
RE44638,4985332,5177477,5032932,5147488
RE44639,4985410,5177724,5035906,5148278
RE44640,4985180,5177286,5036677,5148775
RE44641,4985236,5177207,5035533,5148660
RE44642,4985148,5176944,5035793,5150720
RE44643,4985344,5177378,5037216,5150671
RE44644,4984747,5177523,5037925,5150643
RE44645,4985123,5177388,5038246,5150823
RE44646,4985271,5177443,5037960,5151803
RE44647,4985314,5177354,5039279,5151121
RE44648,4985336,5177498,5038776,5151506
RE44649,4985381,5178001,5038541,5152677
RE44650,4985203,5177562,5039230,5152727
RE44651,4984981,5177492,5038471,5151419
RE44652,4984928,5177350,5039174,5151170
RE44653,4985258,5177389,5039242,5151669
ADC_LIMIT:4985935,5178139,5042482,5154990,4983439,5175378,5028350,5140780
RE44654,4985586,5177268,5037418,5149040
RE44655,4985304,5177145,5037239,5150832
RE44656,4985420,5177582,5037466,5148875
RE44657,4985376,5177246,5036653,5148713
RE44658,4985120,5177364,5035687,5148693
RE44659,4985253,5177443,5035607,5147130
RE44660,4984890,5177318,5035019,5146354
RE44661,4984924,5177709,5033148,5146526
RE44662,4985301,5177294,5033917,5146608
RE44663,4985090,5177213,5032333,5146042
RE44664,4984930,5177496,5033712,5143607
RE44665,4985194,5177149,5032312,5145700
RE44666,4985384,5177022,5031537,5143838
RE44667,4985202,5177367,5032084,5142889
RE44668,4985022,5177489,5032719,5143890
RE44669,4985352,5177468,5030712,5142045
RE44670,4985312,5177403,5030064,5143075
RE44671,4985465,5177464,5029560,5143554
ADC_LIMIT:4985935,5178139,5042482,5154990,4983439,5175378,5028350,5140780
RE44672,4985129,5177550,5029068,5143400
RE44673,4985516,5177571,5029920,5144132
RE44674,4985527,5177546,5029865,5143442
RE44675,4985462,5177430,5030934,5142838
RE44676,4985305,5177181,5031082,5143652
RE44677,4985294,5177396,5032269,5143860
RE44678,4985215,5177197,5031576,5144060
RE44679,4985268,5177400,5031745,5145108
RE44680,4985177,5177421,5033551,5145457
RE44681,4985589,5177474,5033960,5145220
RE44682,4985611,5177440,5033826,5146728
RE44683,4985378,5177382,5035694,5147176
RE44684,4985314,5177254,5037015,5148045
RE44685,4985248,5177521,5036003,5148569
RE44686,4985108,5177329,5036088,5147582
RE44687,4985056,5177508,5036057,5148514
RE44688,4985301,5177574,5037195,5149374
RE44689,4985276,5177591,5036751,5149458
ADC_LIMIT:4985935,5178139,5042482,5154990,4983439,5175378,5028350,5140780
RE44690,4985539,5177415,5037940,5148358
RE44691,4985413,5177424,5037870,5148316
RE44692,4985343,5177575,5035529,5149557
RE44693,4985119,5177457,5037281,5150106
RE44694,4985042,5177064,5039216,5150128
RE44695,4985383,5177209,5036459,5149240
RE44696,4985146,5176883,5036981,5149824
RE44697,4985274,5177599,5037357,5150087
RE44698,4985096,5177306,5036585,5150513
RE44699,4985298,5177473,5037429,5149658
RE44700,4985110,5177686,5037540,5149370
RE44701,4985226,5177477,5037555,5149106
RE44702,4985475,5177716,5037602,5150926
RE44703,4985413,5177608,5037803,5148944
RE44704,4985155,5177300,5036059,5148234
RE44705,4985275,5177291,5036742,5148815
RE44706,4984908,5177058,5036477,5148863
ADC_LIMIT:4985935,5178139,5042482,5154990,4983439,5175378,5028350,5140780
RE44707,4984950,5177230,5034350,5147329
RE44708,4985357,5177423,5035094,5148198
RE44709,4984973,5177328,5034755,5147496
RE44710,4985151,5177254,5035102,5146785
RE44711,4985465,5177649,5035785,5145904
RE44712,4985249,5177101,5032325,5147047
RE44713,4985174,5177339,5032717,5145815
RE44714,4985035,5177276,5032991,5144564
RE44715,4985211,5177420,5033232,5145854
RE44716,4985185,5177324,5031421,5145366
RE44717,4985042,5177347,5032172,5145470
RE44718,4985491,5177520,5031800,5145818
RE44719,4985338,5177405,5030143,5144861
RE44720,4985226,5177404,5031289,5145738
RE44721,4985399,5177629,5033546,5144456
RE44722,4985194,5177377,5032093,5144534
RE44723,4985184,5177484,5031918,5145490
RE44724,4985277,5177246,5032684,5144585
ADC_LIMIT:4985935,5178139,5042482,5154990,4983439,5175378,5028350,5140780
RE44725,4985435,5177145,5032604,5146795
RE44726,4985541,5177279,5033373,5144863
RE44727,4985130,5177770,5034289,5145919
RE44728,4985598,5177334,5034866,5145696
RE44729,4985326,5177224,5034223,5145861
RE44730,4985140,5177110,5034885,5146920
RE44731,4985066,5177317,5033885,5147481
RE44732,4985500,5177669,5035866,5148710
RE44733,4985190,5177527,5035001,5148912
RE44734,4985505,5177806,5036102,5148954
RE44735,4985290,5177655,5037361,5148966
RE44736,4985652,5177481,5036589,5151044
RE44737,4985148,5177483,5037353,5151821
RE44738,4985222,5177473,5038209,5150362
RE44739,4985343,5177497,5036437,5152982
RE44740,4985003,5177510,5039140,5150805
RE44741,4985313,5177602,5039271,5152051
RE44742,4985456,5177435,5038632,5149604
ADC_LIMIT:4985935,5178139,5042482,5154990,4983439,5175378,5028350,5140780
RE44743,4985357,5177343,5036697,5151212
RE44744,4985048,5177448,5038114,5151107
RE44745,4985735,5177333,5037393,5151379
RE44746,4985340,5177389,5038409,5149929
RE44747,4985355,5177173,5037548,5149495
RE44748,4985163,5177142,5036451,5149550
RE44749,4985212,5177442,5036766,5148975
RE44750,4985393,5177458,5036137,5148121
RE44751,4985273,5177245,5036547,5147504
RE44752,4985465,5177607,5034813,5147679
RE44753,4985254,5177722,5033480,5145901
RE44754,4985658,5177555,5032414,5146882
RE44755,4985017,5177821,5032792,5145118
RE44756,4985463,5177370,5032967,5145549
RE44757,4985168,5177514,5031422,5144442
RE44758,4985504,5177526,5030087,5145677
RE44759,4984898,5177455,5032338,5143499
ADC_LIMIT:4985935,5178139,5042482,5154990,4983439,5175378,5028350,5140780
RE44760,4985169,5177615,5030698,5142584
RE44761,4985182,5177754,5030767,5143537
RE44762,4985325,5177519,5031346,5142677
RE44763,4985340,5177518,5030041,5143477
RE44764,4985318,5177260,5028938,5143059
RE44765,4985191,5177305,5029965,5143219
RE44766,4985441,5177637,5030794,5142514
RE44767,4985388,5177778,5030510,5142729
RE44768,4985321,5177695,5030847,5144716
RE44769,4985688,5177488,5032131,5144636
RE44770,4985173,5177349,5032645,5145078
RE44771,4985293,5177727,5032112,5144130
RE44772,4985009,5177522,5031862,5145791
RE44773,4985230,5177676,5033250,5147085
RE44774,4985331,5177540,5034275,5147691
RE44775,4985500,5177963,5035498,5148110
RE44776,4985425,5177487,5035077,5148435
RE44777,4985648,5177668,5034172,5148985
ADC_LIMIT:4985935,5178139,5042482,5154990,4983439,5175378,5028350,5140780
RE44778,4985543,5177317,5036655,5149764
RE44779,4984932,5177202,5037632,5150385
RE44780,4985345,5177474,5038275,5150761
RE44781,4985487,5177755,5039078,5151110
RE44782,4985218,5177462,5038545,5150239
RE44783,4985433,5177231,5038557,5150841
RE44784,4985466,5177625,5037951,5151887
RE44785,4985402,5177607,5040247,5151405
RE44786,4985599,5177526,5038952,5151327
RE44787,4985227,5177600,5039598,5153659
RE44788,4985132,5177817,5040228,5151282
RE44789,4985260,5177856,5040260,5151848
RE44790,4985452,5177817,5038088,5150581
RE44791,4985532,5177889,5037624,5150615
RE44792,4985390,5177734,5037779,5149311
RE44793,4985246,5177549,5037526,5151286
RE44794,4985254,5177667,5036727,5148379
RE44795,4985348,5177675,5036607,5147851
ADC_LIMIT:4985935,5178139,5042482,5154990,4983439,5175378,5028350,5140780
RE44796,4985374,5177484,5036682,5146739
RE44797,4985468,5177445,5035616,5148627
RE44798,4985333,5177770,5034818,5146985
RE44799,4985402,5177240,5034106,5146346
RE44800,4985229,5177353,5033452,5145560
RE44801,4985480,5177122,5032992,5145777
RE44802,4985131,5177664,5032776,5144358
RE44803,4985316,5177727,5031940,5145062
RE44804,4985157,5177537,5032909,5144118
RE44805,4985324,5177004,5033434,5144829
RE44806,4985200,5177547,5030717,5144452
RE44807,4985161,5177861,5031615,5143226
RE44808,4985210,5177624,5031620,5143670
RE44809,4985304,5177632,5030130,5141749
RE44810,4985471,5177502,5031565,5142684
RE44811,4985376,5177547,5030439,5143957
RE44812,4985666,5177790,5031144,5144128
ADC_LIMIT:4985935,5178139,5042482,5154990,4983439,5175378,5028350,5140780
RE44813,4985219,5177822,5031413,5143669
RE44814,4985351,5177422,5032079,5145108
RE44815,4985299,5177911,5031587,5144833
RE44816,4985433,5177496,5032648,5144304
RE44817,4985586,5177292,5031599,5145921
RE44818,4985355,5177388,5031886,5145635
RE44819,4985327,5177615,5033565,5147029
RE44820,4985085,5177535,5033767,5145663
RE44821,4985397,5177571,5033465,5146137
RE44822,4985144,5177410,5033853,5148197
RE44823,4985080,5177374,5034365,5147002
RE44824,4985223,5177582,5035615,5149071
RE44825,4985248,5177515,5036201,5148109
RE44826,4985486,5177574,5036853,5147817
RE44827,4985190,5177400,5036256,5149205
RE44828,4984906,5177125,5036298,5149757
RE44829,4985253,5177191,5037216,5151230
RE44830,4985025,5177469,5036637,5151971
ADC_LIMIT:4985935,5178139,5042482,5154990,4983439,5175378,5028350,5140780
RE44831,4985321,5177412,5037396,5149232
RE44832,4984723,5177273,5036092,5149471
RE44833,4984831,5176970,5037608,5150159
RE44834,4984998,5177130,5037472,5149712
RE44835,4984917,5177196,5036073,5149653
RE44836,4985517,5177061,5038633,5151106
RE44837,4985055,5177242,5037023,5149976
RE44838,4985229,5177233,5037954,5149294
RE44839,4984939,5177241,5036808,5149030
RE44840,4985226,5177277,5037988,5149329
RE44841,4984983,5177306,5036407,5148572
RE44842,4985379,5177332,5035468,5148165
RE44843,4985236,5177182,5035370,5148520
RE44844,4985210,5177227,5033445,5147602
RE44845,4985052,5177136,5034337,5146301
RE44846,4985111,5177218,5032136,5146202
RE44847,4985314,5177555,5034261,5144896
RE44848,4985029,5177622,5033245,5144145
ADC_LIMIT:4985935,5178139,5042482,5154990,4983439,5175378,5028350,5140780
RE44849,4985270,5177558,5032700,5143829
RE44850,4985246,5177567,5032561,5144293
RE44851,4985169,5177067,5030205,5143625
RE44852,4985394,5177232,5030864,5142264
RE44853,4985398,5176845,5030422,5144044
RE44854,4985331,5177471,5030461,5142543
RE44855,4985191,5177609,5029978,5142433
RE44856,4985094,5177341,5031248,5143405
RE44857,4984980,5177585,5030615,5142803
RE44858,4985253,5177410,5030103,5144134
RE44859,4985256,5177711,5031330,5144392
RE44860,4985009,5177310,5030641,5143980
RE44861,4985063,5177488,5031443,5145622
RE44862,4985368,5177776,5031678,5146497
RE44863,4985380,5177533,5032609,5146276
RE44864,4985176,5177545,5033467,5145967
RE44865,4985213,5177407,5033776,5148040
ADC_LIMIT:4985935,5178139,5042482,5154990,4983439,5175378,5028350,5140780
RE44866,4985511,5177434,5034554,5146680
RE44867,4985402,5177431,5034546,5148679
RE44868,4985379,5177396,5034863,5148342
RE44869,4985495,5177641,5036253,5147742
RE44870,4984898,5177196,5036787,5149652
RE44871,4985376,5177465,5035240,5151499
RE44872,4985186,5177234,5037088,5152347
RE44873,4985436,5177333,5038167,5151019
RE44874,4985169,5177562,5038772,5151494
RE44875,4985233,5177180,5038775,5151725
RE44876,4985124,5177416,5038538,5150570
RE44877,4985595,5177532,5039578,5152220
RE44878,4985397,5177482,5040891,5150792
RE44879,4985276,5177344,5039317,5150887
RE44880,4984966,5177236,5037682,5153624
RE44881,4985110,5177251,5039114,5150492
RE44882,4985316,5177341,5037976,5150543
RE44883,4984875,5177145,5037183,5150143
ADC_LIMIT:4985935,5178139,5042482,5154990,4983439,5175378,5028350,5140780
RE44884,4985302,5177367,5038115,5149121
RE44885,4985080,5177279,5037605,5149063
RE44886,4985314,5177401,5036250,5147908
RE44887,4985361,5177056,5036081,5148342
RE44888,4985194,5177344,5035095,5148366
RE44889,4985353,5177492,5034166,5147704
RE44890,4985439,5177603,5035233,5145160
RE44891,4985151,5177265,5033093,5145576
RE44892,4985434,5177528,5029845,5146513
RE44893,4985018,5177308,5031730,5145236
RE44894,4985215,5177222,5032114,5145449
RE44895,4985022,5177216,5030611,5143609
RE44896,4985033,5177376,5031523,5143779
RE44897,4985257,5177707,5029460,5143869
RE44898,4985439,5177695,5029689,5142367
RE44899,4985423,5177844,5030542,5143964
RE44900,4985710,5177757,5030487,5144108
RE44901,4985578,5177882,5030921,5143182
ADC_LIMIT:4985935,5178139,5042482,5154990,4983439,5175378,5028350,5140780
RE44902,4985241,5177304,5031168,5141517
RE44903,4985277,5177842,5030280,5142078
RE44904,4985314,5177237,5030182,5145549
RE44905,4985213,5177221,5031715,5144379
RE44906,4985610,5177281,5032676,5144168
RE44907,4984931,5177590,5032159,5144732
RE44908,4985237,5177540,5033377,5146750
RE44909,4985541,5177587,5033615,5145342
RE44910,4985387,5177284,5034330,5146282
RE44911,4985278,5177533,5034502,5147990
RE44912,4985601,5177594,5035541,5147338
RE44913,4985505,5177255,5034893,5147983
RE44914,4985108,5177592,5034708,5147988
RE44915,4985271,5177547,5035757,5149017
RE44916,4985104,5177479,5035285,5149726
RE44917,4985089,5177672,5035035,5147354
RE44918,4985362,5177459,5036284,5149250
ADC_LIMIT:4985935,5178139,5042482,5154990,4983439,5175378,5028350,5140780
RE44919,4985175,5177186,5037192,5149441
RE44920,4985167,5177760,5036381,5149297
RE44921,4985439,5177297,5036064,5151138
RE44922,4984930,5177636,5037533,5148981
RE44923,4985296,5177355,5037831,5148706
RE44924,4985224,5177261,5037537,5148461
RE44925,4985117,5177430,5037952,5149473
RE44926,4985369,5177386,5036859,5147856
RE44927,4985312,5177273,5036563,5150265
RE44928,4985453,5177241,5037789,5149228
RE44929,4985153,5177549,5036694,5150690
RE44930,4984847,5177188,5036486,5147996
RE44931,4985248,5177085,5036934,5148283
RE44932,4985350,5177091,5036917,5149311
RE44933,4985244,5177248,5038075,5149229
RE44934,4985054,5177284,5035590,5148875
RE44935,4985273,5177393,5033344,5148456
RE44936,4985326,5177339,5034752,5146961
ADC_LIMIT:4985935,5178139,5042482,5154990,4983439,5175378,5028350,5140780
RE44937,4985014,5177382,5032990,5147010
RE44938,4985168,5177359,5034561,5147020
RE44939,4985208,5177382,5033089,5146638
RE44940,4985185,5177532,5033455,5147020
RE44941,4985115,5177158,5032661,5145495
RE44942,4984939,5177117,5032855,5144447
RE44943,4985208,5177523,5032680,5144884
RE44944,4985568,5177428,5031110,5145133
RE44945,4985393,5177465,5031612,5144344
RE44946,4985337,5177372,5031158,5144282
RE44947,4985371,5177567,5031772,5143530
RE44948,4985653,5177535,5030970,5144879
RE44949,4985454,5177484,5030614,5144994
RE44950,4985667,5177326,5032516,5144490
RE44951,4985446,5177888,5032038,5145069
RE44952,4985662,5177757,5032799,5145832
RE44953,4985522,5177987,5033256,5145661
RE44954,4985271,5177676,5032380,5145934
ADC_LIMIT:4985935,5178139,5042482,5154990,4983439,5175378,5028350,5140780
RE44955,4985773,5177661,5033841,5146574
RE44956,4985622,5178119,5034596,5146145
RE44957,4985442,5177587,5033942,5146932
RE44958,4985105,5177393,5035073,5147072
RE44959,4985444,5177420,5034715,5147680
RE44960,4985216,5177308,5035160,5147708
RE44961,4985305,5177617,5037846,5148924
RE44962,4985245,5177463,5036000,5150459
RE44963,4985287,5177471,5035755,5149774
RE44964,4985204,5177589,5036328,5149812
RE44965,4985380,5177093,5037753,5150417
RE44966,4985263,5177644,5038893,5150789
RE44967,4985141,5177210,5037592,5150675
RE44968,4985522,5178031,5038957,5150370
RE44969,4985519,5177410,5038574,5150691
RE44970,4985465,5177395,5038804,5151078
RE44971,4985312,5177555,5038392,5151317
ADC_LIMIT:4985935,5178139,5042482,5154990,4983439,5175378,5028350,5140780
RE44972,4985555,5177486,5036826,5151945
RE44973,4984753,5177061,5037018,5150401
RE44974,4985003,5177368,5037127,5150547
RE44975,4985296,5177254,5037544,5149015
RE44976,4985377,5177459,5036476,5148519
RE44977,4985161,5177437,5036332,5147845
RE44978,4985185,5177420,5035221,5149047
RE44979,4985657,5177400,5035962,5146353
RE44980,4985197,5177530,5033679,5146959
RE44981,4985314,5177381,5033572,5144956
RE44982,4985055,5177418,5032694,5144942
RE44983,4985266,5177600,5031937,5145192
RE44984,4985412,5177435,5031773,5144080
RE44985,4985094,5177463,5031875,5145917
RE44986,4985539,5177249,5030439,5144582
RE44987,4985179,5177226,5031274,5142387
RE44988,4985302,5177365,5031144,5142079
RE44989,4984978,5177242,5031414,5143608
ADC_LIMIT:4985935,5178139,5042482,5154990,4983439,5175378,5028350,5140780
RE44990,4985463,5177332,5030480,5143233
RE44991,4985118,5177240,5029611,5142159
RE44992,4984929,5177165,5029201,5142531
RE44993,4985171,5177298,5030757,5142315
RE44994,4985608,5177410,5029974,5144725
RE44995,4985364,5177442,5028328,5143685
RE44996,4985069,5177572,5030563,5143963
RE44997,4985277,5177610,5031012,5144519
RE44998,4985382,5177544,5031069,5143921
RE44999,4985436,5177373,5032666,5146401
RE45000,4985290,5177609,5032956,5145819
RE45001,4985333,5177190,5032999,5146849
RE45002,4985534,5177696,5033230,5147588
RE45003,4985316,5177678,5035546,5149185
RE45004,4985324,5177515,5036115,5148463
RE45005,4985090,5177447,5036549,5149756
RE45006,4985386,5177459,5037730,5149057
RE45007,4985572,5177406,5037990,5150669
ADC_LIMIT:4985935,5178139,5042482,5154990,4983439,5175378,5028328,5140780
RE45008,4985470,5177437,5037262,5150324
RE45009,4985293,5177653,5038413,5151363
RE45010,4985165,5177656,5038138,5150867
RE45011,4985079,5177314,5037883,5151402
RE45012,4985131,5177749,5037987,5151784
RE45013,4985193,5177508,5039795,5150698
RE45014,4985376,5177401,5038788,5151785
RE45015,4985341,5177462,5039459,5152809
RE45016,4985391,5177372,5039510,5150634
RE45017,4985167,5177648,5038524,5151535
RE45018,4985464,5177717,5039735,5150929
RE45019,4985419,5177816,5037827,5151325
RE45020,4985406,5177466,5037617,5149662
RE45021,4985362,5177493,5037147,5148852
RE45022,4985141,5177276,5036646,5148726
RE45023,4985314,5177521,5035728,5148921
RE45024,4985461,5177493,5036188,5146696
ADC_LIMIT:4985935,5178139,5042482,5154990,4983439,5175378,5028328,5140780
RE45025,4985305,5177884,5035179,5145711
RE45026,4985586,5177639,5034299,5146976
RE45027,4985152,5177571,5033869,5147888
RE45028,4985300,5177190,5032300,5145416
RE45029,4985282,5177350,5032036,5147567
RE45030,4985272,5177372,5032767,5144552
RE45031,4985580,5177729,5033374,5144269
RE45032,4985215,5177559,5030713,5144447
RE45033,4985509,5177787,5032824,5144319
RE45034,4985447,5177396,5031154,5144705
RE45035,4985356,5177542,5030360,5144488
RE45036,4985545,5177718,5030882,5142692
RE45037,4985531,5177825,5030604,5143360
RE45038,4985493,5177870,5031522,5145115
RE45039,4985685,5177839,5031455,5143561
RE45040,4985332,5177520,5032544,5141897
RE45041,4985502,5177743,5031214,5144136
RE45042,4985463,5177332,5033667,5144947
ADC_LIMIT:4985935,5178139,5042482,5154990,4983439,5175378,5028328,5140780
RE45043,4985391,5177549,5034408,5145321
RE45044,4985421,5178011,5032400,5144908
RE45045,4985309,5177388,5031811,5144219
RE45046,4985479,5177187,5032261,5145606
RE45047,4985314,5177285,5034630,5145402
RE45048,4985203,5177351,5033240,5146506
RE45049,4985110,5177611,5033356,5146836
RE45050,4985409,5177444,5031261,5147684
RE45051,4984849,5177442,5035102,5148887
RE45052,4985485,5177680,5033690,5148541
RE45053,4985420,5177379,5035045,5148127
RE45054,4984981,5177414,5036064,5148356
RE45055,4985394,5177351,5037609,5150089
RE45056,4985253,5177507,5036079,5149451
RE45057,4985196,5177812,5036341,5149326
RE45058,4985339,5177325,5036013,5149644
RE45059,4985289,5177485,5036990,5149590
RE45060,4985319,5177345,5037851,5150451
ADC_LIMIT:4985935,5178139,5042482,5154990,4983439,5175378,5028328,5140780
RE45061,4985372,5177404,5038468,5150371
RE45062,4985236,5177437,5039703,5150861
RE45063,4985227,5177539,5037464,5150387
RE45064,4985220,5177320,5038348,5149873
RE45065,4984914,5177119,5038360,5148603
RE45066,4985441,5177361,5037415,5151162
RE45067,4985260,5177671,5037028,5149743
RE45068,4985232,5177698,5036279,5149090
RE45069,4985365,5177613,5035837,5147157
RE45070,4985035,5177532,5036405,5148532
RE45071,4985351,5177530,5035591,5147446
RE45072,4985149,5177456,5034613,5146799
RE45073,4985118,5177855,5034870,5146026
RE45074,4985173,5177478,5032412,5146069
RE45075,4985157,5177603,5032851,5145448
RE45076,4985144,5177358,5031766,5146818
RE45077,4985120,5177665,5032656,5145265
ADC_LIMIT:4985935,5178139,5042482,5154990,4983439,5175378,5028328,5140780
RE45078,4985321,5177398,5032462,5144463
RE45079,4985708,5177657,5030770,5144113
RE45080,4985368,5177412,5032476,5143220
RE45081,4985342,5177309,5031259,5143491
RE45082,4985779,5177646,5030789,5142936
RE45083,4985433,5177771,5031682,5143525
RE45084,4985246,5177709,5031226,5141997
RE45085,4985316,5177606,5031059,5144767
RE45086,4985667,5177403,5031539,5143320
RE45087,4985280,5177539,5030263,5143045
RE45088,4985066,5177495,5031441,5143976
RE45089,4985549,5177244,5032788,5145555
RE45090,4985156,5177625,5031599,5144811
RE45091,4985324,5177484,5033063,5146567
RE45092,4985031,5177363,5033451,5146697
RE45093,4985428,5177608,5034153,5148327
RE45094,4985484,5177925,5033813,5147943
RE45095,4985354,5177318,5034344,5148386
ADC_LIMIT:4985935,5178139,5042482,5154990,4983439,5175378,5028328,5140780
RE45096,4985572,5177819,5036316,5150558
RE45097,4985317,5177545,5036458,5149517
RE45098,4985544,5177168,5036640,5149434
RE45099,4985540,5177370,5038648,5150628
RE45100,4985444,5177294,5038520,5149714
RE45101,4985430,5177580,5038046,5151177
RE45102,4985001,5177373,5038785,5151051
RE45103,4985413,5177722,5039551,5150810
RE45104,4985390,5177705,5039214,5152157
RE45105,4985410,5177310,5039285,5153262
RE45106,4985405,5177237,5038318,5152120
RE45107,4985138,5177258,5038373,5150772
RE45108,4985444,5176982,5038587,5149614
RE45109,4985177,5177588,5037729,5150637
RE45110,4985460,5177831,5036864,5150940
RE45111,4985152,5177481,5038018,5150663
RE45112,4985244,5177845,5037404,5148974
RE45113,4985002,5177639,5037007,5148311
ADC_LIMIT:4985935,5178139,5042482,5154990,4983439,5175378,5028328,5140780
RE45114,4985331,5177601,5036134,5145707
RE45115,4985448,5177557,5034600,5145096
RE45116,4985135,5177219,5034657,5147781
RE45117,4985146,5177136,5033822,5145827
RE45118,4985710,5177406,5033704,5145443
RE45119,4985602,5177731,5032514,5146409
RE45120,4985528,5177392,5031595,5145069
RE45121,4985217,5177446,5031780,5143808
RE45122,4985579,5177416,5030855,5143345
RE45123,4985532,5177644,5031008,5143916
RE45124,4985539,5177568,5029846,5143702
RE45125,4985413,5177409,5031706,5141747
RE45126,4985267,5177786,5029828,5142685
RE45127,4985715,5177468,5030087,5142953
RE45128,4985434,5177219,5030404,5144846
RE45129,4985762,5177487,5032471,5142915
RE45130,4985395,5177574,5031565,5143111
ADC_LIMIT:4985935,5178139,5042482,5154990,4983439,5175378,5028328,5140780
RE45131,4985355,5177447,5030681,5143384
RE45132,4985280,5177281,5031570,5143563
RE45133,4985477,5177591,5032322,5143818
RE45134,4985111,5177118,5032576,5146073
RE45135,4985623,5177105,5034024,5145301
RE45136,4985512,5177798,5034563,5146300
RE45137,4985526,5177553,5034437,5146836
RE45138,4985260,5177429,5034405,5145135
RE45139,4985378,5177226,5033236,5146849
RE45140,4985090,5177486,5035819,5147070
RE45141,4985185,5177425,5034733,5147829
RE45142,4985332,5177691,5036918,5147779
RE45143,4985538,5177380,5035586,5149440
RE45144,4985285,5177566,5035906,5149342
RE45145,4985100,5177458,5037742,5148657
RE45146,4985346,5177686,5037575,5150097
RE45147,4985445,5177638,5036219,5148584
RE45148,4985640,5177449,5037892,5149270
ADC_LIMIT:4985935,5178139,5042482,5154990,4983439,5175378,5028328,5140780
RE45149,4985478,5177567,5038135,5151069
RE45150,4985554,5177227,5038315,5149596
RE45151,4985625,5177416,5038210,5149826
RE45152,4985381,5177481,5038022,5150329
RE45153,4985418,5177468,5038559,5150118
RE45154,4985287,5177307,5036349,5149045
RE45155,4985229,5177806,5037356,5149306
RE45156,4985011,5177723,5037017,5150009
RE45157,4985385,5177711,5036758,5149788
RE45158,4985543,5177734,5036187,5148470
RE45159,4985316,5177505,5036954,5149633
RE45160,4985616,5177656,5036499,5147442
RE45161,4985434,5177596,5035969,5148526
RE45162,4985513,5177500,5036637,5147387
RE45163,4985608,5177504,5034926,5146579
RE45164,4985348,5178007,5035304,5145888
RE45165,4985303,5177548,5035116,5145581
RE45166,4985280,5177398,5032390,5147107
ADC_LIMIT:4985935,5178139,5042482,5154990,4983439,5175378,5028328,5140780
RE45167,4985258,5177733,5033885,5145082
RE45168,4985194,5177454,5033623,5145698
RE45169,4985018,5177318,5032914,5144923
RE45170,4985457,5177733,5031567,5145834
RE45171,4985113,5177918,5033123,5143541
RE45172,4985147,5177347,5032148,5144367
RE45173,4985322,5177804,5032721,5145048
RE45174,4985555,5177679,5031629,5144129
RE45175,4985371,5177898,5031951,5144586
RE45176,4985426,5177780,5032298,5144354
RE45177,4985427,5177760,5032375,5145536
RE45178,4985177,5177623,5032676,5144219
RE45179,4985628,5177457,5031921,5143803
RE45180,4985682,5177431,5033201,5145239
RE45181,4985396,5177769,5033445,5143670
RE45182,4985478,5177682,5033931,5144168
RE45183,4985671,5177553,5034353,5147209
ADC_LIMIT:4985935,5178139,5042482,5154990,4983439,5175378,5028328,5140780
RE45184,4985478,5177310,5033605,5147423
RE45185,4985166,5177590,5033179,5147200
RE45186,4985374,5177492,5034984,5147318
RE45187,4985354,5177286,5035230,5146798
RE45188,4985330,5177369,5035653,5147112
RE45189,4985298,5177754,5035493,5147954
RE45190,4985555,5177578,5036904,5148109
RE45191,4985349,5177227,5036412,5148973
RE45192,4985234,5177730,5037075,5150306
RE45193,4985422,5177397,5036077,5150341
RE45194,4985181,5177570,5038291,5149389
RE45195,4985032,5177497,5038118,5151131
RE45196,4985680,5177445,5037576,5150019
RE45197,4985166,5177251,5037878,5149757
RE45198,4985259,5177344,5037507,5150795
RE45199,4985308,5177640,5037248,5150526
RE45200,4985268,5177587,5039564,5149208
RE45201,4984896,5177661,5039311,5150370
ADC_LIMIT:4985935,5178139,5042482,5154990,4983439,5175378,5028328,5140780
RE45202,4984996,5177513,5037758,5149932
RE45203,4985182,5177295,5036010,5149483
RE45204,4985076,5177279,5035889,5148240
RE45205,4985346,5177506,5036826,5148437
RE45206,4985208,5177462,5035760,5147296
RE45207,4985047,5177110,5034462,5147809
RE45208,4985504,5177291,5035072,5145593
RE45209,4985029,5177583,5034133,5146104
RE45210,4985279,5177155,5033426,5144547
RE45211,4985234,5177339,5032458,5144902
RE45212,4985073,5177152,5032728,5143525
RE45213,4985124,5177234,5032121,5143374
RE45214,4984907,5177535,5032746,5143243
RE45215,4985030,5177868,5030763,5143337
RE45216,4985316,5177727,5030939,5143274
RE45217,4985292,5177633,5030647,5142542
RE45218,4985145,5177707,5030789,5143241
RE45219,4985180,5177407,5029213,5142659
ADC_LIMIT:4985935,5178139,5042482,5154990,4983439,5175378,5028328,5140780
RE45220,4985307,5177536,5029484,5141402
RE45221,4985439,5177321,5029907,5142273
RE45222,4985579,5177492,5029591,5142732
RE45223,4985266,5177207,5030558,5143319
RE45224,4985259,5177627,5032352,5143931
RE45225,4985532,5177384,5031254,5142405
RE45226,4985361,5177424,5032105,5142883
RE45227,4985532,5177502,5032183,5145834
RE45228,4985262,5177581,5033324,5146017
RE45229,4985381,5177378,5033120,5147977
RE45230,4984933,5177487,5035198,5146448
RE45231,4985045,5177495,5033744,5146618
RE45232,4985300,5177684,5035269,5148604
RE45233,4985294,5177682,5035255,5148948
RE45234,4985289,5177348,5036867,5150490
RE45235,4985379,5177313,5038083,5149633
RE45236,4985275,5177281,5037341,5149856
ADC_LIMIT:4985935,5178139,5042482,5154990,4983439,5175378,5028328,5140780
RE45237,4985340,5177213,5038066,5149846
RE45238,4985139,5177091,5038369,5151387
RE45239,4985135,5177404,5038514,5150201
RE45240,4984985,5177432,5037722,5150022
RE45241,4984853,5177138,5038875,5151918
RE45242,4984957,5177598,5039902,5152924
RE45243,4985275,5177615,5039607,5152019
RE45244,4985227,5177398,5038524,5151970
RE45245,4985030,5177708,5037399,5150937
RE45246,4985342,5177396,5037000,5150290
RE45247,4985482,5177581,5037408,5148868
RE45248,4985111,5177605,5036036,5149316
RE45249,4985136,5177309,5037243,5147445
RE45250,4985550,5177468,5037164,5148867
RE45251,4985315,5177649,5035690,5148318
RE45252,4985469,5177255,5034525,5147982
RE45253,4985414,5177572,5033095,5146737
RE45254,4985125,5177482,5035521,5146596
ADC_LIMIT:4985935,5178139,5042482,5154990,4983439,5175378,5028328,5140780
RE45255,4985312,5177509,5033263,5144755
RE45256,4985050,5177316,5033809,5145087
RE45257,4985231,5176936,5033277,5145623
RE45258,4985089,5177066,5032830,5145366
RE45259,4985155,5177196,5032326,5144826
RE45260,4985077,5177054,5032043,5143526
RE45261,4985109,5177570,5030457,5143878
RE45262,4985229,5177508,5030640,5144289
RE45263,4985025,5177563,5031696,5143271
RE45264,4985343,5177423,5030846,5143960
RE45265,4985398,5177445,5031113,5143585
RE45266,4985631,5177758,5031125,5144300
RE45267,4985354,5177625,5030680,5143985
RE45268,4985358,5177576,5030934,5143966
RE45269,4985567,5177708,5031394,5143975
RE45270,4985259,5177555,5032260,5145074
RE45271,4985418,5177486,5032471,5144963
RE45272,4985343,5177464,5032009,5145212
ADC_LIMIT:4985935,5178139,5042482,5154990,4983439,5175378,5028328,5140780
RE45273,4985415,5177556,5032553,5144585
RE45274,4985301,5177515,5033221,5145531
RE45275,4985713,5177441,5032167,5146856
RE45276,4985730,5177551,5033422,5147572
RE45277,4985390,5177501,5035147,5146424
RE45278,4985216,5177428,5035839,5146806
RE45279,4985571,5177556,5034181,5146556
RE45280,4985663,5177692,5035699,5149837
RE45281,4985419,5177617,5035331,5148578
RE45282,4985591,5177667,5036955,5149304
RE45283,4985250,5177557,5036609,5149363
RE45284,4985542,5177698,5037144,5149247
RE45285,4985389,5177576,5035944,5149658
RE45286,4985622,5177710,5037436,5149192
RE45287,4985183,5177596,5037968,5149279
RE45288,4985258,5177483,5038053,5151089
RE45289,4985292,5177592,5038704,5151205
ADC_LIMIT:4985935,5178139,5042482,5154990,4983439,5175378,5028328,5140780
RE45290,4985297,5177370,5037925,5149738
RE45291,4985337,5177425,5037447,5150246
RE45292,4985300,5177319,5037392,5149451
RE45293,4985086,5177490,5038778,5150354
RE45294,4985417,5177731,5035649,5149853
RE45295,4985019,5177230,5035635,5150873
RE45296,4985349,5177593,5035852,5150030
RE45297,4985719,5177739,5035082,5149250
RE45298,4985242,5177567,5035982,5147873
RE45299,4985346,5177683,5036635,5147033
RE45300,4985100,5177321,5034551,5147878
RE45301,4985058,5177343,5034640,5147516
RE45302,4985255,5177665,5033252,5146325
RE45303,4985686,5177969,5031601,5145875
RE45304,4985264,5177661,5030972,5144372
RE45305,4985485,5177432,5033533,5146023
RE45306,4985200,5177750,5030812,5143815
RE45307,4985441,5177910,5031785,5143693
ADC_LIMIT:4985935,5178139,5042482,5154990,4983439,5175378,5028328,5140780
RE45308,4985488,5177486,5030905,5143996
RE45309,4985476,5177353,5031602,5143304
RE45310,4985480,5177513,5030946,5142364
RE45311,4985720,5177351,5030321,5142735
RE45312,4985656,5177444,5031097,5142798
RE45313,4985315,5177798,5031483,5144443
RE45314,4985582,5177636,5031987,5143609
RE45315,4985704,5177606,5031459,5142932
RE45316,4985395,5177777,5031814,5146489
RE45317,4985538,5177938,5031726,5146441
RE45318,4985598,5177757,5031958,5144885
RE45319,4985348,5177670,5032824,5146148
RE45320,4985623,5177931,5034284,5146922
RE45321,4985699,5177776,5035550,5147641
RE45322,4985690,5177749,5034919,5148269
RE45323,4985541,5177752,5035637,5148433
RE45324,4985507,5177551,5035203,5148341
RE45325,4985411,5177744,5037734,5149227
ADC_LIMIT:4985935,5178139,5042482,5154990,4983439,5175378,5028328,5140780
RE45326,4985640,5178008,5036649,5149374
RE45327,4985654,5177705,5038593,5150953
RE45328,4985540,5177683,5038288,5151327
RE45329,4985281,5177343,5038751,5152089
RE45330,4985439,5177902,5039993,5152198
RE45331,4985277,5177587,5039879,5151723
RE45332,4985097,5177513,5038496,5151212
RE45333,4985371,5177326,5039116,5150546
RE45334,4985761,5177472,5038411,5151074
RE45335,4985124,5177469,5038797,5151846
RE45336,4985203,5177515,5039019,5151164
RE45337,4985433,5177639,5038405,5150548
RE45338,4985600,5177381,5038055,5150185
RE45339,4985200,5177469,5037773,5149738
RE45340,4985414,5177596,5035606,5150361
RE45341,4985430,5177379,5036914,5149782
RE45342,4985422,5177516,5036197,5148016
ADC_LIMIT:4985935,5178139,5042482,5154990,4983439,5175378,5028328,5140780
RE45343,4985311,5177321,5033801,5146372
RE45344,4985441,5177485,5035793,5145801
RE45345,4985501,5177303,5033093,5146312
RE45346,4985181,5177126,5033744,5145222
RE45347,4985166,5177624,5032535,5146244
RE45348,4985285,5177507,5032801,5145168
RE45349,4985217,5177469,5032193,5144536
RE45350,4985199,5177451,5030791,5143127
RE45351,4985288,5177497,5031235,5143571
RE45352,4985114,5177538,5030824,5142922
RE45353,4985272,5177087,5030272,5144567
RE45354,4985256,5177502,5031367,5142714
RE45355,4985396,5177537,5032167,5144811
RE45356,4985175,5177649,5030856,5143346
RE45357,4985340,5177737,5030417,5142991
RE45358,4985571,5177545,5031409,5144205
RE45359,4985524,5177461,5030526,5144171
RE45360,4985157,5177359,5030700,5144231
ADC_LIMIT:4985935,5178139,5042482,5154990,4983439,5175378,5028328,5140780
RE45361,4985045,5177403,5032334,5143866
RE45362,4985158,5177522,5032318,5144874
RE45363,4985453,5177289,5031748,5145622
RE45364,4985375,5177440,5031822,5145891
RE45365,4985089,5177354,5033584,5146828
RE45366,4985126,5177244,5034505,5148245
RE45367,4985206,5177435,5035372,5147480
RE45368,4985326,5177735,5035273,5147499
RE45369,4985500,5177352,5034446,5148525
RE45370,4985408,5177523,5035258,5147327
RE45371,4985255,5177563,5035334,5149331
RE45372,4985349,5177412,5036583,5149615
RE45373,4985424,5177333,5035877,5149758
RE45374,4985577,5177250,5037296,5149956
RE45375,4985194,5177655,5036840,5149279
RE45376,4985101,5177163,5036816,5150518
RE45377,4985451,5177314,5037531,5149688
RE45378,4985238,5177204,5037757,5149146
ADC_LIMIT:4985935,5178139,5042482,5154990,4983439,5175378,5028328,5140780
RE45379,4985703,5177430,5038268,5149513
RE45380,4985548,5177194,5038366,5148543
RE45381,4985186,5177355,5037107,5150321
RE45382,4984914,5177282,5036993,5148743
RE45383,4985067,5177496,5037223,5148634
RE45384,4985312,5177351,5036145,5148316
RE45385,4985345,5177685,5035371,5149589
RE45386,4985345,5177518,5036569,5149867
RE45387,4985482,5177570,5036278,5148379
RE45388,4985430,5177579,5037305,5147389
RE45389,4985246,5177613,5036071,5148420
RE45390,4985252,5177376,5035105,5147647
RE45391,4985509,5177517,5035103,5148519
RE45392,4985385,5177198,5035094,5147831
RE45393,4985373,5177469,5035362,5147611
RE45394,4985202,5177693,5033506,5146239
RE45395,4985494,5177697,5034023,5147217
ADC_LIMIT:4985935,5178139,5042482,5154990,4983439,5175378,5028328,5140780
RE45396,4985199,5177301,5033362,5145725
RE45397,4985375,5177407,5033575,5145941
RE45398,4985067,5177344,5032105,5145090
RE45399,4985455,5177132,5032243,5145324
RE45400,4984963,5177377,5031082,5145074
RE45401,4985239,5177043,5032707,5143873
RE45402,4985280,5177084,5031208,5144054
RE45403,4985271,5177525,5031750,5143975
RE45404,4985345,5177635,5031834,5145919
RE45405,4985338,5177438,5029900,5144616
RE45406,4985096,5177263,5032015,5146250
RE45407,4985267,5177214,5032758,5145102
RE45408,4985693,5177625,5033208,5144684
RE45409,4985363,5177313,5032652,5144369
RE45410,4985449,5177149,5033247,5146158
RE45411,4985274,5177144,5033316,5146627
RE45412,4985376,5177371,5033657,5146423
RE45413,4985446,5177366,5035389,5147799
ADC_LIMIT:4985935,5178139,5042482,5154990,4983439,5175378,5028328,5140780
RE45414,4985090,5177337,5034614,5146746
RE45415,4985429,5177453,5034666,5147155
RE45416,4985297,5176999,5034903,5148029
RE45417,4985401,5177091,5036167,5148589
RE45418,4985060,5177549,5036723,5150209
RE45419,4985157,5177773,5036503,5148760
RE45420,4984983,5177419,5037122,5149409
RE45421,4985020,5177343,5037479,5149735
RE45422,4985230,5177260,5038677,5150519
RE45423,4985233,5177431,5036716,5148407
RE45424,4985155,5177494,5038141,5151048
RE45425,4985124,5177283,5040105,5149857
RE45426,4985029,5177345,5038332,5151332
RE45427,4985092,5177244,5037074,5150117
RE45428,4985255,5177260,5038689,5150155
RE45429,4985348,5177374,5038297,5150039
RE45430,4985136,5177338,5036917,5150055
RE45431,4984934,5177349,5036860,5149607
ADC_LIMIT:4985935,5178139,5042482,5154990,4983439,5175378,5028328,5140780
RE45432,4985234,5177408,5037038,5148415
RE45433,4985457,5176964,5036526,5147806
RE45434,4985189,5177074,5035698,5148187
RE45435,4985433,5177601,5035299,5148226
RE45436,4985350,5177583,5033980,5145807
RE45437,4985180,5177502,5034361,5145962
RE45438,4984938,5177237,5032489,5145315
RE45439,4985529,5177441,5032429,5144714
RE45440,4985318,5177094,5031107,5144696
RE45441,4985122,5177227,5030267,5143218
RE45442,4984976,5177279,5031592,5144133
RE45443,4985174,5177350,5030981,5142080
RE45444,4985176,5177269,5030696,5142254
RE45445,4985307,5177457,5031562,5142309
RE45446,4985162,5177321,5029933,5142748
RE45447,4985554,5177562,5030422,5142781
RE45448,4985516,5177426,5029130,5143114
ADC_LIMIT:4985935,5178139,5042482,5154990,4983439,5175378,5028328,5140780
RE45449,4985390,5176946,5029809,5143177
RE45450,4985425,5177227,5030712,5143444
RE45451,4985420,5177364,5031609,5144134
RE45452,4985314,5177264,5030286,5143474
RE45453,4985344,5177432,5032241,5144085
RE45454,4985552,5177645,5031940,5146097
RE45455,4985494,5177602,5032045,5145691
RE45456,4985084,5177528,5034317,5145893
RE45457,4985129,5177356,5033708,5147361
RE45458,4985346,5177403,5034633,5146490
RE45459,4985441,5177298,5033076,5148211
RE45460,4985160,5177576,5036040,5150073
RE45461,4985314,5177450,5036818,5149400
RE45462,4985129,5177506,5037166,5149816
RE45463,4985113,5177318,5036976,5150252
RE45464,4985063,5177110,5036860,5150048
RE45465,4984888,5176970,5037663,5151009
RE45466,4984949,5177222,5038694,5151783
ADC_LIMIT:4985935,5178139,5042482,5154990,4983439,5175378,5028328,5140780
RE45467,4985182,5177153,5038736,5152239
RE45468,4984899,5176811,5039619,5150120
RE45469,4985074,5176731,5039159,5151655
RE45470,4985060,5177481,5038306,5151539
RE45471,4985307,5177497,5038836,5150861
RE45472,4985202,5177739,5039600,5150494
RE45473,4985441,5177224,5039084,5150079
RE45474,4985249,5177178,5037554,5150805
RE45475,4985267,5177418,5038328,5149938
RE45476,4985243,5177432,5036883,5151133
RE45477,4984982,5177290,5037663,5147954
RE45478,4985359,5177536,5036950,5149189
RE45479,4985096,5177035,5035273,5148430
RE45480,4985191,5177324,5035919,5147322
RE45481,4985146,5176918,5032601,5146808
RE45482,4984943,5177130,5034859,5147898
RE45483,4984991,5177260,5035062,5147164
RE45484,4985164,5177104,5034293,5144382
ADC_LIMIT:4985935,5178139,5042482,5154990,4983439,5175378,5028328,5140780
RE45485,4985426,5177092,5033014,5145268
RE45486,4985300,5176866,5032587,5144089
RE45487,4985173,5177135,5031329,5144152
RE45488,4985451,5177392,5031974,5144904
RE45489,4985204,5177333,5029839,5143952
RE45490,4985287,5177263,5031837,5143948
RE45491,4985301,5177392,5031104,5143813
RE45492,4985569,5177407,5030913,5143380
RE45493,4985381,5177597,5032488,5145211
RE45494,4985443,5177332,5032407,5144848
RE45495,4985359,5177630,5032244,5143140
RE45496,4985526,5177617,5031543,5144089
RE45497,4985470,5177387,5030967,5144221
RE45498,4985511,5177287,5031747,5144448
RE45499,4985655,5177681,5032734,5144440
RE45500,4985444,5177325,5032940,5143921
RE45501,4985560,5177702,5033233,5145185
ADC_LIMIT:4985935,5178139,5042482,5154990,4983439,5175378,5028328,5140780
RE45502,4985344,5177917,5031968,5146616
RE45503,4985410,5177389,5034310,5146716
RE45504,4985575,5177525,5033524,5147361
RE45505,4985310,5177470,5032883,5147115
RE45506,4985320,5177591,5034864,5146380
RE45507,4985229,5177557,5034698,5146484
RE45508,4985403,5177638,5035574,5149215
RE45509,4985289,5177500,5035584,5147357
RE45510,4985277,5177631,5035177,5149335
RE45511,4985200,5177451,5035875,5149451
RE45512,4985505,5177331,5038163,5148344
RE45513,4985250,5177028,5035857,5149569
RE45514,4985322,5177247,5037265,5149948
RE45515,4985422,5177807,5037668,5152135
RE45516,4985424,5177495,5038169,5150346
RE45517,4985102,5177483,5038230,5149802
RE45518,4985285,5177380,5037465,5151329
RE45519,4985236,5177512,5038036,5150540
ADC_LIMIT:4985935,5178139,5042482,5154990,4983439,5175378,5028328,5140780
RE45520,4985519,5177234,5036456,5150017
RE45521,4985027,5177074,5037820,5150492
RE45522,4985327,5177007,5036688,5150225
RE45523,4985528,5177348,5036591,5149828
RE45524,4985338,5177565,5035927,5148265
RE45525,4985190,5177339,5036665,5148720
RE45526,4985254,5177328,5035566,5147537
RE45527,4985301,5177607,5035671,5148144
RE45528,4985177,5177426,5034151,5147009
RE45529,4985248,5177353,5033655,5145931
RE45530,4985054,5177254,5034778,5145201
RE45531,4985361,5177288,5034070,5144426
RE45532,4985039,5177409,5032645,5145243
RE45533,4985360,5177469,5033595,5143952
RE45534,4985506,5177671,5030626,5144677
RE45535,4985464,5177756,5031431,5143932
RE45536,4985465,5177959,5031635,5143401
RE45537,4985372,5177288,5030732,5142742
ADC_LIMIT:4985935,5178139,5042482,5154990,4983439,5175378,5028328,5140780
RE45538,4985472,5177479,5031855,5143128
RE45539,4985212,5177193,5030980,5143343
RE45540,4985373,5177271,5030607,5144014
RE45541,4985183,5177226,5031244,5141164
RE45542,4985455,5177345,5032304,5144455
RE45543,4985344,5177406,5032255,5144884
RE45544,4985363,5177411,5033150,5145338
RE45545,4985380,5177413,5032012,5144722
RE45546,4985466,5177839,5032424,5145006
RE45547,4985375,5177495,5033248,5145029
RE45548,4985633,5177508,5032771,5145328
RE45549,4985461,5177498,5034226,5147674
RE45550,4985747,5177352,5034106,5147679
RE45551,4985441,5177360,5035404,5149236
RE45552,4985416,5177478,5037795,5149218
RE45553,4985275,5177414,5037690,5150793
RE45554,4985488,5177137,5038905,5150582
ADC_LIMIT:4985935,5178139,5042482,5154990,4983439,5175378,5028328,5140780
RE45555,4985444,5177414,5038002,5151323
RE45556,4985336,5177197,5037995,5150691
RE45557,4985527,5177163,5037171,5151923
RE45558,4985097,5177431,5038254,5152098
RE45559,4985184,5177113,5038288,5152648
RE45560,4985151,5177200,5039115,5151788
RE45561,4985334,5177468,5040119,5151404
RE45562,4985490,5177376,5038306,5151053
RE45563,4985244,5177434,5038310,5151342
RE45564,4984926,5177252,5038853,5151972
RE45565,4985086,5177281,5038020,5149258
RE45566,4985394,5177520,5037980,5149060
RE45567,4985312,5177744,5037198,5149000
RE45568,4985453,5177430,5036605,5148623
RE45569,4985548,5177386,5036775,5149093
RE45570,4985038,5177398,5035939,5147358
RE45571,4985275,5177469,5033826,5147935
RE45572,4985154,5177424,5034945,5147547
ADC_LIMIT:4985935,5178139,5042482,5154990,4983439,5175378,5028328,5140780
RE45573,4985229,5177200,5034019,5145602
RE45574,4985333,5176824,5032627,5144680
RE45575,4985288,5177105,5033255,5144968
RE45576,4985521,5177506,5033515,5144987
RE45577,4985168,5177630,5032560,5144339
RE45578,4985535,5177341,5031082,5143266
RE45579,4985264,5177352,5030398,5143493
RE45580,4985368,5177172,5031148,5142257
RE45581,4985413,5177371,5030931,5142951
RE45582,4985260,5177328,5029751,5143418
RE45583,4985038,5177391,5030009,5143746
RE45584,4985318,5177353,5030634,5142999
RE45585,4985146,5177760,5031572,5143864
RE45586,4985454,5177577,5031692,5144326
RE45587,4985348,5177559,5030854,5143352
RE45588,4985303,5177070,5032836,5145325
RE45589,4985528,5177279,5030696,5143640
RE45590,4984994,5176879,5032635,5145586
ADC_LIMIT:4985935,5178139,5042482,5154990,4983439,5175378,5028328,5140780
RE45591,4985459,5177097,5030757,5144258
RE45592,4985367,5177122,5033055,5145752
RE45593,4984977,5177372,5034479,5147354
RE45594,4985406,5177380,5034523,5147268
RE45595,4985263,5176985,5033573,5147726
RE45596,4985401,5177540,5035023,5147009
RE45597,4984821,5177599,5036146,5148531
RE45598,4985505,5177444,5036488,5148572
RE45599,4985323,5177424,5034800,5149953
RE45600,4985319,5177503,5036892,5148919
RE45601,4985219,5177417,5035998,5147813
RE45602,4985262,5177760,5036512,5148980
RE45603,4985124,5177480,5037738,5149296
RE45604,4985170,5177424,5037487,5149920
RE45605,4985611,5177424,5037669,5149679
RE45606,4985066,5177630,5036006,5151315
RE45607,4985611,5177338,5037033,5150053
ADC_LIMIT:4985935,5178139,5042482,5154990,4983439,5175378,5028328,5140780
RE45608,4985330,5177296,5036342,5150571
RE45609,4985438,5177335,5036790,5148280
RE45610,4985622,5177135,5038199,5149281
RE45611,4985115,5177348,5037043,5148145
RE45612,4985395,5177274,5039029,5150165
RE45613,4984749,5177364,5036064,5148164
RE45614,4985201,5177153,5036273,5149239
RE45615,4985061,5177502,5036738,5148967
RE45616,4985184,5177403,5036112,5149852
RE45617,4985079,5177488,5035647,5148280
RE45618,4985032,5177593,5035705,5147336
RE45619,4985148,5177556,5035397,5148299
RE45620,4985292,5177506,5034009,5147548
RE45621,4985614,5177141,5034345,5148323
RE45622,4985293,5177373,5033861,5145849
RE45623,4985389,5177198,5033998,5146550
RE45624,4984908,5177465,5032897,5147469
RE45625,4985480,5177394,5032867,5145655
ADC_LIMIT:4985935,5178139,5042482,5154990,4983439,5175378,5028328,5140780
RE45626,4985403,5177199,5033966,5144826
RE45627,4985219,5177423,5032385,5144556
RE45628,4985145,5177426,5031902,5145131
RE45629,4985069,5177249,5031048,5145204
RE45630,4985227,5177559,5032278,5144295
RE45631,4985407,5177349,5033048,5144244
RE45632,4985376,5177128,5033057,5144482
RE45633,4985133,5177202,5032437,5145406
RE45634,4985167,5177284,5032168,5143000
RE45635,4984850,5177284,5032892,5143961
RE45636,4985339,5177196,5032971,5145603
RE45637,4985462,5177314,5031552,5144481
RE45638,4985240,5177084,5032085,5147085
RE45639,4985275,5177124,5033547,5146324
RE45640,4985292,5177438,5033326,5147428
RE45641,4985275,5177392,5034310,5147632
RE45642,4985608,5177507,5035009,5148042
RE45643,4985428,5177572,5035477,5147620
ADC_LIMIT:4985935,5178139,5042482,5154990,4983439,5175378,5028328,5140780
RE45644,4985569,5177371,5035962,5147414
RE45645,4985765,5177630,5035679,5148702
RE45646,4985297,5177438,5037085,5149701
RE45647,4985430,5177242,5036529,5149461
RE45648,4985480,5177672,5036847,5150296
RE45649,4985607,5177192,5037848,5150058
RE45650,4985341,5177375,5038049,5148904
RE45651,4985626,5177452,5038824,5150316
RE45652,4985358,5177345,5038823,5150459
RE45653,4985222,5177369,5038440,5150303
RE45654,4985230,5177425,5037675,5151754
RE45655,4985386,5177331,5037893,5149402
RE45656,4985409,5177295,5038746,5150290
RE45657,4985359,5177901,5036896,5149515
RE45658,4985294,5177464,5038145,5149965
RE45659,4985541,5177308,5036651,5149924
RE45660,4985195,5177312,5035832,5148807
ADC_LIMIT:4985935,5178139,5042482,5154990,4983439,5175378,5028328,5140780
RE45661,4985419,5177461,5036495,5148053
RE45662,4985174,5177543,5034653,5147452
RE45663,4985322,5177314,5034107,5148652
RE45664,4985168,5177455,5034548,5147422
RE45665,4985240,5177892,5033051,5146544
RE45666,4985506,5177329,5033785,5145115
RE45667,4985135,5177686,5032488,5144893
RE45668,4985095,5177361,5032771,5145401
RE45669,4985202,5177396,5030712,5145182
RE45670,4985345,5177589,5029814,5143982
RE45671,4985359,5177626,5031567,5143915
RE45672,4985275,5177458,5031418,5143080
RE45673,4985317,5177440,5030192,5142647
RE45674,4985457,5177371,5030781,5142543
RE45675,4985542,5177647,5029709,5143315
RE45676,4985357,5177674,5030843,5143483
RE45677,4985334,5177604,5029917,5143696
RE45678,4985654,5177410,5030323,5143452
ADC_LIMIT:4985935,5178139,5042482,5154990,4983439,5175378,5028328,5140780
RE45679,4985501,5177450,5029842,5142343
RE45680,4985303,5177285,5030569,5144962
RE45681,4985079,5177644,5031060,5143503
RE45682,4985439,5177944,5031948,5145347
RE45683,4985592,5177826,5032515,5145145
RE45684,4985428,5177613,5033479,5145785
RE45685,4985596,5177775,5034550,5146114
RE45686,4985395,5177849,5034143,5147142
RE45687,4985357,5177823,5034842,5148426
RE45688,4985259,5177709,5036555,5148133
RE45689,4985369,5177558,5036412,5148501
RE45690,4985447,5177638,5034640,5151432
RE45691,4985401,5177619,5038248,5151148
RE45692,4985009,5177679,5039589,5151336
RE45693,4985260,5177467,5038216,5149539
RE45694,4985301,5177623,5038632,5152173
RE45695,4985260,5177621,5039231,5151784
RE45696,4985589,5177616,5038884,5152208
ADC_LIMIT:4985935,5178139,5042482,5154990,4983439,5175378,5028328,5140780
RE45697,4985622,5177438,5038590,5151668
RE45698,4985320,5177336,5039791,5150847
RE45699,4985406,5177572,5038501,5151295
RE45700,4985130,5177709,5038687,5153644
RE45701,4985098,5178167,5039218,5150189
RE45702,4985676,5177721,5038147,5150421
RE45703,4985543,5177560,5036885,5150327
RE45704,4985301,5177320,5037134,5149448
RE45705,4985230,5177654,5037514,5150176
RE45706,4985125,5177885,5036437,5150686
RE45707,4985138,5177654,5036193,5148713
RE45708,4985555,5177325,5036575,5148130
RE45709,4985497,5177492,5035379,5147752
RE45710,4985228,5177838,5035694,5146390
RE45711,4985987,5177671,5034476,5147569
RE45712,4985650,5177526,5033746,5146182
RE45713,4985657,5177740,5033230,5143996
ADC_LIMIT:4985987,5178167,5042482,5154990,4983439,5175378,5028328,5140780
RE45714,4985288,5177532,5032799,5143861
RE45715,4985241,5177341,5033385,5144821
RE45716,4985346,5177420,5031707,5145326
RE45717,4985387,5177761,5032676,5143761
RE45718,4985437,5177579,5031484,5144627
RE45719,4985493,5177840,5030906,5145117
RE45720,4985263,5177503,5031590,5144721
RE45721,4985499,5178089,5030917,5144403
RE45722,4985363,5177689,5031320,5144213
RE45723,4985246,5177791,5031688,5144679
RE45724,4984909,5177785,5031303,5143422
RE45725,4985283,5177850,5030917,5144495
RE45726,4985561,5177883,5030710,5144092
RE45727,4985596,5177675,5032220,5143603
RE45728,4985509,5177869,5031728,5146067
RE45729,4985508,5177641,5030698,5145209
RE45730,4985545,5177770,5033532,5147636
RE45731,4985474,5177740,5032648,5147194
ADC_LIMIT:4985987,5178167,5042482,5154990,4983439,5175378,5028328,5140780
RE45732,4985639,5177589,5032872,5147289
RE45733,4985813,5177605,5033631,5147269
RE45734,4985436,5177798,5035626,5147119
RE45735,4985526,5177964,5035012,5148439
RE45736,4985024,5177441,5035673,5147028
RE45737,4985200,5177689,5036487,5146966
RE45738,4985215,5177756,5037161,5148902
RE45739,4985132,5177396,5038262,5149209
RE45740,4985302,5177560,5035620,5150324
RE45741,4985694,5177196,5037549,5149672
RE45742,4985363,5177764,5037548,5149734
RE45743,4985200,5177587,5037640,5151280
RE45744,4985209,5177751,5037358,5150831
RE45745,4985383,5177169,5038195,5151982
RE45746,4985198,5177454,5038649,5150625
RE45747,4985552,5177187,5037956,5151592
RE45748,4985260,5177404,5038031,5150216
RE45749,4985331,5177260,5036892,5149163
ADC_LIMIT:4985987,5178167,5042482,5154990,4983439,5175378,5028328,5140780
RE45750,4985366,5177237,5036697,5149368
RE45751,4985187,5177625,5036976,5148799
RE45752,4985416,5177790,5037595,5150054
RE45753,4985172,5177471,5035871,5148610
RE45754,4985341,5177277,5035393,5145977
RE45755,4985202,5177638,5035794,5147910
RE45756,4985243,5177520,5034837,5146291
RE45757,4985241,5177525,5034002,5147755
RE45758,4985603,5177691,5033035,5145862
RE45759,4985389,5177753,5033207,5145741
RE45760,4985402,5177886,5031872,5144724
RE45761,4985479,5177511,5030768,5143942
RE45762,4985413,5177659,5031603,5144247
RE45763,4985544,5177474,5032081,5145642
RE45764,4985286,5177649,5031076,5143249
RE45765,4985663,5177481,5031321,5142880
RE45766,4985555,5177327,5031599,5142793
ADC_LIMIT:4985987,5178167,5042482,5154990,4983439,5175378,5028328,5140780
RE45767,4985438,5177382,5030490,5142450
RE45768,4985668,5177624,5030463,5142913
RE45769,4985463,5177608,5031838,5143731
RE45770,4985680,5177962,5030788,5143642
RE45771,4985360,5177683,5031104,5142998
RE45772,4985393,5177527,5030943,5143598
RE45773,4985515,5177620,5031938,5146092
RE45774,4985336,5177553,5033203,5144610
RE45775,4985387,5177635,5033311,5144898
RE45776,4985337,5177610,5033420,5147379
RE45777,4985345,5177475,5033592,5147023
RE45778,4985435,5178030,5034972,5147493
RE45779,4985240,5177803,5035272,5147333
RE45780,4985307,5177890,5036472,5149939
RE45781,4985295,5177642,5037358,5150704
RE45782,4985272,5177179,5037767,5150074
RE45783,4985600,5177541,5037028,5149959
RE45784,4985650,5177258,5039118,5149385
ADC_LIMIT:4985987,5178167,5042482,5154990,4983439,5175378,5028328,5140780
RE45785,4985307,5177051,5037593,5151177
RE45786,4985094,5177230,5039103,5151498
RE45787,4985118,5177445,5040280,5151534
RE45788,4985045,5177468,5039320,5151454
RE45789,4985269,5177080,5038375,5152131
RE45790,4985256,5177537,5039437,5150652
RE45791,4985214,5177342,5039401,5151072
RE45792,4985182,5177603,5038370,5151366
RE45793,4984967,5177398,5037994,5150279
RE45794,4985304,5177157,5038051,5150138
RE45795,4985196,5177077,5038383,5149578
RE45796,4985281,5177296,5035219,5148037
RE45797,4985205,5177207,5036367,5149258
RE45798,4985247,5177352,5036245,5148633
RE45799,4984988,5177209,5033872,5147885
RE45800,4985337,5177212,5035272,5147482
RE45801,4984987,5177266,5033777,5147067
RE45802,4985226,5177138,5032301,5145007
ADC_LIMIT:4985987,5178167,5042482,5154990,4983439,5175378,5028328,5140780
RE45803,4985370,5177141,5032836,5144954
RE45804,4985187,5177366,5032317,5144146
RE45805,4985371,5177229,5031795,5145100
RE45806,4985383,5177152,5030730,5143709
RE45807,4985027,5177222,5029975,5143886
RE45808,4985488,5177496,5031459,5142902
RE45809,4985308,5177377,5029869,5143454
RE45810,4985212,5177551,5029784,5143252
RE45811,4985548,5177644,5030758,5143245
RE45812,4985376,5177771,5030088,5144007
RE45813,4985487,5177486,5029603,5143350
RE45814,4985576,5177510,5030431,5143913
RE45815,4985304,5177589,5030258,5142088
RE45816,4985081,5177213,5031335,5144326
RE45817,4984924,5177390,5031814,5144330
RE45818,4985475,5177484,5031944,5145154
RE45819,4985296,5177509,5033697,5145815
ADC_LIMIT:4985987,5178167,5042482,5154990,4983439,5175378,5028328,5140780
RE45820,4985147,5177371,5032498,5146919
RE45821,4985541,5177219,5034776,5147623
RE45822,4985219,5177684,5033112,5146522
RE45823,4985327,5177443,5035156,5147520
RE45824,4985268,5177562,5035832,5148425
RE45825,4985123,5177448,5036832,5148140
RE45826,4984955,5177371,5035853,5148501
RE45827,4985464,5177450,5036530,5149148
RE45828,4985508,5177376,5036687,5150601
RE45829,4985430,5177555,5035714,5148669
RE45830,4985805,5177522,5038072,5150180
RE45831,4985575,5177502,5037372,5149464
RE45832,4985566,5177465,5038035,5151562
RE45833,4985442,5177437,5037655,5150073
RE45834,4985283,5177432,5037237,5150391
RE45835,4985290,5177344,5036101,5150437
RE45836,4985161,5177144,5037121,5149359
RE45837,4985408,5177390,5037407,5149730
ADC_LIMIT:4985987,5178167,5042482,5154990,4983439,5175378,5028328,5140780
RE45838,4985066,5177026,5036606,5150125
RE45839,4985362,5177509,5036435,5149329
RE45840,4985349,5177271,5036698,5149611
RE45841,4985163,5177145,5036811,5150098
RE45842,4985199,5177073,5035374,5149412
RE45843,4985134,5177298,5037489,5148358
RE45844,4985127,5177288,5035784,5148177
RE45845,4985322,5177280,5035839,5147620
RE45846,4985380,5177136,5035827,5147044
RE45847,4985066,5177333,5034922,5147011
RE45848,4985640,5177083,5035078,5147217
RE45849,4985300,5177501,5033857,5147340
RE45850,4985334,5177321,5034158,5146505
RE45851,4985096,5177569,5034858,5146635
RE45852,4985564,5177833,5033722,5145793
RE45853,4985267,5177466,5033346,5145120
RE45854,4985334,5177808,5032899,5145645
RE45855,4985198,5177473,5031463,5145085
ADC_LIMIT:4985987,5178167,5042482,5154990,4983439,5175378,5028328,5140780
RE45856,4985476,5177607,5032648,5144486
RE45857,4984747,5177289,5031711,5144661
RE45858,4985528,5177460,5031547,5143732
RE45859,4985212,5177380,5031592,5144807
RE45860,4985234,5177355,5032193,5143640
RE45861,4985119,5177213,5032297,5143342
RE45862,4985175,5177124,5031798,5145392
RE45863,4985247,5177267,5031846,5145840
RE45864,4984924,5177277,5032443,5143604
RE45865,4985320,5177527,5033331,5145491
RE45866,4985179,5177504,5031864,5145830
RE45867,4985299,5177671,5033800,5146259
RE45868,4985216,5177543,5033679,5147484
RE45869,4985661,5177692,5034708,5147058
RE45870,4985472,5177732,5033880,5146485
RE45871,4985365,5177370,5035130,5147832
RE45872,4985212,5177519,5035879,5148143
ADC_LIMIT:4985987,5178167,5042482,5154990,4983439,5175378,5028328,5140780
RE45873,4985310,5177468,5035687,5150182
RE45874,4985442,5177566,5035160,5150764
RE45875,4985353,5177784,5037816,5148193
RE45876,4985470,5177538,5037764,5149670
RE45877,4985304,5177437,5038610,5151516
RE45878,4985033,5177300,5038253,5149577
RE45879,4985175,5177185,5038696,5151450
RE45880,4985224,5177344,5039200,5150123
RE45881,4985114,5177277,5037891,5151048
RE45882,4985053,5177184,5038632,5150207
RE45883,4985020,5177076,5036476,5150577
RE45884,4984779,5177519,5036925,5150876
RE45885,4985159,5177210,5038340,5150888
RE45886,4985161,5177108,5037170,5149902
RE45887,4985105,5177107,5035704,5148957
RE45888,4985268,5177253,5036676,5149822
RE45889,4985386,5177236,5036052,5149216
RE45890,4985107,5176901,5033862,5146581
ADC_LIMIT:4985987,5178167,5042482,5154990,4983439,5175378,5028328,5140780
RE45891,4985101,5177505,5036356,5146809
RE45892,4985246,5177180,5035376,5146685
RE45893,4985347,5177615,5034776,5145056
RE45894,4985441,5177593,5034267,5146305
RE45895,4985528,5177236,5032413,5144146
RE45896,4985521,5177389,5033388,5144775
RE45897,4985323,5177664,5031670,5143748
RE45898,4985155,5177381,5031099,5144550
RE45899,4985324,5177502,5030792,5143447
RE45900,4985170,5177149,5029852,5142939
RE45901,4985437,5177267,5029131,5142626
RE45902,4985389,5177168,5028855,5141651
RE45903,4985448,5177635,5030155,5143098
RE45904,4985388,5177375,5031442,5143054
RE45905,4985580,5177498,5030899,5143997
RE45906,4985238,5177295,5030962,5143988
RE45907,4985319,5177116,5031155,5143352
RE45908,4985305,5176989,5030766,5143896
ADC_LIMIT:4985987,5178167,5042482,5154990,4983439,5175378,5028328,5140780
RE45909,4985430,5176863,5031227,5144558
RE45910,4985055,5177160,5032514,5144991
RE45911,4984963,5177292,5032120,5145461
RE45912,4985378,5177121,5032347,5147168
RE45913,4985159,5177343,5034774,5147213
RE45914,4985218,5177334,5036540,5147694
RE45915,4985525,5177260,5034780,5147981
RE45916,4985177,5177180,5034912,5148600
RE45917,4985331,5176920,5037422,5149427
RE45918,4985019,5177400,5036701,5150492
RE45919,4985348,5177391,5036973,5150399
RE45920,4985173,5177577,5038485,5151156
RE45921,4985243,5177405,5038636,5151187
RE45922,4985038,5177373,5038357,5151404
RE45923,4985288,5177355,5039259,5151027
RE45924,4985303,5177454,5038565,5151950
RE45925,4985420,5177632,5038899,5150765
ADC_LIMIT:4985987,5178167,5042482,5154990,4983439,5175378,5028328,5140780
RE45926,4985338,5177380,5039608,5151975
RE45927,4985335,5177097,5039026,5151297
RE45928,4984945,5177511,5037707,5152116
RE45929,4985203,5177460,5037222,5150277
RE45930,4985422,5177185,5036978,5150388
RE45931,4985317,5177619,5038358,5148986
RE45932,4985491,5177247,5037329,5148663
RE45933,4985016,5177671,5036941,5150592
RE45934,4985161,5177399,5036635,5148233
RE45935,4985243,5177291,5035429,5148048
RE45936,4985208,5177414,5035406,5148035
RE45937,4985035,5177248,5034654,5148512
RE45938,4985059,5177237,5035152,5146601
RE45939,4985016,5177281,5033680,5145175
RE45940,4985239,5177514,5034379,5144928
RE45941,4985029,5177311,5033605,5143388
RE45942,4985064,5177287,5031701,5144391
RE45943,4984902,5176954,5030884,5143269
ADC_LIMIT:4985987,5178167,5042482,5154990,4983439,5175378,5028328,5140780
RE45944,4985223,5177394,5031057,5144255
RE45945,4985287,5177643,5032404,5145198
RE45946,4985214,5177359,5030210,5144959
RE45947,4985277,5177061,5030036,5143867
RE45948,4985085,5177287,5031723,5143718
RE45949,4985309,5177376,5032525,5144563
RE45950,4985026,5177308,5032362,5144095
RE45951,4985101,5177539,5031109,5143769
RE45952,4985623,5177358,5032199,5143359
RE45953,4985296,5177180,5031178,5144032
RE45954,4985527,5177235,5031282,5144633
RE45955,4985458,5177500,5031100,5143982
RE45956,4985490,5177452,5032468,5144258
RE45957,4985440,5177304,5033471,5145420
RE45958,4985053,5177297,5032814,5146501
RE45959,4985195,5177330,5032301,5146038
RE45960,4985399,5177180,5033717,5145310
RE45961,4985268,5177222,5034090,5145907
ADC_LIMIT:4985987,5178167,5042482,5154990,4983439,5175378,5028328,5140780
RE45962,4985360,5177319,5034391,5146755
RE45963,4985393,5177497,5035623,5147612
RE45964,4985446,5177469,5035243,5147903
RE45965,4985132,5177557,5036105,5148467
RE45966,4985152,5177701,5036086,5149612
RE45967,4984953,5177299,5036977,5149191
RE45968,4985531,5177440,5037672,5149678
RE45969,4984921,5177506,5037250,5148199
RE45970,4985143,5177392,5036898,5150491
RE45971,4985365,5177369,5038328,5150220
RE45972,4985302,5177085,5037922,5150634
RE45973,4985416,5177017,5037061,5150669
RE45974,4985487,5177399,5037623,5150209
RE45975,4985154,5177189,5038220,5150894
RE45976,4985257,5177233,5038202,5150199
RE45977,4985506,5177538,5037053,5149706
RE45978,4985397,5177245,5037442,5149483
ADC_LIMIT:4985987,5178167,5042482,5154990,4983439,5175378,5028328,5140780
RE45979,4985352,5177112,5038113,5148061
RE45980,4985090,5177090,5035557,5149352
RE45981,4985078,5177232,5035310,5147082
RE45982,4985254,5177080,5034483,5147881
RE45983,4985251,5177241,5034627,5147914
RE45984,4985222,5177408,5033909,5146824
RE45985,4985298,5176966,5034806,5146041
RE45986,4985388,5177314,5034513,5144567
RE45987,4985189,5177511,5032832,5144455
RE45988,4984917,5177417,5032076,5146276
RE45989,4984893,5177237,5032670,5143371
RE45990,4985441,5177141,5032627,5144125
RE45991,4985304,5177434,5030649,5142971
RE45992,4985281,5177483,5030678,5143398
RE45993,4985081,5177523,5030851,5144540
RE45994,4985352,5177166,5030408,5144524
RE45995,4985355,5177346,5030523,5143952
RE45996,4985307,5177304,5031278,5141930
ADC_LIMIT:4985987,5178167,5042482,5154990,4983439,5175378,5028328,5140780
RE45997,4984768,5177250,5031073,5143396
RE45998,4985166,5177407,5030832,5143399
RE45999,4985540,5177535,5031276,5143881
RE46000,4985360,5177406,5032159,5144164
RE46001,4985360,5177547,5031537,5145272
RE46002,4985320,5177516,5035097,5144563
RE46003,4985423,5177774,5033419,5146051
RE46004,4985255,5177587,5033419,5147615
RE46005,4985437,5177318,5033369,5148135
RE46006,4985541,5177464,5036015,5147736
RE46007,4985006,5177506,5036276,5148330
RE46008,4985251,5177815,5034850,5150725
RE46009,4985209,5177376,5036918,5150013
RE46010,4985489,5177764,5037991,5149136
RE46011,4985560,5177221,5037790,5151209
RE46012,4985498,5177623,5038067,5151302
RE46013,4985279,5177457,5038889,5150554
RE46014,4985122,5177049,5038701,5150877
ADC_LIMIT:4985987,5178167,5042482,5154990,4983439,5175378,5028328,5140780
RE46015,4984928,5177319,5040246,5151623
RE46016,4985193,5177406,5039726,5151831
RE46017,4985454,5177229,5039216,5151164
RE46018,4985099,5177385,5039718,5150162
RE46019,4985054,5176945,5038639,5150208
RE46020,4984979,5177719,5037875,5148489
RE46021,4985181,5177480,5038219,5149910
RE46022,4985166,5177482,5036778,5149577
RE46023,4985317,5177442,5038105,5148803
RE46024,4985075,5176967,5037235,5147998
RE46025,4984939,5177645,5037061,5148773
RE46026,4985206,5177486,5037133,5146336
RE46027,4985287,5177364,5035550,5146857
RE46028,4984971,5177650,5034543,5147384
RE46029,4985276,5177512,5033157,5146408
RE46030,4985151,5177250,5032938,5145065
RE46031,4984868,5177187,5033271,5145235
ADC_LIMIT:4985987,5178167,5042482,5154990,4983439,5175378,5028328,5140780
RE46032,4985481,5177230,5030804,5142989
RE46033,4985448,5177455,5032018,5144160
RE46034,4985225,5177723,5030821,5143871
RE46035,4985123,5177728,5030641,5143225
RE46036,4985443,5177640,5030728,5144093
RE46037,4985388,5177428,5031225,5142831
RE46038,4985162,5177578,5029729,5142325
RE46039,4985306,5177457,5029932,5143118
RE46040,4985431,5177778,5031029,5143223
RE46041,4985616,5177836,5031093,5143487
RE46042,4985483,5177693,5030933,5143424
RE46043,4985159,5177308,5031237,5143525
RE46044,4985094,5177095,5031624,5144822
RE46045,4985302,5177413,5032009,5144130
RE46046,4985242,5177399,5032777,5145122
RE46047,4985434,5177489,5031931,5146966
RE46048,4985340,5177242,5033361,5146217
RE46049,4985497,5177181,5032848,5147422
ADC_LIMIT:4985987,5178167,5042482,5154990,4983439,5175378,5028328,5140780
RE46050,4985209,5177630,5034578,5146885
RE46051,4985407,5177618,5035058,5147782
RE46052,4985312,5177537,5036470,5148536
RE46053,4985164,5177509,5035979,5148359
RE46054,4985207,5177521,5036052,5149506
RE46055,4985341,5177409,5037155,5148797
RE46056,4985180,5177722,5036693,5149217
RE46057,4985537,5177688,5037723,5150295
RE46058,4985226,5177527,5037485,5151288
RE46059,4985105,5177776,5037525,5150464
RE46060,4985165,5177372,5037511,5149322
RE46061,4985489,5177727,5037993,5150428
RE46062,4985201,5177666,5037125,5149673
RE46063,4985170,5177616,5037793,5150318
RE46064,4985316,5177487,5038085,5149600
RE46065,4985220,5177359,5038689,5148269
RE46066,4985504,5176937,5036502,5149927
RE46067,4985130,5177274,5037213,5148948
ADC_LIMIT:4985987,5178167,5042482,5154990,4983439,5175378,5028328,5140780
RE46068,4984910,5177144,5038065,5150608
RE46069,4985097,5177347,5037846,5150270
RE46070,4985080,5177547,5037550,5148054
RE46071,4985407,5177541,5037573,5149036
RE46072,4985109,5177282,5035909,5149412
RE46073,4985094,5177282,5035561,5149080
RE46074,4985327,5177914,5035818,5146958
RE46075,4985389,5177670,5035048,5146957
RE46076,4985457,5177262,5035442,5146172
RE46077,4985331,5177739,5033171,5147139
RE46078,4985449,5177580,5033820,5145476
RE46079,4985631,5177344,5033043,5146027
RE46080,4985153,5177398,5032630,5145827
RE46081,4985461,5177210,5033665,5145169
RE46082,4985282,5177361,5031884,5145210
RE46083,4985550,5177457,5032396,5143332
RE46084,4985424,5176926,5030366,5143716
ADC_LIMIT:4985987,5178167,5042482,5154990,4983439,5175378,5028328,5140780
RE46085,4985366,5177464,5031673,5144894
RE46086,4985482,5177799,5031598,5143946
RE46087,4985066,5177079,5030834,5145178
RE46088,4985179,5177314,5031588,5144009
RE46089,4985499,5177537,5032044,5144819
RE46090,4985456,5177846,5031468,5143303
RE46091,4985487,5177464,5032856,5144401
RE46092,4985662,5177697,5033599,5143987
RE46093,4985436,5177836,5033468,5147066
RE46094,4985342,5177631,5034641,5146951
RE46095,4985582,5177639,5033524,5146939
RE46096,4985572,5177363,5035868,5148868
RE46097,4985650,5177276,5035062,5147305
RE46098,4985662,5177608,5035462,5148522
RE46099,4985385,5177616,5035024,5148468
RE46100,4985022,5177384,5035249,5149682
RE46101,4985576,5177022,5035578,5149052
RE46102,4985193,5177045,5036833,5148759
ADC_LIMIT:4985987,5178167,5042482,5154990,4983439,5175378,5028328,5140780
RE46103,4985213,5177413,5037295,5149090
RE46104,4985099,5177015,5036696,5150236
RE46105,4985120,5177524,5037355,5151052
RE46106,4985094,5177533,5039569,5150390
RE46107,4985219,5177506,5037712,5151280
RE46108,4985573,5177461,5039203,5151980
RE46109,4985472,5177307,5038818,5151706
RE46110,4985467,5177459,5038429,5152304
RE46111,4985015,5177280,5037953,5150519
RE46112,4985450,5177379,5038271,5150149
RE46113,4985291,5177218,5037028,5150003
RE46114,4985402,5177299,5037390,5149987
RE46115,4985359,5177456,5037127,5148803
RE46116,4985576,5177304,5036982,5147753
RE46117,4985427,5177124,5036146,5147922
RE46118,4985449,5177393,5033766,5146975
RE46119,4985202,5177315,5033452,5147690
RE46120,4985183,5177540,5032849,5146286
ADC_LIMIT:4985987,5178167,5042482,5154990,4983439,5175378,5028328,5140780
RE46121,4985339,5177553,5033563,5146554
RE46122,4985394,5177277,5032663,5144631
RE46123,4985298,5177461,5031391,5144881
RE46124,4985105,5177402,5030899,5143601
RE46125,4985221,5177686,5031628,5143043
RE46126,4984846,5177626,5032437,5143169
RE46127,4985340,5177311,5029916,5143794
RE46128,4985615,5177256,5030477,5142907
RE46129,4985428,5177460,5029990,5142506
RE46130,4985271,5177221,5030170,5142302
RE46131,4985312,5177224,5029385,5143772
RE46132,4985124,5177195,5030625,5144189
RE46133,4985296,5177312,5032158,5142599
RE46134,4985485,5177203,5030530,5143139
RE46135,4985588,5177393,5031549,5143514
RE46136,4985365,5176974,5030357,5144663
RE46137,4985580,5177105,5031214,5144416
ADC_LIMIT:4985987,5178167,5042482,5154990,4983439,5175378,5028328,5140780
RE46138,4985380,5177134,5034519,5144981
RE46139,4985069,5177236,5033476,5146576
RE46140,4985029,5177460,5033272,5145997
RE46141,4985246,5177562,5034871,5146405
RE46142,4985650,5177358,5034450,5147890
RE46143,4985532,5177469,5035902,5148335
RE46144,4985488,5177623,5035914,5147957
RE46145,4985414,5177375,5037087,5149543
RE46146,4985254,5177385,5036633,5149366
RE46147,4985330,5177359,5038126,5151682
RE46148,4985257,5177025,5038838,5151833
RE46149,4985705,5177378,5039378,5150902
RE46150,4985192,5177398,5038935,5151873
RE46151,4985251,5177177,5039270,5151849
RE46152,4985368,5177370,5038266,5151731
RE46153,4985353,5177306,5038350,5150601
RE46154,4985425,5176991,5038875,5151171
RE46155,4985262,5177341,5039007,5150727
ADC_LIMIT:4985987,5178167,5042482,5154990,4983439,5175378,5028328,5140780
RE46156,4985284,5177273,5038616,5150714
RE46157,4985481,5177416,5038037,5150216
RE46158,4985246,5177468,5038065,5149392
RE46159,4985118,5177638,5038733,5147776
RE46160,4985023,5177271,5037409,5151185
RE46161,4985331,5177293,5036015,5147874
RE46162,4985207,5177540,5036968,5149027
RE46163,4985161,5177340,5035593,5148267
RE46164,4985478,5177450,5034792,5147485
RE46165,4985339,5177470,5033690,5146108
RE46166,4985405,5177464,5032803,5146159
RE46167,4985247,5177620,5034626,5146025
RE46168,4985085,5177789,5033915,5144905
RE46169,4985369,5177477,5032445,5145007
RE46170,4985429,5177299,5032369,5145355
RE46171,4985226,5177266,5031566,5144250
RE46172,4985434,5177096,5032720,5145324
RE46173,4985192,5177456,5030968,5143611
ADC_LIMIT:4985987,5178167,5042482,5154990,4983439,5175378,5028328,5140780
RE46174,4985293,5177640,5031735,5144112
RE46175,4985182,5177330,5031841,5144618
RE46176,4985268,5177624,5029695,5143748
RE46177,4985320,5177307,5030370,5144351
RE46178,4985402,5177251,5030333,5144533
RE46179,4985338,5177651,5031400,5143235
RE46180,4985287,5177698,5030520,5145196
RE46181,4985497,5177506,5032886,5143818
RE46182,4985445,5177749,5031477,5143996
RE46183,4985736,5177534,5033084,5144503
RE46184,4985662,5177662,5032316,5145367
RE46185,4985396,5177331,5032979,5145225
RE46186,4985553,5177278,5034041,5144901
RE46187,4985129,5177512,5033752,5146767
RE46188,4985530,5177434,5034593,5145660
RE46189,4985509,5177276,5034802,5147454
RE46190,4985146,5176966,5034913,5147592
ADC_LIMIT:4985987,5178167,5042482,5154990,4983439,5175378,5028328,5140780
RE46191,4985090,5177032,5035225,5147761
RE46192,4984967,5177531,5034891,5148199
RE46193,4985402,5177739,5036356,5149280
RE46194,4985519,5177563,5036636,5149947
RE46195,4985189,5177176,5036870,5151341
RE46196,4985388,5177529,5037398,5149557
RE46197,4985366,5177338,5038188,5149546
RE46198,4985272,5177620,5037747,5150149
RE46199,4985315,5177549,5037928,5149694
RE46200,4985012,5176976,5037937,5150641
RE46201,4985330,5177578,5038439,5150245
RE46202,4985363,5177242,5037504,5149249
RE46203,4984979,5177409,5038310,5150646
RE46204,4985306,5177489,5037101,5150207
RE46205,4985234,5177158,5036029,5150385
RE46206,4985212,5176880,5036958,5148125
RE46207,4985173,5176996,5035866,5146776
RE46208,4985189,5177244,5034602,5147852
ADC_LIMIT:4985987,5178167,5042482,5154990,4983439,5175378,5028328,5140780
RE46209,4985147,5177475,5035134,5146942
RE46210,4984864,5177066,5032740,5146957
RE46211,4984978,5177182,5033825,5146512
RE46212,4984999,5177468,5032945,5145278
RE46213,4985057,5177278,5032863,5147150
RE46214,4985234,5177220,5033921,5144621
RE46215,4985341,5177460,5031473,5145137
RE46216,4984862,5177124,5032993,5143953
RE46217,4985488,5177305,5032185,5143936
RE46218,4985102,5177037,5031444,5143587
RE46219,4985168,5177451,5031754,5143423
RE46220,4985318,5177374,5030288,5143382
RE46221,4985078,5177444,5030472,5142852
RE46222,4985104,5177252,5030016,5142745
RE46223,4985408,5177282,5030401,5143782
RE46224,4985428,5177294,5030902,5143104
RE46225,4985538,5177263,5031002,5145340
RE46226,4985065,5177230,5030989,5145007
ADC_LIMIT:4985987,5178167,5042482,5154990,4983439,5175378,5028328,5140780
RE46227,4985461,5177393,5032309,5144963
RE46228,4985479,5177202,5032099,5144753
RE46229,4985149,5177294,5032972,5146358
RE46230,4985356,5177171,5033502,5145751
RE46231,4985190,5177008,5033055,5146109
RE46232,4985084,5177317,5035396,5146711
RE46233,4985240,5177208,5035396,5148091
RE46234,4985061,5177537,5035759,5149290
RE46235,4985314,5177170,5036147,5148277
RE46236,4985490,5177535,5035953,5149227
RE46237,4985393,5177256,5036143,5150054
RE46238,4985460,5177226,5035613,5150684
RE46239,4985288,5177137,5036950,5150629
RE46240,4985235,5177440,5037769,5149916
RE46241,4985181,5177464,5039227,5150716
RE46242,4984934,5177255,5038822,5150555
RE46243,4985104,5177228,5040464,5151650
ADC_LIMIT:4985987,5178167,5042482,5154990,4983439,5175378,5028328,5140780
RE46244,4985446,5177400,5038419,5152738
RE46245,4985272,5177461,5039081,5150880
RE46246,4985386,5177281,5039182,5151320
RE46247,4985242,5177540,5038971,5150042
RE46248,4984995,5177706,5039666,5150073
RE46249,4985096,5177427,5038975,5149392
RE46250,4985294,5177705,5038070,5149462
RE46251,4985116,5177237,5038252,5150233
RE46252,4985079,5177532,5036639,5149124
RE46253,4984850,5177128,5035366,5147607
RE46254,4984965,5177476,5034916,5147291
RE46255,4985121,5177233,5035123,5146093
RE46256,4985259,5176971,5033078,5145405
RE46257,4985148,5177426,5032254,5145582
RE46258,4985416,5177183,5032514,5144844
RE46259,4985216,5177550,5032525,5143262
RE46260,4985254,5177151,5030958,5144354
RE46261,4985300,5176937,5030938,5144911
ADC_LIMIT:4985987,5178167,5042482,5154990,4983439,5175378,5028328,5140780
RE46262,4985076,5177414,5031306,5143632
RE46263,4985210,5177398,5030541,5143436
RE46264,4984890,5177480,5029896,5142872
RE46265,4985174,5177221,5030139,5143169
RE46266,4985014,5177113,5031262,5142668
RE46267,4985008,5177340,5030080,5142473
RE46268,4985389,5177397,5029984,5144430
RE46269,4985427,5177194,5029924,5144992
RE46270,4985225,5177736,5031759,5144390
RE46271,4985316,5177557,5031930,5143664
RE46272,4985685,5177362,5032598,5144187
RE46273,4985449,5177224,5031061,5145240
RE46274,4985165,5177417,5032129,5145760
RE46275,4984996,5177581,5033392,5146696
RE46276,4985509,5177433,5034918,5146321
RE46277,4985552,5177285,5033907,5146915
RE46278,4985486,5177565,5034325,5148338
RE46279,4985307,5177611,5035175,5146050
ADC_LIMIT:4985987,5178167,5042482,5154990,4983439,5175378,5028328,5140780
RE46280,4985664,5177716,5035010,5149325
RE46281,4985395,5177260,5036066,5149505
RE46282,4985570,5177675,5037402,5147891
RE46283,4985300,5177395,5036202,5149182
RE46284,4985406,5177581,5035971,5149635
RE46285,4985253,5177401,5036412,5150615
RE46286,4985349,5177652,5036271,5149815
RE46287,4985228,5177661,5037577,5149652
RE46288,4985163,5177256,5037514,5151179
RE46289,4985060,5177380,5038230,5150623
RE46290,4985057,5177346,5038652,5148579
RE46291,4985321,5177461,5037004,5150158
RE46292,4985369,5177459,5037255,5150385
RE46293,4985437,5177333,5037521,5149891
RE46294,4985210,5177364,5037088,5150096
RE46295,4985451,5177323,5037685,5148824
RE46296,4985044,5177328,5036383,5147647
ADC_LIMIT:4985987,5178167,5042482,5154990,4983439,5175378,5028328,5140780
RE46297,4985162,5177330,5036586,5146106
RE46298,4985289,5177299,5037590,5147711
RE46299,4985440,5177680,5035413,5149519
RE46300,4985273,5177361,5035267,5147770
RE46301,4985378,5177541,5035068,5146451
RE46302,4985285,5177406,5035608,5147418
RE46303,4985179,5177565,5035576,5147815
RE46304,4985189,5177272,5033524,5146730
RE46305,4985279,5177373,5032846,5146536
RE46306,4985271,5177447,5033425,5147286
RE46307,4985243,5176940,5033890,5145418
RE46308,4985099,5177252,5034276,5146373
RE46309,4985165,5177046,5032532,5146270
RE46310,4985040,5177226,5032470,5143747
RE46311,4985300,5177418,5031651,5145334
RE46312,4985317,5177210,5032437,5143652
RE46313,4985234,5177066,5033789,5144841
RE46314,4985307,5177343,5032860,5143105
ADC_LIMIT:4985987,5178167,5042482,5154990,4983439,5175378,5028328,5140780
RE46315,4985172,5177669,5031067,5144877
RE46316,4985010,5177639,5030783,5143912
RE46317,4985165,5177091,5030968,5144710
RE46318,4985462,5177614,5032588,5145076
RE46319,4985330,5177625,5033330,5144675
RE46320,4985319,5177359,5033418,5145972
RE46321,4985329,5177670,5032412,5146415
RE46322,4985559,5177393,5032433,5147246
RE46323,4985483,5177224,5033685,5147993
RE46324,4985218,5177308,5035529,5147588
RE46325,4985145,5177218,5034038,5147591
RE46326,4985155,5177272,5034644,5148036
RE46327,4985317,5177477,5035141,5147938
RE46328,4985344,5177265,5035686,5149585
RE46329,4985555,5177305,5036238,5149385
RE46330,4985628,5177165,5037626,5150182
RE46331,4985182,5177385,5037704,5150472
RE46332,4985077,5177465,5037976,5150889
ADC_LIMIT:4985987,5178167,5042482,5154990,4983439,5175378,5028328,5140780
RE46333,4985150,5177350,5037712,5150595
RE46334,4985069,5177389,5038938,5151356
RE46335,4985509,5177221,5037898,5151111
RE46336,4985091,5177556,5037187,5151831
RE46337,4985162,5177343,5037504,5150482
RE46338,4985132,5177422,5037734,5150327
RE46339,4985283,5177463,5038350,5149854
RE46340,4984950,5177146,5038089,5151615
RE46341,4985316,5177233,5036170,5149665
RE46342,4985425,5177079,5037560,5149195
RE46343,4985167,5177119,5035923,5148171
RE46344,4985112,5177456,5035591,5146651
RE46345,4985217,5177406,5036181,5148342
RE46346,4985098,5177198,5035638,5145811
RE46347,4985122,5176887,5033769,5146500
RE46348,4984676,5177079,5032629,5146792
RE46349,4985489,5177063,5032711,5144619
ADC_LIMIT:4985987,5178167,5042482,5154990,4983439,5175378,5028328,5140780
RE46350,4984912,5177262,5032408,5143982
RE46351,4984984,5177167,5033274,5144142
RE46352,4985158,5177217,5031654,5144163
RE46353,4985046,5177181,5029720,5142884
RE46354,4985303,5177372,5032592,5143097
RE46355,4985058,5177563,5029521,5142939
RE46356,4985266,5177382,5031250,5144105
RE46357,4985233,5177374,5030101,5142055
RE46358,4985210,5177391,5029933,5143902
RE46359,4985410,5177306,5029487,5142911
RE46360,4985104,5177502,5030006,5143495
RE46361,4985060,5177383,5029893,5142601
RE46362,4985251,5177453,5032049,5145471
RE46363,4985254,5176909,5032795,5145176
RE46364,4985073,5177466,5031925,5144452
RE46365,4985412,5177027,5033057,5145596
RE46366,4985143,5176932,5031942,5145896
RE46367,4984923,5177166,5033678,5146822
ADC_LIMIT:4985987,5178167,5042482,5154990,4983439,5175378,5028328,5140780
RE46368,4985220,5177306,5034466,5146418
RE46369,4985243,5177365,5034481,5147939
RE46370,4985192,5177144,5035812,5146967
RE46371,4985421,5177571,5035700,5149694
RE46372,4985175,5176928,5036555,5149767
RE46373,4985182,5177382,5038095,5151773
RE46374,4985010,5177200,5036754,5150652
RE46375,4985302,5177216,5039252,5150563
RE46376,4984868,5177364,5038128,5151425
RE46377,4984968,5177176,5038746,5150508
RE46378,4985213,5177380,5039332,5152104
RE46379,4985137,5177580,5039001,5150784
RE46380,4984919,5177268,5038698,5150764
RE46381,4984902,5177042,5038161,5150703
RE46382,4985025,5176903,5039500,5149711
RE46383,4985375,5177308,5038042,5149581
RE46384,4985016,5176969,5038103,5149719
RE46385,4984894,5177348,5038562,5149339
ADC_LIMIT:4985987,5178167,5042482,5154990,4983439,5175378,5028328,5140780
RE46386,4985137,5177137,5037021,5148696
RE46387,4984926,5177174,5036933,5148462
RE46388,4985217,5176946,5037175,5148207
RE46389,4985266,5177485,5036021,5147778
RE46390,4984933,5177432,5034788,5147147
RE46391,4985091,5177416,5034475,5147258
RE46392,4984893,5176975,5033845,5148114
RE46393,4985116,5177465,5033855,5144717
RE46394,4985047,5177194,5032219,5146277
RE46395,4984871,5177230,5032321,5146089
RE46396,4984873,5176964,5031307,5145732
RE46397,4985065,5177064,5032072,5145174
RE46398,4984965,5177319,5032626,5144236
RE46399,4985010,5177365,5031853,5144530
RE46400,4985118,5177040,5031101,5143712
RE46401,4985279,5177202,5030260,5143202
RE46402,4985621,5177531,5031757,5144459
ADC_LIMIT:4985987,5178167,5042482,5154990,4983439,5175378,5028328,5140780
RE46403,4985505,5177356,5031263,5143852
RE46404,4985403,5177210,5031204,5143998
RE46405,4985156,5177598,5032055,5144068
RE46406,4985111,5177623,5031663,5143721
RE46407,4985587,5177507,5032147,5144743
RE46408,4985349,5177492,5032046,5143862
RE46409,4985124,5177508,5032128,5144315
RE46410,4985385,5177515,5031712,5144927
RE46411,4985320,5177681,5032602,5144780
RE46412,4985149,5177633,5032940,5147135
RE46413,4985131,5177353,5033037,5147489
RE46414,4985559,5177783,5033977,5146941
RE46415,4985222,5177367,5033914,5145334
RE46416,4985413,5177479,5033290,5148372
RE46417,4985237,5177448,5036377,5147972
RE46418,4985333,5177110,5035416,5147910
RE46419,4985013,5177173,5036461,5149628
RE46420,4985525,5177637,5035051,5150071
ADC_LIMIT:4985987,5178167,5042482,5154990,4983439,5175378,5028328,5140780
RE46421,4985096,5177295,5037049,5149475
RE46422,4984866,5177090,5036841,5149106
RE46423,4985199,5177540,5038180,5149959
RE46424,4985064,5177553,5037674,5150166
RE46425,4985060,5177564,5037672,5150487
RE46426,4985112,5177343,5037706,5150889
RE46427,4985008,5177418,5037578,5151037
RE46428,4985039,5177025,5037605,5149875
RE46429,4984958,5177243,5039125,5149691
RE46430,4985087,5177011,5038734,5150469
RE46431,4985066,5177335,5037059,5150450
RE46432,4984902,5177257,5036989,5150560
RE46433,4985027,5176956,5036774,5149057
RE46434,4985114,5176944,5035693,5149333
RE46435,4984989,5177124,5036714,5146791
RE46436,4985157,5176822,5033618,5147613
RE46437,4985345,5177152,5035320,5146533
RE46438,4985371,5177502,5032656,5145655
ADC_LIMIT:4985987,5178167,5042482,5154990,4983439,5175378,5028328,5140780
RE46439,4985217,5177259,5032763,5146199
RE46440,4985345,5177270,5032900,5144170
RE46441,4984999,5177490,5033356,5145339
RE46442,4985574,5177557,5032154,5145342
RE46443,4985092,5177510,5030595,5142781
RE46444,4985240,5177428,5030551,5144293
RE46445,4985060,5177367,5031575,5142720
RE46446,4984882,5177105,5031181,5142705
RE46447,4985032,5177338,5029732,5142850
RE46448,4984843,5177260,5030688,5142867
RE46449,4985123,5177324,5031514,5142219
RE46450,4985426,5177480,5029986,5142609
RE46451,4985379,5177327,5030984,5142946
RE46452,4985125,5177602,5031335,5144413
RE46453,4985400,5177267,5031510,5144074
RE46454,4984893,5177391,5032651,5143985
RE46455,4985243,5177557,5032668,5144919
ADC_LIMIT:4985987,5178167,5042482,5154990,4983439,5175378,5028328,5140780
RE46456,4985322,5177469,5032433,5145767
RE46457,4985325,5177384,5033308,5146068
RE46458,4985119,5177326,5034948,5146685
RE46459,4985274,5177364,5035330,5146937
RE46460,4985242,5177446,5037769,5150430
RE46461,4984990,5177545,5036149,5147947
RE46462,4984991,5177309,5035652,5148463
RE46463,4985266,5177247,5038472,5149880
RE46464,4985267,5177221,5038239,5152024
RE46465,4985378,5177385,5037532,5150920
RE46466,4985275,5177714,5038215,5150351
RE46467,4985517,5177745,5037665,5150871
RE46468,4985388,5177587,5037296,5151578
RE46469,4985079,5177324,5038620,5152073
RE46470,4984903,5177169,5038506,5150573
RE46471,4985342,5177016,5038173,5150249
RE46472,4984766,5177009,5038304,5151081
RE46473,4985273,5177802,5037988,5149897
ADC_LIMIT:4985987,5178167,5042482,5154990,4983439,5175378,5028328,5140780
RE46474,4985232,5177713,5037480,5150472
RE46475,4984992,5177675,5038368,5149914
RE46476,4985281,5177720,5036969,5150539
RE46477,4985025,5177556,5035915,5147740
RE46478,4984839,5177437,5036830,5147741
RE46479,4984819,5177586,5035762,5147251
RE46480,4985062,5177385,5034173,5146424
RE46481,4985366,5177360,5033928,5146053
RE46482,4985274,5177623,5034737,5146227
RE46483,4985119,5177456,5032829,5145047
RE46484,4985232,5177357,5033247,5144688
RE46485,4985332,5177730,5031139,5144017
RE46486,4985088,5177418,5031660,5143710
RE46487,4985454,5177703,5030684,5143455
RE46488,4985478,5177252,5031210,5142341
RE46489,4985105,5177285,5031913,5141684
RE46490,4985403,5177319,5030247,5143737
RE46491,4985237,5177243,5030459,5142584
ADC_LIMIT:4985987,5178167,5042482,5154990,4983439,5175378,5028328,5140780
RE46492,4984906,5177645,5030747,5143228
RE46493,4985243,5177551,5030309,5141888
RE46494,4985128,5177227,5030278,5143514
RE46495,4985253,5177088,5030879,5142832
RE46496,4984877,5177449,5030979,5145323
RE46497,4985307,5177379,5030826,5142216
RE46498,4984987,5177506,5031243,5143336
RE46499,4985066,5177531,5031883,5145869
RE46500,4985209,5177213,5033131,5143852
RE46501,4985205,5177464,5033680,5146333
RE46502,4985275,5177444,5033714,5147388
RE46503,4985205,5177424,5033439,5147347
RE46504,4985399,5177513,5035300,5147128
RE46505,4985159,5177424,5034385,5147456
RE46506,4985260,5177401,5035062,5148064
RE46507,4985357,5177614,5036398,5148961
RE46508,4985722,5177733,5037090,5149407
ADC_LIMIT:4985987,5178167,5042482,5154990,4983439,5175378,5028328,5140780
RE46509,4985458,5177864,5036825,5148276
RE46510,4985415,5177387,5037421,5149447
RE46511,4985352,5177376,5036649,5148596
RE46512,4985169,5177502,5037811,5150788
RE46513,4985285,5177224,5036850,5150479
RE46514,4985235,5177182,5036481,5150364
RE46515,4985316,5177064,5036925,5148639
RE46516,4985139,5177017,5038448,5150455
RE46517,4984840,5177103,5037050,5150279
RE46518,4984997,5177169,5037007,5149122
RE46519,4984736,5177190,5038029,5149179
RE46520,4985260,5176937,5036784,5148257
RE46521,4985074,5177455,5036341,5148822
RE46522,4985306,5177180,5035945,5149729
RE46523,4985296,5177178,5034777,5149117
RE46524,4985107,5176812,5036203,5145909
RE46525,4985306,5177191,5035960,5148442
RE46526,4985049,5177416,5035608,5148563
ADC_LIMIT:4985987,5178167,5042482,5154990,4983439,5175378,5028328,5140780
RE46527,4985390,5177329,5036241,5147494
RE46528,4985061,5177313,5036929,5148136
RE46529,4985154,5177061,5033906,5146339
RE46530,4985198,5177197,5034409,5147233
RE46531,4985013,5176902,5034073,5146230
RE46532,4984996,5177416,5032947,5146907
RE46533,4984849,5177118,5033343,5144428
RE46534,4985070,5177293,5032692,5144944
RE46535,4985295,5177497,5032361,5144789
RE46536,4985241,5177591,5032604,5144064
RE46537,4985048,5177577,5031210,5144740
RE46538,4985091,5177961,5031579,5144420
RE46539,4985298,5177326,5031768,5144286
RE46540,4985056,5176956,5031538,5144248
RE46541,4984950,5177373,5031114,5144160
RE46542,4985156,5177254,5032649,5144716
RE46543,4985158,5176989,5032433,5144724
RE46544,4985509,5177077,5032096,5145940
ADC_LIMIT:4985987,5178167,5042482,5154990,4983439,5175378,5028328,5140780
RE46545,4985311,5177618,5034426,5144179
RE46546,4984935,5177305,5034129,5146118
RE46547,4985465,5177562,5032619,5146157
RE46548,4985034,5177152,5034346,5145502
RE46549,4985204,5177360,5033404,5147252
RE46550,4985416,5177404,5034304,5148200
RE46551,4985234,5177362,5033386,5147356
RE46552,4985203,5177411,5037738,5148880
RE46553,4985337,5177453,5036605,5149197
RE46554,4985673,5177525,5035911,5148415
RE46555,4985444,5177135,5037016,5148687
RE46556,4984860,5177578,5037196,5149799
RE46557,4985525,5177485,5036920,5150546
RE46558,4985314,5177167,5037554,5149630
RE46559,4985351,5177251,5038514,5150761
RE46560,4985360,5176985,5037384,5149920
RE46561,4984963,5177380,5038063,5149694
ADC_LIMIT:4985987,5178167,5042482,5154990,4983439,5175378,5028328,5140780
RE46562,4985144,5177380,5036724,5151989
RE46563,4985209,5177362,5038358,5151251
RE46564,4985388,5177211,5037981,5150393
RE46565,4985171,5177379,5039000,5150476
RE46566,4985269,5176959,5037801,5149148
RE46567,4985290,5177186,5037055,5149102
RE46568,4985295,5177231,5036909,5148208
RE46569,4985129,5177226,5035023,5147757
RE46570,4985155,5177358,5035331,5146899
RE46571,4985090,5176977,5035308,5145618
RE46572,4985043,5177396,5034520,5146682
RE46573,4985138,5177334,5033427,5144586
RE46574,4984815,5177196,5032767,5146288
RE46575,4984914,5177267,5032370,5145083
RE46576,4985080,5177176,5031900,5143983
RE46577,4985149,5177156,5032375,5141992
RE46578,4985244,5177319,5031350,5142260
RE46579,4985025,5177145,5031351,5145234
ADC_LIMIT:4985987,5178167,5042482,5154990,4983439,5175378,5028328,5140780
RE46580,4984727,5177284,5030112,5142790
RE46581,4984936,5177150,5030019,5142042
RE46582,4985470,5177216,5030583,5141380
RE46583,4985198,5177132,5029672,5140970
RE46584,4985108,5177848,5030715,5141951
RE46585,4985039,5177193,5029354,5143436
RE46586,4985322,5177511,5029971,5142570
RE46587,4985224,5177293,5029293,5143329
RE46588,4985273,5177516,5030471,5143787
RE46589,4985413,5177020,5031160,5144552
RE46590,4985379,5177374,5032483,5145331
RE46591,4985239,5177635,5032809,5145274
RE46592,4985605,5177388,5032117,5146545
RE46593,4985368,5177232,5034028,5145904
RE46594,4985184,5177228,5035151,5147802
RE46595,4984978,5177388,5035180,5147755
RE46596,4985343,5177492,5036279,5148478
RE46597,4985008,5177148,5036741,5147626
ADC_LIMIT:4985987,5178167,5042482,5154990,4983439,5175378,5028328,5140780
RE46598,4985591,5177355,5036680,5147840
RE46599,4985236,5177561,5036878,5149776
RE46600,4985111,5177428,5037389,5150894
RE46601,4985252,5177506,5037780,5150909
RE46602,4985217,5177364,5037875,5150659
RE46603,4985222,5177578,5039449,5151813
RE46604,4985196,5177629,5038674,5151253
RE46605,4985436,5177584,5039460,5151554
RE46606,4985332,5176942,5040347,5151984
RE46607,4985046,5177114,5040225,5150649
RE46608,4985191,5177375,5036776,5150596
RE46609,4985138,5177652,5038230,5150169
RE46610,4985439,5177333,5038770,5151239
RE46611,4985208,5177298,5037739,5150774
RE46612,4985157,5177004,5037261,5148459
RE46613,4985050,5177234,5037622,5148778
RE46614,4985106,5177100,5037476,5148906
ADC_LIMIT:4985987,5178167,5042482,5154990,4983439,5175378,5028328,5140780
RE46615,4985208,5177195,5034901,5148454
RE46616,4985283,5177365,5033816,5146252
RE46617,4984815,5177054,5035432,5146350
RE46618,4985139,5177372,5033688,5144874
RE46619,4985028,5177215,5033335,5145987
RE46620,4985032,5177256,5033058,5144627
RE46621,4984989,5177015,5032722,5144773
RE46622,4985012,5177271,5032317,5144514
RE46623,4984796,5177207,5032260,5145499
RE46624,4985313,5177276,5031483,5145287
RE46625,4985235,5177044,5031039,5143182
RE46626,4984704,5177098,5031639,5144375
RE46627,4985308,5177253,5031248,5143744
RE46628,4985157,5177192,5031437,5143678
RE46629,4985247,5177046,5031343,5143153
RE46630,4984686,5177159,5030608,5143604
RE46631,4985350,5177394,5031065,5144173
RE46632,4984830,5177338,5031471,5143945
ADC_LIMIT:4985987,5178167,5042482,5154990,4983439,5175378,5028328,5140780
RE46633,4985217,5177192,5031180,5144286
RE46634,4985390,5177188,5032041,5143859
RE46635,4984811,5177290,5032509,5144654
RE46636,4985168,5177292,5033037,5145093
RE46637,4984969,5177555,5033360,5145734
RE46638,4985269,5177604,5034733,5146807
RE46639,4985453,5177010,5034408,5145693
RE46640,4985141,5177138,5032704,5146546
RE46641,4984955,5177464,5035125,5147397
RE46642,4984856,5177162,5034661,5148177
RE46643,4985020,5177091,5035220,5147735
RE46644,4985042,5177243,5035368,5150013
RE46645,4984946,5177465,5036944,5149774
RE46646,4985054,5176993,5038498,5148864
RE46647,4985122,5177154,5038196,5149934
RE46648,4985351,5177063,5037221,5149768
RE46649,4984774,5177311,5036708,5150053
RE46650,4985045,5177338,5038092,5150218
ADC_LIMIT:4985987,5178167,5042482,5154990,4983439,5175378,5028328,5140780
RE46651,4984843,5176972,5037779,5149653
RE46652,4984946,5177336,5037735,5150264
RE46653,4984816,5177296,5036549,5150974
RE46654,4984979,5177119,5038010,5151418
RE46655,4985149,5176946,5039136,5148839
RE46656,4985133,5177271,5037824,5147854
RE46657,4985020,5176908,5036565,5149608
RE46658,4985037,5177121,5036918,5149366
RE46659,4985124,5177060,5035420,5149193
RE46660,4985224,5177042,5036704,5147885
RE46661,4985027,5177222,5035155,5149098
RE46662,4985023,5177362,5034798,5147458
RE46663,4984773,5177418,5035611,5146730
RE46664,4985034,5177432,5034010,5146001
RE46665,4984900,5177200,5033043,5146386
RE46666,4984950,5177222,5032530,5143616
RE46667,4984946,5176966,5032779,5144843
ADC_LIMIT:4985987,5178167,5042482,5154990,4983439,5175378,5028328,5140780
RE46668,4984930,5177359,5031623,5144768
RE46669,4984752,5177493,5032124,5143934
RE46670,4985101,5177151,5032220,5142225
RE46671,4984927,5177274,5030752,5144172
RE46672,4985072,5177241,5031224,5142271
RE46673,4985120,5177504,5029480,5143233
RE46674,4985437,5176922,5030459,5143693
RE46675,4985115,5177374,5030471,5143722
RE46676,4985707,5177338,5030584,5143736
RE46677,4985288,5177333,5030810,5143345
RE46678,4985204,5177320,5030458,5144424
RE46679,4985030,5177433,5032245,5144945
RE46680,4985284,5177457,5033129,5145715
RE46681,4985407,5177563,5033546,5145805
RE46682,4985362,5177415,5033299,5145997
RE46683,4985192,5177471,5033722,5145506
RE46684,4985307,5177315,5035003,5147972
RE46685,4985332,5177640,5034296,5149934
ADC_LIMIT:4985987,5178167,5042482,5154990,4983439,5175378,5028328,5140780
RE46686,4985056,5177404,5035584,5148633
RE46687,4985332,5177374,5033999,5149502
RE46688,4985463,5177550,5038124,5149425
RE46689,4985309,5177060,5039050,5149331
RE46690,4984895,5177265,5037542,5149949
RE46691,4985110,5177676,5038229,5151024
RE46692,4985188,5177258,5037804,5150889
RE46693,4985004,5177527,5038658,5151741
RE46694,4985088,5177178,5039159,5152485
RE46695,4985005,5177458,5038804,5151985
RE46696,4985256,5177300,5037838,5151299
RE46697,4984982,5177356,5039476,5151132
RE46698,4985017,5177345,5038535,5151135
RE46699,4985089,5177129,5038322,5149816
RE46700,4984901,5177164,5038212,5150157
RE46701,4985131,5177221,5037745,5150338
RE46702,4985179,5177205,5038175,5148946
RE46703,4985303,5177374,5036191,5147225
ADC_LIMIT:4985987,5178167,5042482,5154990,4983439,5175378,5028328,5140780
RE46704,4985335,5177197,5035456,5148019
RE46705,4985140,5177202,5034879,5148399
RE46706,4985233,5177343,5034806,5146509
RE46707,4985056,5177477,5035078,5146041
RE46708,4985307,5177329,5033633,5144792
RE46709,4985111,5177379,5032512,5146009
RE46710,4985185,5177098,5032383,5145568
RE46711,4984839,5176941,5031923,5143939
RE46712,4985063,5177063,5032067,5142271
RE46713,4985142,5177397,5031643,5142657
RE46714,4985086,5177226,5030446,5143141
RE46715,4984882,5177172,5030135,5144132
RE46716,4984815,5177121,5029950,5142673
RE46717,4984964,5176913,5030926,5144025
RE46718,4984863,5177120,5029559,5144153
RE46719,4984783,5177177,5029325,5143637
RE46720,4984979,5177054,5030809,5142403
ADC_LIMIT:4985987,5178167,5042482,5154990,4983439,5175378,5028328,5140780
RE46721,4984893,5177202,5031000,5144248
RE46722,4984961,5177172,5031362,5145144
RE46723,4984836,5177184,5031687,5143658
RE46724,4985036,5177292,5032186,5143164
RE46725,4985110,5177420,5033045,5145116
RE46726,4985210,5177264,5033278,5145381
RE46727,4985153,5177350,5033727,5147306
RE46728,4985205,5177193,5034065,5147196
RE46729,4985097,5177590,5034300,5147214
RE46730,4984945,5177130,5033367,5147891
RE46731,4985124,5177556,5034244,5148621
RE46732,4985208,5177396,5035581,5148759
RE46733,4985484,5177313,5037310,5148380
RE46734,4985035,5177102,5036968,5148756
RE46735,4985140,5177267,5037545,5148708
RE46736,4985060,5177190,5036185,5148675
RE46737,4985193,5177365,5037247,5148926
RE46738,4984930,5177066,5036698,5149583
ADC_LIMIT:4985987,5178167,5042482,5154990,4983439,5175378,5028328,5140780
RE46739,4985009,5177237,5034950,5150131
RE46740,4984845,5177362,5038524,5149703
RE46741,4985310,5177538,5037238,5150873
RE46742,4985431,5177181,5037869,5148305
RE46743,4985256,5177581,5037337,5149414
RE46744,4984983,5177323,5039203,5149455
RE46745,4984974,5177441,5038059,5149601
RE46746,4985309,5177142,5037826,5149293
RE46747,4984852,5177054,5037040,5148124
RE46748,4985120,5177250,5037541,5148892
RE46749,4984805,5177264,5036784,5149436
RE46750,4985079,5177292,5036245,5147752
RE46751,4984696,5176975,5036522,5147392
RE46752,4985140,5177191,5036107,5147379
RE46753,4985385,5177367,5035630,5147707
RE46754,4985383,5177226,5033744,5146058
RE46755,4985324,5177533,5035222,5146038
RE46756,4985281,5177469,5033049,5146754
ADC_LIMIT:4985987,5178167,5042482,5154990,4983439,5175378,5028328,5140780
RE46757,4985006,5177241,5032396,5146812
RE46758,4985049,5177205,5032364,5145232
RE46759,4985144,5177512,5034488,5145896
RE46760,4985308,5177219,5032504,5145980
RE46761,4985196,5177090,5031668,5143904
RE46762,4985215,5177449,5031615,5144557
RE46763,4985043,5177006,5030686,5145293
RE46764,4985199,5177288,5032800,5145226
RE46765,4985343,5177125,5031937,5143170
RE46766,4985268,5177194,5031750,5145830
RE46767,4985293,5177400,5031692,5145929
RE46768,4985281,5177360,5032777,5144123
RE46769,4985326,5177166,5032892,5144021
RE46770,4985271,5177405,5034285,5144356
RE46771,4985434,5177312,5033305,5144799
RE46772,4985300,5177526,5032617,5145426
RE46773,4985180,5177556,5034201,5145931
ADC_LIMIT:4985987,5178167,5042482,5154990,4983439,5175378,5028328,5140780
RE46774,4985222,5177455,5033824,5148107
RE46775,4985328,5177291,5034502,5146550
RE46776,4985307,5177250,5035030,5147640
RE46777,4985184,5177203,5035569,5147962
RE46778,4985049,5176879,5035351,5148342
RE46779,4985020,5177294,5036267,5147781
RE46780,4985206,5177148,5036662,5148793
RE46781,4985108,5176909,5036843,5149605
RE46782,4985323,5177238,5037048,5150138
RE46783,4985225,5177469,5038452,5150252
RE46784,4985078,5177103,5038153,5150913
RE46785,4985121,5177346,5036969,5149908
RE46786,4985412,5177274,5039183,5151041
RE46787,4985107,5177173,5036811,5150912
RE46788,4985137,5177279,5038364,5150537
RE46789,4984957,5176995,5038843,5149248
RE46790,4985081,5177183,5039144,5150116
RE46791,4984967,5177255,5037140,5150375
ADC_LIMIT:4985987,5178167,5042482,5154990,4983439,5175378,5028328,5140780
RE46792,4985080,5177438,5037969,5150610
RE46793,4984924,5177382,5036701,5149198
RE46794,4985142,5177472,5035722,5148545
RE46795,4985000,5177312,5036460,5147510
RE46796,4984858,5176846,5035455,5147923
RE46797,4985043,5177464,5035893,5146922
RE46798,4985452,5177320,5034111,5145249
RE46799,4985134,5177440,5033793,5146857
RE46800,4985568,5177390,5033009,5145733
RE46801,4985235,5177549,5031592,5144540
RE46802,4985152,5177526,5030319,5143522
RE46803,4985600,5177234,5030670,5144008
RE46804,4985262,5177264,5030880,5143462
RE46805,4985414,5177074,5030827,5142246
RE46806,4985301,5177261,5029740,5141567
RE46807,4985302,5177535,5031056,5142552
RE46808,4985467,5177347,5030359,5142746
RE46809,4985852,5177544,5030559,5142173
ADC_LIMIT:4985987,5178167,5042482,5154990,4983439,5175378,5028328,5140780
RE46810,4985448,5177172,5030599,5141692
RE46811,4985028,5177012,5031276,5142334
RE46812,4985399,5177448,5031547,5143819
RE46813,4985227,5177295,5030547,5144138
RE46814,4984952,5177292,5031901,5144974
RE46815,4985041,5177462,5031691,5145423
RE46816,4985389,5177015,5032473,5146123
RE46817,4985092,5177158,5032744,5146050
RE46818,4985234,5177122,5032763,5146578
RE46819,4985314,5177529,5033586,5147292
RE46820,4985285,5177136,5033246,5146656
RE46821,4985243,5177309,5035690,5148306
RE46822,4985201,5177369,5035856,5148502
RE46823,4985559,5177087,5036219,5149866
RE46824,4985354,5177127,5037569,5149924
RE46825,4985387,5177587,5036785,5150669
RE46826,4985451,5177494,5038828,5150679
ADC_LIMIT:4985987,5178167,5042482,5154990,4983439,5175378,5028328,5140780
RE46827,4985666,5177384,5038510,5151483
RE46828,4985197,5177305,5039449,5152316
RE46829,4985159,5177481,5038783,5150498
RE46830,4985016,5177625,5039199,5151876
RE46831,4985243,5177212,5040017,5151649
RE46832,4985388,5177627,5038833,5151103
RE46833,4985234,5177044,5038444,5149837
RE46834,4985150,5177483,5037682,5150164
RE46835,4984962,5177512,5037686,5151069
RE46836,4985351,5177316,5038663,5150341
RE46837,4985030,5177130,5037385,5149099
RE46838,4985171,5177513,5037982,5148776
RE46839,4985198,5177393,5037510,5149211
RE46840,4985185,5177248,5036043,5147464
RE46841,4985097,5177148,5036317,5146830
RE46842,4985141,5177428,5035019,5147333
RE46843,4985301,5177578,5034978,5147773
RE46844,4985382,5177275,5033013,5146410
ADC_LIMIT:4985987,5178167,5042482,5154990,4983439,5175378,5028328,5140780
RE46845,4985043,5177313,5034571,5144517
RE46846,4985145,5177039,5031923,5145610
RE46847,4984898,5177243,5031983,5145069
RE46848,4984851,5177235,5033112,5143876
RE46849,4985014,5176947,5032186,5145685
RE46850,4985247,5177084,5031576,5144608
RE46851,4985219,5177361,5032044,5144436
RE46852,4985329,5177625,5031851,5143779
RE46853,4985198,5177824,5030779,5142354
RE46854,4985441,5177431,5030633,5144306
RE46855,4985132,5177615,5031039,5143688
RE46856,4985516,5177200,5032104,5145144
RE46857,4985295,5177020,5031671,5144666
RE46858,4985332,5177174,5031755,5144237
RE46859,4985334,5177502,5032727,5144609
RE46860,4985331,5177591,5032773,5145996
RE46861,4985378,5177535,5033045,5146776
RE46862,4985156,5177252,5033080,5145723
ADC_LIMIT:4985987,5178167,5042482,5154990,4983439,5175378,5028328,5140780
RE46863,4984864,5177498,5032541,5145766
RE46864,4985363,5177488,5033504,5145800
RE46865,4984996,5177489,5034836,5146965
RE46866,4985304,5177372,5033384,5148214
RE46867,4985765,5177558,5035875,5146656
RE46868,4985347,5177301,5033803,5148445
RE46869,4985148,5177329,5034951,5148872
RE46870,4985222,5177256,5036641,5149486
RE46871,4985067,5177624,5036934,5148892
RE46872,4985507,5177021,5038792,5149621
RE46873,4985395,5177349,5036919,5149497
RE46874,4985217,5177373,5037359,5149354
RE46875,4985310,5177050,5037417,5150184
RE46876,4985091,5177352,5037057,5149845
RE46877,4985140,5177127,5037760,5149895
RE46878,4984939,5177271,5037312,5150661
RE46879,4984825,5177138,5037829,5150463
ADC_LIMIT:4985987,5178167,5042482,5154990,4983439,5175378,5028328,5140780
RE46880,4985058,5177005,5038226,5149602
RE46881,4985299,5177195,5038970,5149794
RE46882,4984819,5176969,5036747,5150604
RE46883,4985206,5176650,5037996,5149548
RE46884,4985042,5177000,5037767,5149456
RE46885,4985261,5177053,5036432,5149103
RE46886,4985176,5177059,5034983,5148988
RE46887,4984998,5177185,5034947,5148876
RE46888,4984801,5177324,5033849,5147758
RE46889,4985179,5177472,5033496,5145658
RE46890,4985201,5177107,5033152,5146033
RE46891,4984974,5177132,5034124,5144271
RE46892,4985385,5177351,5033090,5144576
RE46893,4984966,5176838,5032393,5144236
RE46894,4985155,5177068,5033620,5142063
RE46895,4985019,5177092,5031542,5144960
RE46896,4985501,5177033,5031113,5142702
RE46897,4984969,5176987,5030519,5144074
ADC_LIMIT:4985987,5178167,5042482,5154990,4983439,5175378,5028328,5140780
RE46898,4985076,5177134,5030592,5143494
RE46899,4985192,5177254,5031855,5144167
RE46900,4985096,5177334,5030885,5144322
RE46901,4985366,5177274,5029384,5143476
RE46902,4985324,5177162,5030649,5143917
RE46903,4985082,5177187,5031282,5144501
RE46904,4985110,5177495,5032064,5145657
RE46905,4985300,5177121,5031812,5145041
RE46906,4985221,5177230,5033191,5145289
RE46907,4985465,5177180,5032984,5145080
RE46908,4985470,5177023,5034463,5144620
RE46909,4985199,5177151,5034180,5147110
RE46910,4985392,5177096,5034626,5147598
RE46911,4985094,5177226,5035956,5148663
RE46912,4985373,5177521,5036169,5147785
RE46913,4984962,5177276,5036867,5149242
RE46914,4985457,5177082,5037166,5150050
RE46915,4984869,5177285,5037956,5149301
ADC_LIMIT:4985987,5178167,5042482,5154990,4983439,5175378,5028328,5140780
RE46916,4985680,5177434,5038897,5150393
RE46917,4985342,5177428,5037581,5151017
RE46918,4985026,5177258,5038035,5151094
RE46919,4985234,5177395,5038228,5152619
RE46920,4985143,5177260,5037847,5152677
RE46921,4985566,5177365,5038793,5150384
RE46922,4985200,5177526,5038937,5151083
RE46923,4985133,5177522,5037593,5150451
RE46924,4985390,5177622,5038175,5150490
RE46925,4985311,5177489,5039300,5149720
RE46926,4985057,5177417,5036728,5148888
RE46927,4985300,5177204,5036657,5149046
RE46928,4985215,5177168,5036095,5149768
RE46929,4985505,5177232,5036855,5148321
RE46930,4985238,5177402,5035057,5147608
RE46931,4985366,5177386,5034714,5147728
RE46932,4985088,5177060,5034935,5146429
ADC_LIMIT:4985987,5178167,5042482,5154990,4983439,5175378,5028328,5140780
RE46933,4984957,5177183,5033446,5145331
RE46934,4985294,5177028,5032040,5145194
RE46935,4985446,5177396,5032628,5144665
RE46936,4984975,5177130,5032014,5144540
RE46937,4985376,5177515,5030898,5143690
RE46938,4984928,5177142,5031558,5142378
RE46939,4985318,5177526,5031544,5143690
RE46940,4985365,5177489,5030206,5143529
RE46941,4985049,5177456,5029754,5142850
RE46942,4985275,5177226,5030021,5142291
RE46943,4985295,5177529,5030735,5142937
RE46944,4985205,5177590,5031360,5144057
RE46945,4985318,5177450,5030148,5143271
RE46946,4985002,5177108,5031470,5142968
RE46947,4984931,5177440,5032535,5144529
RE46948,4985070,5177558,5031457,5145621
RE46949,4985299,5177396,5033075,5144928
RE46950,4985187,5177890,5032214,5145580
ADC_LIMIT:4985987,5178167,5042482,5154990,4983439,5175378,5028328,5140780
RE46951,4985132,5177682,5033010,5145660
RE46952,4985429,5177608,5033481,5145808
RE46953,4985421,5177491,5033778,5146999
RE46954,4985177,5177571,5034671,5147906
RE46955,4985080,5177410,5035135,5147545
RE46956,4985275,5177403,5035271,5148667
RE46957,4985288,5177475,5034798,5149234
RE46958,4985051,5177223,5036235,5150065
RE46959,4985554,5177593,5036178,5148398
RE46960,4985216,5177415,5035777,5148090
RE46961,4985206,5177811,5037753,5149439
RE46962,4985223,5177218,5038673,5150071
RE46963,4985345,5177381,5037776,5148125
RE46964,4985030,5177146,5037469,5151382
RE46965,4985070,5177365,5037557,5148713
RE46966,4984989,5177396,5036922,5149656
RE46967,4985196,5177194,5038139,5151363
RE46968,4985074,5177272,5036937,5149819
ADC_LIMIT:4985987,5178167,5042482,5154990,4983439,5175378,5028328,5140780
RE46969,4984845,5177682,5037708,5149908
RE46970,4985196,5177484,5037397,5148903
RE46971,4984954,5177805,5036571,5148315
RE46972,4984968,5177588,5036696,5149257
RE46973,4984905,5177441,5036220,5148555
RE46974,4984936,5177351,5035694,5148338
RE46975,4984915,5177563,5035969,5147635
RE46976,4985205,5177322,5034959,5146536
RE46977,4984928,5177095,5036739,5147063
RE46978,4984996,5177392,5035357,5145805
RE46979,4985046,5177315,5035237,5145851
RE46980,4984962,5177189,5034018,5145880
RE46981,4985228,5177219,5035526,5145648
RE46982,4985155,5177186,5034321,5145855
RE46983,4985272,5177360,5031904,5145804
RE46984,4985313,5177226,5034011,5145882
RE46985,4985274,5177264,5032242,5146127
ADC_LIMIT:4985987,5178167,5042482,5154990,4983439,5175378,5028328,5140780
RE46986,4985384,5177213,5032438,5145721
RE46987,4985086,5177301,5032437,5143656
RE46988,4985155,5177357,5031715,5144675
RE46989,4985220,5177292,5030549,5144574
RE46990,4984660,5177171,5031861,5144084
RE46991,4985196,5177482,5032419,5143329
RE46992,4985098,5177266,5030632,5143878
RE46993,4985162,5177305,5031644,5143990
RE46994,4985119,5177654,5032410,5144513
RE46995,4985455,5177505,5033192,5144415
RE46996,4985021,5177597,5033136,5145229
RE46997,4985532,5177126,5033396,5145112
RE46998,4985306,5177263,5033064,5146015
RE46999,4985382,5177396,5031953,5148056
RE47000,4985246,5177177,5034123,5147255
RE47001,4985267,5177780,5034718,5146530
RE47002,4985324,5177354,5034785,5146775
RE47003,4985116,5177861,5035982,5148049
ADC_LIMIT:4985987,5178167,5042482,5154990,4983439,5175378,5028328,5140780
RE47004,4985394,5177349,5036060,5148521
RE47005,4985386,5177198,5036744,5149109
RE47006,4985289,5177309,5036036,5150092
RE47007,4984999,5177472,5037169,5148899
RE47008,4985084,5177179,5038285,5149659
RE47009,4985248,5177494,5037835,5149423
RE47010,4985085,5177242,5038706,5149219
RE47011,4985178,5177436,5037540,5150256
RE47012,4984958,5177433,5037197,5150521
RE47013,4985097,5177439,5037671,5150627
RE47014,4985018,5177260,5037456,5150032
RE47015,4985129,5176999,5037714,5149561
RE47016,4984751,5177065,5036380,5149328
RE47017,4984528,5177127,5037005,5147746
RE47018,4984933,5177199,5035577,5148014
RE47019,4985478,5177352,5035974,5146536
RE47020,4984483,5177358,5034163,5146597
RE47021,4984928,5176961,5035211,5146128
ADC_LIMIT:4985987,5178167,5042482,5154990,4983439,5175378,5028328,5140780
RE47022,4984970,5177282,5033139,5146857
RE47023,4985044,5177249,5033132,5146041
RE47024,4984932,5177120,5033266,5146749
RE47025,4984731,5177207,5031201,5143858
RE47026,4985138,5177065,5031828,5146372
RE47027,4985001,5177094,5032252,5143840
RE47028,4985194,5177140,5030607,5144578
RE47029,4985355,5177576,5030979,5142797
RE47030,4985330,5177214,5030389,5142875
RE47031,4985284,5177652,5029675,5143037
RE47032,4985300,5177212,5030131,5141457
RE47033,4985327,5177275,5028977,5142920
RE47034,4985305,5177500,5029859,5142780
RE47035,4985130,5177216,5028968,5141838
RE47036,4985173,5177343,5029036,5143091
RE47037,4985013,5177641,5032497,5143445
RE47038,4985163,5177607,5030738,5144116
ADC_LIMIT:4985987,5178167,5042482,5154990,4983439,5175378,5028328,5140780
RE47039,4985000,5177601,5031524,5145010
RE47040,4985138,5177730,5032345,5143823
RE47041,4985143,5177622,5033051,5143988
RE47042,4985022,5177442,5033966,5145906
RE47043,4985076,5177447,5032392,5146774
RE47044,4985173,5177460,5034443,5147031
RE47045,4985268,5177542,5035822,5147550
RE47046,4985459,5177465,5035618,5149193
RE47047,4985390,5177447,5036119,5149177
RE47048,4985254,5177767,5039401,5150476
RE47049,4985509,5177626,5038660,5149569
RE47050,4985031,5177376,5038637,5150064
RE47051,4985274,5177319,5038666,5150457
RE47052,4985117,5177335,5038447,5150167
RE47053,4985304,5177711,5038912,5151406
RE47054,4985482,5177868,5039048,5151499
RE47055,4985251,5177498,5038255,5152243
RE47056,4985422,5177471,5038754,5150690
ADC_LIMIT:4985987,5178167,5042482,5154990,4983439,5175378,5028328,5140780
RE47057,4985243,5177506,5039132,5152306
RE47058,4985092,5177494,5037903,5150862
RE47059,4985090,5177551,5038366,5150871
RE47060,4985261,5177500,5037002,5150454
RE47061,4985222,5177295,5036652,5148069
RE47062,4985081,5177326,5037034,5150981
RE47063,4985158,5177464,5037058,5148664
RE47064,4985002,5177530,5035757,5147782
RE47065,4985449,5177779,5036553,5146925
RE47066,4985172,5177321,5034380,5147398
RE47067,4985434,5177400,5035178,5145676
RE47068,4985377,5177101,5034554,5145857
RE47069,4985358,5177241,5033307,5145126
RE47070,4985253,5177152,5032501,5145967
RE47071,4985145,5177550,5031980,5144148
RE47072,4985052,5177322,5033183,5144615
RE47073,4985162,5177668,5032321,5144492
RE47074,4984996,5177425,5030689,5144201
ADC_LIMIT:4985987,5178167,5042482,5154990,4983439,5175378,5028328,5140780
RE47075,4985118,5177376,5031190,5144521
RE47076,4985354,5177801,5029539,5143315
RE47077,4985295,5177669,5031964,5143032
RE47078,4985407,5177697,5031112,5143129
RE47079,4985365,5177477,5031331,5142660
RE47080,4985378,5177635,5031264,5143052
RE47081,4985486,5177670,5031388,5142928
RE47082,4985280,5177569,5031651,5142709
RE47083,4985655,5177761,5031814,5143892
RE47084,4985276,5177808,5031716,5145347
RE47085,4985540,5177458,5031034,5143956
RE47086,4985509,5177488,5032583,5144176
RE47087,4985426,5177698,5033653,5144891
RE47088,4985191,5177732,5032766,5144707
RE47089,4985185,5177626,5032657,5146917
RE47090,4985409,5177770,5034885,5146875
RE47091,4985442,5177461,5034167,5147220
ADC_LIMIT:4985987,5178167,5042482,5154990,4983439,5175378,5028328,5140780
RE47092,4985393,5177978,5033503,5147463
RE47093,4985397,5177582,5035825,5147116
RE47094,4985189,5177714,5035924,5147436
RE47095,4985684,5177290,5035857,5148607
RE47096,4985235,5177475,5037749,5148454
RE47097,4985055,5177499,5037093,5149423
RE47098,4985147,5177520,5036561,5149087
RE47099,4985338,5177548,5037155,5150853
RE47100,4985187,5177421,5037540,5150652
RE47101,4985294,5177581,5037228,5150194
RE47102,4985382,5177274,5037894,5151071
RE47103,4985076,5176722,5039144,5149264
RE47104,4985223,5176836,5037386,5150292
RE47105,4985348,5177346,5037378,5149779
RE47106,4984948,5177555,5037867,5151030
RE47107,4985392,5177547,5036849,5147915
RE47108,4985431,5177591,5036783,5149275
RE47109,4985219,5177797,5035279,5149204
ADC_LIMIT:4985987,5178167,5042482,5154990,4983439,5175378,5028328,5140780
RE47110,4985406,5177296,5036704,5149094
RE47111,4985087,5177560,5036120,5147636
RE47112,4985225,5177265,5035728,5147512
RE47113,4985110,5177242,5032710,5146715
RE47114,4984983,5177217,5032940,5144134
RE47115,4985251,5177132,5033972,5146141
RE47116,4985121,5177221,5033189,5145214
RE47117,4985205,5177309,5032840,5143479
RE47118,4985145,5177392,5031517,5144729
RE47119,4984886,5177411,5030525,5143064
RE47120,4985251,5177384,5031391,5144206
RE47121,4985145,5177306,5030080,5141430
RE47122,4985085,5177017,5031530,5142754
RE47123,4985082,5177103,5030679,5143166
RE47124,4984864,5177313,5030602,5142609
RE47125,4985340,5177722,5029178,5143651
RE47126,4985263,5177426,5030993,5141651
RE47127,4985502,5177259,5031117,5143973
ADC_LIMIT:4985987,5178167,5042482,5154990,4983439,5175378,5028328,5140780
RE47128,4985284,5177710,5031650,5143836
RE47129,4985526,5177916,5031703,5144906
RE47130,4985311,5177594,5031166,5145099
RE47131,4985160,5177720,5032711,5146332
RE47132,4985531,5177280,5034757,5145182
RE47133,4985354,5177478,5033857,5146167
RE47134,4985383,5177389,5036417,5148204
RE47135,4985203,5177527,5035265,5146080
RE47136,4985174,5177589,5035761,5148337
RE47137,4985260,5177396,5034757,5149775
RE47138,4985310,5177560,5036679,5147896
RE47139,4985122,5177172,5037804,5149613
RE47140,4985265,5177362,5037075,5150467
RE47141,4985279,5177482,5039192,5150752
RE47142,4985087,5177392,5039217,5151216
RE47143,4985126,5177615,5037603,5151335
RE47144,4985292,5177349,5038944,5150801
ADC_LIMIT:4985987,5178167,5042482,5154990,4983439,5175378,5028328,5140780
RE47145,4985515,5177321,5039335,5150816
RE47146,4985053,5177537,5039298,5150619
RE47147,4985195,5177643,5037304,5149397
RE47148,4985645,5177359,5038436,5150305
RE47149,4984910,5177457,5037807,5149756
RE47150,4985218,5177845,5037859,5149061
RE47151,4985214,5177793,5037445,5150199
RE47152,4985379,5177557,5036379,5150034
RE47153,4985482,5177257,5034582,5149106
RE47154,4985245,5177529,5035717,5148293
RE47155,4985121,5177438,5034882,5146767
RE47156,4985280,5177503,5034184,5146137
RE47157,4985028,5177126,5034013,5145597
RE47158,4985157,5177215,5032658,5144903
RE47159,4985007,5177702,5032644,5145748
RE47160,4985203,5177691,5031568,5144913
RE47161,4985179,5177293,5031508,5144561
RE47162,4985249,5177341,5031878,5143537
ADC_LIMIT:4985987,5178167,5042482,5154990,4983439,5175378,5028328,5140780
RE47163,4985442,5177571,5030314,5142838
RE47164,4985422,5177561,5033006,5142023
RE47165,4985360,5177855,5031303,5141880
RE47166,4985183,5177525,5030068,5142800
RE47167,4985243,5177972,5031184,5141950
RE47168,4985378,5177497,5030395,5143355
RE47169,4985283,5177290,5030700,5142658
RE47170,4985243,5177428,5032310,5142537
RE47171,4985475,5177523,5032189,5144312
RE47172,4985195,5177431,5030055,5143393
RE47173,4985279,5177051,5031824,5142674
RE47174,4985452,5177506,5032273,5143935
RE47175,4985570,5177142,5031469,5146516
RE47176,4985513,5177814,5033210,5147370
RE47177,4985404,5177636,5033312,5146217
RE47178,4985104,5177499,5032794,5146050
RE47179,4985194,5177200,5033777,5147428
RE47180,4985403,5177345,5034409,5147371
ADC_LIMIT:4985987,5178167,5042482,5154990,4983439,5175378,5028328,5140780
RE47181,4985402,5177464,5036150,5146480
RE47182,4985369,5177729,5035365,5149594
RE47183,4985056,5177631,5037031,5148474
RE47184,4985359,5177456,5037466,5148371
RE47185,4985251,5177134,5037554,5149437
RE47186,4984971,5177320,5036079,5149738
RE47187,4985293,5177341,5035849,5149700
RE47188,4985087,5177624,5036366,5150426
RE47189,4985265,5177553,5038076,5150030
RE47190,4985366,5177509,5037021,5150477
RE47191,4985400,5177509,5038065,5149023
RE47192,4984899,5177122,5036849,5150064
RE47193,4985068,5177171,5036195,5150076
RE47194,4985195,5177155,5037348,5149004
RE47195,4985120,5177413,5037288,5149752
RE47196,4985044,5177114,5036784,5148972
RE47197,4985238,5177121,5036518,5148586
ADC_LIMIT:4985987,5178167,5042482,5154990,4983439,5175378,5028328,5140780
RE47198,4984998,5177163,5036081,5147929
RE47199,4984928,5177267,5035389,5148216
RE47200,4985174,5177205,5036597,5148779
RE47201,4984927,5177315,5034962,5149230
RE47202,4984669,5177304,5034818,5147729
RE47203,4984893,5177278,5034338,5146918
RE47204,4985191,5177614,5032866,5147234
RE47205,4985424,5177682,5033588,5146098
RE47206,4985278,5177584,5032447,5146062
RE47207,4985151,5177539,5032986,5146120
RE47208,4985334,5177399,5033232,5145437
RE47209,4985318,5177434,5034381,5145064
RE47210,4985279,5177036,5032345,5145162
RE47211,4985200,5177544,5031955,5144422
RE47212,4985125,5177346,5032067,5143663
RE47213,4985152,5177753,5031685,5143835
RE47214,4985261,5177196,5031580,5143700
RE47215,4985047,5177208,5031428,5144820
ADC_LIMIT:4985987,5178167,5042482,5154990,4983439,5175378,5028328,5140780
RE47216,4985023,5177363,5031128,5143569
RE47217,4985172,5177511,5032899,5144894
RE47218,4985204,5177410,5031409,5142889
RE47219,4985278,5177528,5031238,5145135
RE47220,4985276,5177561,5034049,5145476
RE47221,4985116,5177130,5032481,5145668
RE47222,4985074,5177351,5034208,5146185
RE47223,4985156,5177356,5033431,5146012
RE47224,4985310,5177254,5035423,5148276
RE47225,4985068,5177210,5033071,5148658
RE47226,4985245,5177044,5036566,5147559
RE47227,4985022,5176900,5036292,5146656
RE47228,4985241,5177016,5035340,5148690
RE47229,4985373,5177284,5036537,5147820
RE47230,4984816,5177134,5036053,5149088
RE47231,4985057,5177036,5035658,5150114
RE47232,4984991,5177409,5036625,5150075
RE47233,4985085,5177060,5039429,5149715
ADC_LIMIT:4985987,5178167,5042482,5154990,4983439,5175378,5028328,5140780
RE47234,4984950,5177373,5037875,5149846
RE47235,4985264,5177169,5037136,5150591
RE47236,4985010,5177488,5037265,5150530
RE47237,4984827,5177231,5039858,5149367
RE47238,4984844,5177499,5038063,5149841
RE47239,4985020,5177379,5038123,5150539
RE47240,4984944,5177326,5037010,5149090
RE47241,4985298,5177525,5037472,5149571
RE47242,4985046,5177102,5036541,5148111
RE47243,4985364,5177163,5037589,5148429
RE47244,4985175,5177450,5037156,5147211
RE47245,4985017,5176796,5034801,5147175
RE47246,4985081,5177428,5035299,5146156
RE47247,4984975,5177304,5034214,5144766
RE47248,4985145,5177364,5032799,5145800
RE47249,4985027,5177249,5033129,5145153
RE47250,4985202,5177318,5033325,5144768
ADC_LIMIT:4985987,5178167,5042482,5154990,4983439,5175378,5028328,5140780
RE47251,4985073,5177504,5032284,5144329
RE47252,4984647,5177493,5031033,5143743
RE47253,4984982,5177341,5032327,5143319
RE47254,4985316,5177241,5030491,5142936
RE47255,4985388,5177542,5030541,5143067
RE47256,4985490,5177360,5030167,5140468
RE47257,4985360,5177709,5029741,5142505
RE47258,4985180,5177564,5028819,5141937
RE47259,4985023,5177321,5031142,5142258
RE47260,4985039,5177354,5030753,5144087
RE47261,4984917,5177230,5031139,5142348
RE47262,4985083,5177058,5031472,5142143
RE47263,4984923,5177122,5030467,5143347
RE47264,4984649,5176975,5031302,5145031
RE47265,4985106,5177441,5030493,5144155
RE47266,4985015,5177319,5032914,5145287
RE47267,4985084,5177368,5034707,5145640
RE47268,4985087,5177254,5034632,5146442
ADC_LIMIT:4985987,5178167,5042482,5154990,4983439,5175378,5028328,5140468
RE47269,4985027,5177630,5033810,5147051
RE47270,4985008,5177511,5035555,5147370
RE47271,4985090,5177204,5035799,5147990
RE47272,4985002,5177531,5035226,5149029
RE47273,4985221,5177452,5036697,5149698
RE47274,4984682,5177364,5037463,5149250
RE47275,4985366,5177634,5037740,5151606
RE47276,4985104,5177508,5037944,5150609
RE47277,4984965,5177653,5037123,5151954
RE47278,4985029,5177363,5038467,5151872
RE47279,4984904,5177378,5038540,5150591
RE47280,4985037,5177042,5039807,5152073
RE47281,4985012,5177241,5037762,5151538
RE47282,4985230,5177488,5040289,5150036
RE47283,4984883,5177121,5039094,5150689
RE47284,4984799,5177480,5037815,5149313
RE47285,4985224,5177620,5036717,5150489
RE47286,4985163,5177476,5036155,5149983
ADC_LIMIT:4985987,5178167,5042482,5154990,4983439,5175378,5028328,5140468
RE47287,4984843,5177191,5035983,5149910
RE47288,4985086,5177669,5036195,5150190
RE47289,4985016,5177567,5035306,5147454
RE47290,4984807,5177283,5036021,5147524
RE47291,4985048,5177644,5034470,5147774
RE47292,4985164,5177258,5034387,5146839
RE47293,4984950,5176996,5033031,5146146
RE47294,4984950,5177279,5032789,5145564
RE47295,4984891,5176884,5033036,5145059
RE47296,4985207,5177230,5032058,5145804
RE47297,4984788,5177066,5034047,5144520
RE47298,4985075,5177245,5032234,5144361
RE47299,4985049,5177353,5031502,5143235
RE47300,4984950,5177298,5031115,5144463
RE47301,4985107,5177289,5031765,5143442
RE47302,4985321,5177297,5029594,5145203
RE47303,4985378,5177439,5030807,5143313
ADC_LIMIT:4985987,5178167,5042482,5154990,4983439,5175378,5028328,5140468
RE47304,4985343,5177320,5032256,5143299
RE47305,4985286,5177537,5031972,5142713
RE47306,4985190,5177569,5031704,5142997
RE47307,4985123,5177435,5029836,5145224
RE47308,4985321,5177447,5031279,5143046
RE47309,4985186,5177391,5034501,5144157
RE47310,4985241,5177433,5032102,5144388
RE47311,4985336,5177631,5033969,5145301
RE47312,4985096,5177698,5032944,5145657
RE47313,4985166,5177169,5032872,5147461
RE47314,4985182,5177167,5032859,5145626
RE47315,4985093,5177311,5034257,5147337
RE47316,4985342,5177441,5035089,5146943
RE47317,4985192,5177339,5034035,5149044
RE47318,4985328,5177654,5036419,5148585
RE47319,4985060,5177266,5036704,5149134
RE47320,4985603,5177342,5036952,5149353
RE47321,4985097,5177316,5038475,5147980
ADC_LIMIT:4985987,5178167,5042482,5154990,4983439,5175378,5028328,5140468
RE47322,4985186,5177375,5036417,5150736
RE47323,4984786,5177349,5038050,5149989
RE47324,4985083,5177764,5038270,5149715
RE47325,4984976,5177449,5036528,5148785
RE47326,4985030,5177480,5037336,5150516
RE47327,4985272,5177353,5037590,5148510
RE47328,4985074,5177258,5036715,5150034
RE47329,4984908,5177047,5037605,5150223
RE47330,4985060,5177274,5037910,5149966
RE47331,4985449,5177513,5037371,5149115
RE47332,4985143,5176988,5036427,5149670
RE47333,4984987,5177069,5035540,5148694
RE47334,4985178,5177398,5035981,5147384
RE47335,4985594,5177713,5036607,5147041
RE47336,4984975,5177400,5034764,5146620
RE47337,4985294,5177190,5034162,5146740
RE47338,4985035,5177283,5032600,5147378
RE47339,4985471,5177449,5033400,5145712
ADC_LIMIT:4985987,5178167,5042482,5154990,4983439,5175378,5028328,5140468
RE47340,4984980,5177148,5032304,5145117
RE47341,4985248,5177307,5032830,5144777
RE47342,4985344,5177457,5032139,5144549
RE47343,4985249,5177450,5031155,5143931
RE47344,4985297,5177380,5030737,5144082
RE47345,4985313,5177577,5032344,5143932
RE47346,4985291,5177607,5030351,5143000
RE47347,4985288,5177462,5030154,5142745
RE47348,4985518,5177328,5031000,5142194
RE47349,4985553,5177251,5031785,5142852
RE47350,4985494,5177229,5029862,5143227
RE47351,4985107,5177148,5030513,5143663
RE47352,4985169,5177527,5029853,5143656
RE47353,4985610,5177584,5031686,5144247
RE47354,4985446,5177268,5032125,5143482
RE47355,4985340,5177717,5031943,5145785
RE47356,4985350,5177619,5032234,5145143
ADC_LIMIT:4985987,5178167,5042482,5154990,4983439,5175378,5028328,5140468
RE47357,4984985,5177526,5033053,5146949
RE47358,4984987,5177358,5034274,5146905
RE47359,4985290,5177349,5034229,5148806
RE47360,4984816,5177069,5035642,5148082
RE47361,4985409,5177528,5036629,5149207
RE47362,4985335,5177342,5036110,5150016
RE47363,4985322,5177306,5037205,5149002
RE47364,4985075,5177383,5037097,5150290
RE47365,4985530,5177756,5037083,5150819
RE47366,4985142,5177663,5039508,5150132
RE47367,4985189,5177377,5038763,5151219
RE47368,4985401,5177187,5039669,5151210
RE47369,4985116,5177390,5038827,5151164
RE47370,4985252,5177103,5037167,5150073
RE47371,4985191,5177555,5038485,5151523
RE47372,4985200,5177324,5037822,5152511
RE47373,4984673,5177180,5037943,5152569
RE47374,4985506,5177368,5037783,5149571
ADC_LIMIT:4985987,5178167,5042482,5154990,4983439,5175378,5028328,5140468
RE47375,4984835,5177569,5037734,5149035
RE47376,4984946,5177172,5037661,5149392
RE47377,4985229,5177210,5034964,5148965
RE47378,4985531,5177146,5035706,5148960
RE47379,4984999,5177644,5035633,5147898
RE47380,4985327,5177498,5035301,5147882
RE47381,4985350,5177098,5033626,5145722
RE47382,4985219,5177422,5033848,5147341
RE47383,4985237,5177305,5033121,5146288
RE47384,4985168,5177547,5032761,5144765
RE47385,4985063,5177064,5032240,5144031
RE47386,4984831,5177042,5031229,5143449
RE47387,4984998,5177127,5030310,5143555
RE47388,4984789,5177550,5031716,5144371
RE47389,4985281,5177549,5031614,5142647
RE47390,4985059,5177214,5031642,5142810
RE47391,4984789,5177572,5029601,5144463
RE47392,4985062,5177229,5029228,5143059
ADC_LIMIT:4985987,5178167,5042482,5154990,4983439,5175378,5028328,5140468
RE47393,4985197,5177440,5032102,5144115
RE47394,4984988,5177097,5031911,5143533
RE47395,4985020,5177528,5030387,5143727
RE47396,4985285,5177596,5030555,5144576
RE47397,4985032,5177209,5031944,5144233
RE47398,4984952,5177561,5032884,5144670
RE47399,4985331,5177633,5032544,5145165
RE47400,4985161,5177336,5032768,5145478
RE47401,4985200,5177158,5033378,5145958
RE47402,4985086,5177533,5032790,5147756
RE47403,4984901,5177005,5034972,5148276
RE47404,4984796,5177022,5034497,5147869
RE47405,4985168,5177019,5034032,5148476
RE47406,4985033,5177263,5035410,5147830
RE47407,4985109,5177334,5035924,5147501
RE47408,4985098,5177391,5037254,5150154
RE47409,4985497,5177402,5036334,5147951
ADC_LIMIT:4985987,5178167,5042482,5154990,4983439,5175378,5028328,5140468
RE47410,4985167,5177237,5036622,5149282
RE47411,4985169,5177227,5037490,5150417
RE47412,4984792,5176981,5037183,5149998
RE47413,4984948,5177328,5037644,5149972
RE47414,4984982,5177262,5037207,5150894
RE47415,4984955,5177367,5037679,5148091
RE47416,4985064,5177403,5037184,5152449
RE47417,4985165,5177520,5036945,5148804
RE47418,4985187,5177064,5037307,5147978
RE47419,4985094,5176951,5038481,5149150
RE47420,4984830,5176791,5037206,5148282
RE47421,4985014,5177188,5036381,5149210
RE47422,4985303,5177041,5036499,5148108
RE47423,4985282,5177251,5036510,5149626
RE47424,4985018,5177362,5036154,5148740
RE47425,4985001,5177295,5035687,5148613
RE47426,4985324,5177091,5035427,5146441
RE47427,4985127,5177369,5034493,5147656
ADC_LIMIT:4985987,5178167,5042482,5154990,4983439,5175378,5028328,5140468
RE47428,4985008,5177282,5033555,5146634
RE47429,4985080,5177003,5034894,5146575
RE47430,4985074,5177079,5032346,5145919
RE47431,4984969,5177173,5034834,5145466
RE47432,4985115,5177054,5034127,5145690
RE47433,4985241,5177350,5032702,5146350
RE47434,4984768,5177101,5033079,5144831
RE47435,4985236,5177218,5032985,5144436
RE47436,4984821,5177115,5032781,5144728
RE47437,4984992,5177087,5030493,5143956
RE47438,4984909,5177243,5031244,5144207
RE47439,4985412,5177271,5031347,5144502
RE47440,4985422,5177317,5032568,5145100
RE47441,4985772,5177393,5029911,5143924
RE47442,4985528,5177430,5031377,5143142
RE47443,4984870,5177458,5033028,5143331
RE47444,4985514,5177517,5033218,5145296
RE47445,4985559,5177428,5031568,5145623
ADC_LIMIT:4985987,5178167,5042482,5154990,4983439,5175378,5028328,5140468
RE47446,4985624,5177423,5033005,5145379
RE47447,4985278,5177743,5033864,5144892
RE47448,4984956,5177198,5033066,5146559
RE47449,4984927,5177221,5033717,5147026
RE47450,4985221,5177467,5034133,5148398
RE47451,4985375,5177411,5035552,5148356
RE47452,4985341,5177570,5035429,5147936
RE47453,4985271,5177242,5036266,5148435
RE47454,4985453,5177657,5034530,5148801
RE47455,4985416,5177447,5037071,5150028
RE47456,4985312,5177327,5037810,5150665
RE47457,4985366,5177222,5037944,5150499
RE47458,4985338,5177494,5037624,5149675
RE47459,4985165,5177544,5037590,5150572
RE47460,4985130,5177175,5039039,5148307
RE47461,4985240,5177383,5037366,5150298
RE47462,4985031,5177394,5038373,5150244
ADC_LIMIT:4985987,5178167,5042482,5154990,4983439,5175378,5028328,5140468
RE47463,4985138,5177548,5038825,5150221
RE47464,4984990,5177166,5038960,5151699
RE47465,4985033,5177514,5037196,5148479
RE47466,4985117,5177457,5038314,5149195
RE47467,4985344,5177464,5038211,5148761
RE47468,4985229,5177379,5035961,5148879
RE47469,4985578,5177566,5034926,5148372
RE47470,4984947,5177254,5034922,5147783
RE47471,4985000,5176968,5035142,5146928
RE47472,4985150,5177076,5032922,5146397
RE47473,4985136,5176776,5033685,5146544
RE47474,4985116,5177008,5034009,5146020
RE47475,4985302,5177225,5032229,5144140
RE47476,4985207,5177177,5032403,5143866
RE47477,4985065,5177100,5031787,5144600
RE47478,4984945,5177112,5030103,5143643
RE47479,4985234,5177263,5030121,5143615
RE47480,4985084,5177203,5029739,5142547
ADC_LIMIT:4985987,5178167,5042482,5154990,4983439,5175378,5028328,5140468
RE47481,4984999,5177496,5030420,5143049
RE47482,4985003,5177386,5029217,5140871
RE47483,4985528,5176937,5029640,5142295
RE47484,4985074,5177078,5031509,5142454
RE47485,4985088,5177204,5030516,5143732
RE47486,4985021,5177274,5029820,5144222
RE47487,4985479,5177125,5030827,5144199
RE47488,4985286,5176955,5031044,5144324
RE47489,4985329,5177509,5031491,5144468
RE47490,4985135,5177208,5032147,5143656
RE47491,4985245,5177166,5033056,5145015
RE47492,4985322,5177170,5034401,5147238
RE47493,4984998,5177558,5035580,5146737
RE47494,4985580,5177479,5035220,5147744
RE47495,4985324,5177333,5036212,5147298
RE47496,4985165,5177350,5035567,5148439
RE47497,4985244,5177518,5036666,5150353
RE47498,4985177,5177589,5036772,5150361
ADC_LIMIT:4985987,5178167,5042482,5154990,4983439,5175378,5028328,5140468
RE47499,4985280,5177193,5039181,5150501
RE47500,4985563,5177214,5038261,5150462
RE47501,4985315,5177222,5039219,5152369
RE47502,4984793,5176962,5038273,5151230
RE47503,4985090,5177027,5037508,5152928
RE47504,4985130,5177219,5038663,5151116
RE47505,4984742,5176971,5037784,5151606
RE47506,4985105,5177264,5039367,5151027
RE47507,4985049,5176964,5039105,5150684
RE47508,4984963,5177197,5037800,5149705
RE47509,4984991,5177111,5038026,5149950
RE47510,4985039,5177064,5038313,5149632
RE47511,4985083,5177030,5037055,5149184
RE47512,4984999,5176808,5037602,5149421
RE47513,4985034,5177236,5035506,5148834
RE47514,4984973,5176964,5036078,5148745
RE47515,4985025,5177382,5034635,5147997
ADC_LIMIT:4985987,5178167,5042482,5154990,4983439,5175378,5028328,5140468
RE47516,4985026,5176840,5034922,5147190
RE47517,4984985,5177168,5034955,5146277
RE47518,4984732,5177006,5032851,5146234
RE47519,4984967,5176896,5035426,5147227
RE47520,4984769,5177013,5033464,5145536
RE47521,4984983,5177224,5033195,5145984
RE47522,4985144,5177150,5032439,5144065
RE47523,4985004,5177072,5031120,5143006
RE47524,4984921,5177015,5032378,5145235
RE47525,4985033,5177118,5031537,5141782
RE47526,4984864,5176758,5031092,5143607
RE47527,4985130,5176977,5030926,5143495
RE47528,4985174,5177361,5031164,5144761
RE47529,4985201,5177381,5030967,5143648
RE47530,4985259,5177389,5030670,5143421
RE47531,4985069,5177220,5031756,5144159
RE47532,4984877,5177043,5030988,5144576
RE47533,4985033,5176837,5032219,5144026
ADC_LIMIT:4985987,5178167,5042482,5154990,4983439,5175378,5028328,5140468
RE47534,4985054,5177423,5031619,5145052
RE47535,4985204,5177318,5032357,5143790
RE47536,4985148,5177040,5032601,5144821
RE47537,4985242,5177493,5033482,5145619
RE47538,4984940,5177321,5033618,5146987
RE47539,4985201,5177438,5034064,5146491
RE47540,4985448,5177332,5033443,5146260
RE47541,4985469,5177366,5034531,5147478
RE47542,4984882,5177448,5034430,5148511
RE47543,4985190,5177272,5035925,5146819
RE47544,4985080,5177007,5034255,5148543
RE47545,4984879,5176933,5036136,5148976
RE47546,4984896,5177038,5037790,5148608
RE47547,4985192,5177255,5036559,5147869
RE47548,4985010,5177276,5036326,5150607
RE47549,4984980,5177198,5037026,5150713
RE47550,4985278,5177155,5035809,5151659
RE47551,4984727,5177121,5036573,5149506
ADC_LIMIT:4985987,5178167,5042482,5154990,4983439,5175378,5028328,5140468
RE47552,4984734,5177067,5037041,5150867
RE47553,4984921,5177471,5036245,5150664
RE47554,4984701,5177103,5039045,5151455
RE47555,4984971,5177195,5036372,5150419
RE47556,4984727,5177323,5037161,5147575
RE47557,4984645,5177154,5036717,5148716
RE47558,4985043,5177264,5036657,5147738
RE47559,4984813,5177265,5036144,5148398
RE47560,4985062,5177015,5037622,5148305
RE47561,4984839,5176861,5035136,5147731
RE47562,4985027,5176935,5034527,5147087
RE47563,4984749,5177112,5034836,5145652
RE47564,4985119,5177077,5032627,5146028
RE47565,4984592,5177192,5032411,5144640
RE47566,4985298,5177427,5033216,5144688
RE47567,4984921,5177075,5032900,5144376
RE47568,4985099,5177042,5032222,5143937
ADC_LIMIT:4985987,5178167,5042482,5154990,4983439,5175378,5028328,5140468
RE47569,4985224,5177165,5031771,5144876
RE47570,4985236,5177360,5030846,5143891
RE47571,4985214,5177396,5031056,5141197
RE47572,4985103,5177383,5029508,5142786
RE47573,4985179,5177338,5029367,5142319
RE47574,4984991,5177173,5030500,5143338
RE47575,4984987,5177275,5031008,5144081
RE47576,4985223,5177349,5031059,5142695
RE47577,4985274,5177572,5031933,5143968
RE47578,4985093,5177190,5031612,5143777
RE47579,4985317,5176784,5032098,5145075
RE47580,4984837,5177108,5031118,5145797
RE47581,4985102,5177164,5033676,5145339
RE47582,4985150,5177201,5033239,5145198
RE47583,4984950,5177275,5034451,5146500
RE47584,4984982,5177171,5034259,5147285
RE47585,4985236,5177237,5034129,5148561
RE47586,4985396,5177429,5035267,5147975
ADC_LIMIT:4985987,5178167,5042482,5154990,4983439,5175378,5028328,5140468
RE47587,4985019,5177500,5036638,5149454
RE47588,4984975,5177571,5037158,5148590
RE47589,4984911,5177512,5038247,5150577
RE47590,4985118,5177172,5036578,5149945
RE47591,4984943,5177245,5037957,5150688
RE47592,4984818,5177436,5037098,5151039
RE47593,4984970,5177612,5038677,5151522
RE47594,4985310,5177528,5038103,5151460
RE47595,4984773,5177224,5038899,5150319
RE47596,4985162,5177267,5039543,5149743
RE47597,4985202,5177401,5038073,5150487
RE47598,4985028,5176934,5037108,5150458
RE47599,4984909,5177153,5038809,5150611
RE47600,4984997,5177233,5037519,5151130
RE47601,4985167,5177290,5038348,5149357
RE47602,4985174,5177515,5037456,5148461
RE47603,4985171,5177492,5036278,5149081
RE47604,4985107,5177587,5035187,5149606
ADC_LIMIT:4985987,5178167,5042482,5154990,4983439,5175378,5028328,5140468
RE47605,4985187,5177594,5035453,5148434
RE47606,4985035,5177264,5035701,5146120
RE47607,4985220,5177436,5033461,5146056
RE47608,4985136,5177231,5033394,5146005
RE47609,4984928,5177231,5033168,5144934
RE47610,4984950,5177239,5032233,5144361
RE47611,4985105,5177558,5031169,5143225
RE47612,4985087,5177293,5030219,5143929
RE47613,4985108,5177243,5029281,5142478
RE47614,4984893,5177273,5029593,5143391
RE47615,4985354,5177124,5029746,5142388
RE47616,4985399,5177679,5029450,5142188
RE47617,4985026,5177582,5030166,5141745
RE47618,4985207,5177671,5030973,5143000
RE47619,4985701,5177864,5029360,5143439
RE47620,4985436,5177734,5030655,5140568
RE47621,4985249,5177620,5031270,5143548
ADC_LIMIT:4985987,5178167,5042482,5154990,4983439,5175378,5028328,5140468
RE47622,4985305,5177529,5032082,5143224
RE47623,4985191,5177407,5032152,5145273
RE47624,4985351,5177488,5032590,5144483
RE47625,4985363,5177685,5033155,5144654
RE47626,4985280,5177652,5032766,5146090
RE47627,4985352,5177678,5032245,5146409
RE47628,4985189,5177750,5033693,5147024
RE47629,4985242,5177868,5033532,5148317
RE47630,4985215,5177403,5035589,5147121
RE47631,4985409,5177528,5035154,5147760
RE47632,4985188,5177769,5035334,5148601
RE47633,4985161,5177622,5035678,5147953
RE47634,4985168,5177307,5035131,5148648
RE47635,4985128,5177773,5036929,5149364
RE47636,4985186,5177642,5035900,5147688
RE47637,4985198,5177247,5035977,5149073
RE47638,4985204,5177467,5037504,5149720
RE47639,4985571,5177698,5037285,5150285
ADC_LIMIT:4985987,5178167,5042482,5154990,4983439,5175378,5028328,5140468
RE47640,4985500,5177709,5037224,5150165
RE47641,4985314,5177742,5036702,5150680
RE47642,4985273,5177688,5037297,5148345
RE47643,4985232,5177474,5036368,5149492
RE47644,4985127,5177406,5035246,5149454
RE47645,4985488,5177504,5036387,5148627
RE47646,4985183,5177631,5037591,5148474
RE47647,4985384,5177491,5035846,5147178
RE47648,4985062,5177437,5035776,5149160
RE47649,4985064,5177402,5036541,5147826
RE47650,4985151,5177273,5036452,5148985
RE47651,4985277,5177506,5035316,5146211
RE47652,4984897,5177479,5034944,5147776
RE47653,4985158,5177392,5033824,5147097
RE47654,4985091,5177643,5033337,5146043
RE47655,4985017,5177447,5033303,5146716
RE47656,4985171,5177602,5033910,5145411
RE47657,4985234,5177857,5035345,5145864
ADC_LIMIT:4985987,5178167,5042482,5154990,4983439,5175378,5028328,5140468
RE47658,4985168,5177580,5032503,5144969
RE47659,4985461,5177651,5034877,5144578
RE47660,4985236,5177739,5030790,5145309
RE47661,4985273,5177505,5033013,5145225
RE47662,4985520,5177466,5031211,5144562
RE47663,4984987,5177483,5031971,5143359
RE47664,4985151,5177508,5031410,5143993
RE47665,4985113,5177921,5030674,5143914
RE47666,4985238,5177472,5031968,5141724
RE47667,4985319,5177219,5032158,5144574
RE47668,4985393,5177202,5030533,5143508
RE47669,4985662,5177616,5031829,5144344
RE47670,4985178,5177817,5032654,5145432
RE47671,4985188,5177589,5032350,5145176
RE47672,4985213,5177196,5032588,5144687
RE47673,4985078,5177428,5034126,5146298
RE47674,4985034,5177164,5034491,5147270
ADC_LIMIT:4985987,5178167,5042482,5154990,4983439,5175378,5028328,5140468
RE47675,4985209,5177358,5034662,5147318
RE47676,4985548,5177766,5035985,5147118
RE47677,4985255,5177879,5036222,5148303
RE47678,4985139,5177256,5035958,5147971
RE47679,4985281,5176993,5037468,5148367
RE47680,4984906,5177305,5035956,5148172
RE47681,4985431,5177310,5037027,5149872
RE47682,4985226,5177264,5036652,5151012
RE47683,4985143,5177391,5036774,5150071
RE47684,4985375,5177207,5036867,5150297
RE47685,4984737,5177441,5038402,5150353
RE47686,4985321,5177176,5038144,5150950
RE47687,4985153,5177370,5037925,5149846
RE47688,4985111,5176884,5037587,5150251
RE47689,4985075,5177101,5036627,5150394
RE47690,4985038,5176932,5037714,5151581
RE47691,4985000,5177252,5038084,5149852
RE47692,4984938,5177295,5037073,5149933
ADC_LIMIT:4985987,5178167,5042482,5154990,4983439,5175378,5028328,5140468
RE47693,4984879,5177541,5037076,5148014
RE47694,4984970,5177312,5035524,5148078
RE47695,4985158,5177311,5035291,5148163
RE47696,4985034,5177322,5034290,5147165
RE47697,4985105,5177186,5034292,5147111
RE47698,4984769,5177162,5033241,5145850
RE47699,4985175,5176974,5033994,5145300
RE47700,4984762,5176824,5033139,5143819
RE47701,4985024,5177311,5031906,5145041
RE47702,4985197,5176809,5032280,5143630
RE47703,4985213,5177156,5031214,5142479
RE47704,4985108,5177540,5029643,5142301
RE47705,4985209,5177240,5030780,5143515
RE47706,4985448,5177294,5030376,5142545
RE47707,4985319,5177126,5029040,5144596
RE47708,4985287,5177312,5030193,5141504
RE47709,4985317,5177332,5030190,5142288
RE47710,4985141,5177395,5030373,5141666
ADC_LIMIT:4985987,5178167,5042482,5154990,4983439,5175378,5028328,5140468
RE47711,4985057,5177426,5030142,5141695
RE47712,4985062,5177231,5029784,5142833
RE47713,4985262,5177234,5031425,5143193
RE47714,4985134,5177276,5031569,5143793
RE47715,4985000,5177273,5031118,5144840
RE47716,4985544,5177530,5032150,5146273
RE47717,4984885,5177452,5033109,5146156
RE47718,4985165,5176915,5033799,5145961
RE47719,4985082,5177113,5034307,5148401
RE47720,4985092,5177112,5033742,5147056
RE47721,4985473,5177331,5034698,5147927
RE47722,4984975,5177413,5036662,5149536
RE47723,4985052,5177182,5036373,5149721
RE47724,4985093,5177506,5037064,5149157
RE47725,4985119,5177078,5037556,5149424
RE47726,4985030,5177498,5038724,5151284
RE47727,4985112,5177242,5038669,5151064
ADC_LIMIT:4985987,5178167,5042482,5154990,4983439,5175378,5028328,5140468
RE47728,4984792,5177430,5039217,5150798
RE47729,4985158,5177328,5039137,5151235
RE47730,4985065,5177501,5038168,5152169
RE47731,4985013,5177529,5039025,5150603
RE47732,4984808,5177067,5039043,5151994
RE47733,4985246,5176845,5038303,5151538
RE47734,4985257,5177229,5038524,5151541
RE47735,4985123,5177097,5038286,5150214
RE47736,4985022,5177118,5036973,5151078
RE47737,4985023,5176963,5038230,5148759
RE47738,4984990,5176975,5035169,5148020
RE47739,4984531,5177356,5036888,5147869
RE47740,4985114,5176842,5036255,5148353
RE47741,4985101,5176859,5034740,5147207
RE47742,4984792,5177138,5034768,5146597
RE47743,4984742,5177375,5034653,5146156
RE47744,4984962,5176877,5033855,5146032
RE47745,4984834,5177111,5033422,5145204
ADC_LIMIT:4985987,5178167,5042482,5154990,4983439,5175378,5028328,5140468
RE47746,4985255,5177365,5033789,5145135
RE47747,4985028,5177413,5033797,5144909
RE47748,4985010,5176866,5030892,5145145
RE47749,4984878,5177565,5033599,5143253
RE47750,4985121,5177431,5031300,5144193
RE47751,4985400,5177071,5031121,5144209
RE47752,4985110,5177248,5030897,5142484
RE47753,4985486,5177082,5031120,5144300
RE47754,4985015,5177020,5031725,5144670
RE47755,4985064,5177260,5031481,5143861
RE47756,4985379,5177213,5030203,5144416
RE47757,4985075,5177670,5030903,5143548
RE47758,4985168,5177720,5031028,5143523
RE47759,4985303,5177145,5031503,5142485
RE47760,4985372,5177345,5031317,5145829
RE47761,4985025,5176960,5032208,5146070
RE47762,4985223,5177504,5031536,5146311
RE47763,4985054,5177365,5032335,5147041
ADC_LIMIT:4985987,5178167,5042482,5154990,4983439,5175378,5028328,5140468
RE47764,4985492,5177531,5033960,5144629
RE47765,4985191,5177181,5032366,5146431
RE47766,4984860,5177321,5034500,5147483
RE47767,4985483,5177447,5033632,5149818
RE47768,4985134,5177521,5035176,5147212
RE47769,4985299,5177159,5034308,5147756
RE47770,4985172,5177357,5035795,5148309
RE47771,4984841,5177574,5037197,5148476
RE47772,4985176,5177462,5036327,5148709
RE47773,4985215,5177257,5036735,5148907
RE47774,4984977,5177131,5037167,5149794
RE47775,4984985,5177075,5037605,5151448
RE47776,4985085,5176723,5037894,5149614
RE47777,4985180,5177133,5038594,5150775
RE47778,4985037,5177071,5038530,5150470
RE47779,4985018,5177012,5038202,5149977
RE47780,4985261,5177264,5037008,5151368
ADC_LIMIT:4985987,5178167,5042482,5154990,4983439,5175378,5028328,5140468
RE47781,4985206,5177468,5037845,5150626
RE47782,4985258,5177349,5036483,5149463
RE47783,4985294,5177360,5036215,5148001
RE47784,4984924,5177158,5035974,5149182
RE47785,4984992,5177102,5036999,5147450
RE47786,4985061,5177088,5035770,5147236
RE47787,4985053,5177122,5036044,5146964
RE47788,4984975,5177150,5035601,5146185
RE47789,4985287,5177452,5033934,5147249
RE47790,4985259,5177154,5031634,5144180
RE47791,4985152,5176866,5033296,5144637
RE47792,4985092,5177381,5032443,5144524
RE47793,4985214,5177404,5031750,5144331
RE47794,4985126,5177433,5031284,5143812
RE47795,4984945,5177527,5032184,5143203
RE47796,4985029,5177171,5031985,5143898
RE47797,4985339,5177428,5032869,5143317
RE47798,4985098,5177209,5029668,5142557
ADC_LIMIT:4985987,5178167,5042482,5154990,4983439,5175378,5028328,5140468
RE47799,4985059,5177226,5028810,5143465
RE47800,4985060,5177553,5030360,5143550
RE47801,4985324,5177434,5030761,5145192
RE47802,4985626,5177296,5031443,5143440
RE47803,4985062,5176822,5030878,5143413
RE47804,4985463,5177159,5031229,5144200
RE47805,4985376,5177519,5032278,5144222
RE47806,4985228,5177364,5031486,5144408
RE47807,4984988,5176848,5033112,5145669
RE47808,4985233,5177203,5033974,5146622
RE47809,4985479,5177165,5034001,5146863
RE47810,4985205,5177214,5034894,5147861
RE47811,4985418,5177307,5034089,5147908
RE47812,4985192,5177270,5034981,5148677
RE47813,4985320,5177292,5036734,5150022
RE47814,4985004,5177517,5038078,5149819
RE47815,4984871,5177117,5037521,5150511
RE47816,4985121,5177486,5037947,5150197
ADC_LIMIT:4985987,5178167,5042482,5154990,4983439,5175378,5028328,5140468
RE47817,4985162,5177346,5039554,5151112
RE47818,4985005,5177321,5039042,5149780
RE47819,4985013,5177065,5038407,5151753
RE47820,4985124,5177415,5038527,5152113
RE47821,4985170,5177180,5038766,5150432
RE47822,4984902,5176927,5040387,5151426
RE47823,4984952,5177025,5039962,5152066
RE47824,4985099,5177425,5037850,5149571
RE47825,4985266,5177244,5038610,5149668
RE47826,4984860,5177200,5037797,5149768
RE47827,4985376,5177039,5038771,5150239
RE47828,4985031,5177407,5037097,5150302
RE47829,4985311,5177628,5036716,5147832
RE47830,4985155,5177140,5036208,5147792
RE47831,4985024,5177480,5035369,5148934
RE47832,4985311,5177271,5034131,5146764
RE47833,4985264,5177283,5033645,5146565
ADC_LIMIT:4985987,5178167,5042482,5154990,4983439,5175378,5028328,5140468
RE47834,4985069,5177046,5033077,5144699
RE47835,4985090,5177330,5033378,5145585
RE47836,4985321,5177402,5031809,5144939
RE47837,4985621,5177410,5032981,5144505
RE47838,4984795,5177651,5031454,5143702
RE47839,4985635,5177389,5031258,5144767
RE47840,4985371,5177331,5030275,5142684
RE47841,4985302,5177475,5030105,5143262
RE47842,4985025,5176897,5029945,5143063
RE47843,4985193,5177088,5030626,5141916
RE47844,4985145,5177290,5030588,5143530
RE47845,4984866,5177367,5030041,5143350
RE47846,4985264,5177361,5031885,5144095
RE47847,4985258,5177000,5030948,5143806
RE47848,4985077,5177389,5031603,5145500
RE47849,4984941,5177321,5030574,5144182
RE47850,4985337,5177327,5032294,5143735
RE47851,4985210,5177025,5031637,5145939
ADC_LIMIT:4985987,5178167,5042482,5154990,4983439,5175378,5028328,5140468
RE47852,4984827,5177589,5032774,5147338
RE47853,4984951,5177192,5034356,5145922
RE47854,4985256,5177396,5034487,5146967
RE47855,4985139,5177491,5033442,5147614
RE47856,4984979,5177347,5034819,5147947
RE47857,4985096,5177243,5035682,5147796
RE47858,4984930,5177425,5036040,5146536
RE47859,4985249,5177338,5035671,5149140
RE47860,4985109,5176965,5035123,5148651
RE47861,4985058,5177435,5035181,5147548
RE47862,4985442,5177438,5037204,5149319
RE47863,4985201,5177461,5037127,5149834
RE47864,4985293,5177473,5036441,5150141
RE47865,4985349,5177117,5036651,5149496
RE47866,4984964,5177359,5036763,5150730
RE47867,4985146,5177314,5036375,5150513
RE47868,4985240,5177131,5037014,5150247
RE47869,4985047,5177467,5037077,5148109
ADC_LIMIT:4985987,5178167,5042482,5154990,4983439,5175378,5028328,5140468
RE47870,4985252,5177365,5039032,5150836
RE47871,4985115,5177192,5037220,5149550
RE47872,4985184,5177341,5036799,5149305
RE47873,4984955,5177102,5036680,5150778
RE47874,4984928,5177128,5037324,5149424
RE47875,4985166,5177487,5036117,5148878
RE47876,4985009,5177130,5036078,5148971
RE47877,4984600,5176892,5035899,5147923
RE47878,4985212,5176956,5036173,5146026
RE47879,4985151,5177183,5035659,5147622
RE47880,4985200,5176976,5034372,5146755
RE47881,4985053,5176913,5034412,5146843
RE47882,4985065,5177103,5035600,5147304
RE47883,4985202,5177362,5034041,5146096
RE47884,4984858,5176959,5032577,5145196
RE47885,4985066,5177274,5032570,5145180
RE47886,4984884,5177129,5031277,5145254
ADC_LIMIT:4985987,5178167,5042482,5154990,4983439,5175378,5028328,5140468
RE47887,4984808,5177294,5032385,5145644
RE47888,4985112,5177288,5032927,5143731
RE47889,4985009,5177229,5031945,5143184
RE47890,4985266,5177358,5032469,5144270
RE47891,4985017,5176750,5031720,5144944
RE47892,4985165,5177408,5030410,5146042
RE47893,4985263,5177148,5031509,5144485
RE47894,4985181,5177479,5030304,5143369
RE47895,4985408,5176880,5031538,5143989
RE47896,4985001,5176787,5030807,5143762
RE47897,4985190,5176976,5031962,5144723
RE47898,4985236,5176952,5033012,5144239
RE47899,4985063,5177306,5033518,5146260
RE47900,4985393,5177138,5034193,5147436
RE47901,4985185,5176807,5034403,5146482
RE47902,4984830,5177147,5033948,5148417
RE47903,4985055,5177257,5034720,5148088
RE47904,4985130,5177087,5035375,5148031
ADC_LIMIT:4985987,5178167,5042482,5154990,4983439,5175378,5028328,5140468
RE47905,4985001,5177188,5036859,5148080
RE47906,4984913,5177352,5037679,5149044
RE47907,4985000,5177060,5034283,5148430
RE47908,4985233,5177140,5037265,5150847
RE47909,4985384,5177391,5037619,5149449
RE47910,4985138,5176894,5040258,5150296
RE47911,4985359,5177216,5038621,5151335
RE47912,4985260,5176958,5037921,5149489
RE47913,4985025,5177137,5038671,5151182
RE47914,4985219,5176998,5038076,5149205
RE47915,4984985,5177239,5038623,5149537
RE47916,4985164,5177319,5038922,5150362
RE47917,4985039,5177064,5037370,5150185
RE47918,4985135,5177378,5037390,5149322
RE47919,4984962,5176828,5037242,5148898
RE47920,4984820,5176887,5036541,5148755
RE47921,4984974,5177308,5036730,5148057
RE47922,4985227,5177496,5036016,5148833
ADC_LIMIT:4985987,5178167,5042482,5154990,4983439,5175378,5028328,5140468
RE47923,4984981,5177091,5034394,5146588
RE47924,4984962,5177220,5034669,5146688
RE47925,4985003,5177106,5034389,5145304
RE47926,4985148,5177191,5033568,5145124
RE47927,4985079,5177524,5033857,5145049
RE47928,4985474,5177430,5031485,5145338
RE47929,4984950,5177141,5031745,5142234
RE47930,4984735,5177273,5031076,5142854
RE47931,4984925,5176835,5030659,5141040
RE47932,4984729,5176859,5029421,5141885
RE47933,4985318,5177433,5029972,5143485
RE47934,4985086,5177539,5029943,5143165
RE47935,4985084,5177281,5029731,5142998
RE47936,4985283,5177501,5030320,5142812
RE47937,4985176,5177482,5031709,5141135
RE47938,4985347,5177295,5030399,5143289
RE47939,4984796,5177563,5031549,5144197
ADC_LIMIT:4985987,5178167,5042482,5154990,4983439,5175378,5028328,5140468
RE47940,4985038,5177549,5031143,5143761
RE47941,4985498,5177382,5033043,5144827
RE47942,4985328,5177239,5030890,5146228
RE47943,4985300,5177333,5033238,5146619
RE47944,4985273,5177501,5033699,5145795
RE47945,4985048,5177394,5034617,5146340
RE47946,4985272,5177555,5034551,5147736
RE47947,4985201,5177508,5034653,5147880
RE47948,4985105,5177189,5035680,5148559
RE47949,4984999,5176954,5037573,5149352
RE47950,4985268,5177353,5038403,5148465
RE47951,4985252,5177446,5038138,5150418
RE47952,4985277,5177471,5037960,5150682
RE47953,4984988,5177372,5038003,5150492
RE47954,4985094,5177277,5039391,5150697
RE47955,4984948,5177172,5038193,5152128
RE47956,4985122,5177656,5039452,5152792
RE47957,4985225,5177526,5038146,5152577
ADC_LIMIT:4985987,5178167,5042482,5154990,4983439,5175378,5028328,5140468
RE47958,4985205,5177772,5039354,5150814
RE47959,4985393,5177219,5039392,5151699
RE47960,4985073,5177557,5039936,5150772
RE47961,4985276,5177526,5040440,5150751
RE47962,4984966,5177620,5038316,5149253
RE47963,4985180,5177383,5038479,5150046
RE47964,4985079,5176968,5039235,5150106
RE47965,4985143,5177180,5036702,5148982
RE47966,4985054,5177028,5035135,5148248
RE47967,4985036,5177136,5036359,5146417
RE47968,4985230,5177288,5034665,5148649
RE47969,4985412,5177610,5034436,5146451
RE47970,4984982,5177497,5035520,5146420
RE47971,4985063,5177410,5034572,5144163
RE47972,4985200,5177294,5034119,5145608
RE47973,4985130,5177418,5033576,5144620
RE47974,4984697,5177425,5033056,5144214
RE47975,4985312,5177234,5032107,5144443
ADC_LIMIT:4985987,5178167,5042482,5154990,4983439,5175378,5028328,5140468
RE47976,4985151,5177291,5032956,5144763
RE47977,4985341,5177509,5031450,5145950
RE47978,4985092,5177431,5032039,5143590
RE47979,4985098,5177595,5032368,5143835
RE47980,4985405,5177644,5032348,5142859
RE47981,4985342,5177503,5029309,5143555
RE47982,4985130,5177657,5031563,5144213
RE47983,4985211,5177219,5030846,5143721
RE47984,4985540,5177498,5030580,5144061
RE47985,4985118,5177521,5033066,5144752
RE47986,4985218,5177625,5032957,5144920
RE47987,4985289,5177204,5032080,5144157
RE47988,4985268,5177440,5033417,5145817
RE47989,4985538,5177838,5033876,5146952
RE47990,4985269,5177326,5033266,5146819
RE47991,4985091,5177500,5032747,5146032
RE47992,4985108,5177336,5032886,5145929
ADC_LIMIT:4985987,5178167,5042482,5154990,4983439,5175378,5028328,5140468
RE47993,4985301,5177547,5033607,5147364
RE47994,4985596,5176994,5036727,5147505
RE47995,4985102,5177254,5035097,5147165
RE47996,4985201,5176971,5034832,5148650
RE47997,4985116,5177590,5035757,5148480
RE47998,4985043,5177336,5036272,5148947
RE47999,4985173,5177462,5035574,5149487
RE48000,4985367,5177322,5037337,5148442
RE48001,4985358,5177253,5037243,5148866
RE48002,4984984,5177237,5036487,5150418
RE48003,4985548,5177556,5037185,5150782
RE48004,4985019,5177216,5036120,5152280
RE48005,4985207,5177746,5037736,5150000
RE48006,4985321,5177649,5037133,5150126
RE48007,4985114,5177525,5036830,5150007
RE48008,4985251,5177321,5038015,5149693
RE48009,4985134,5177520,5036265,5150418
RE48010,4985063,5177450,5037954,5149053
ADC_LIMIT:4985987,5178167,5042482,5154990,4983439,5175378,5028328,5140468
RE48011,4984993,5177572,5036615,5148583
RE48012,4985213,5177144,5035552,5147936
RE48013,4985308,5177551,5035525,5148007
RE48014,4985437,5177761,5034538,5148378
RE48015,4984934,5177325,5034417,5146310
RE48016,4985247,5177491,5034669,5145159
RE48017,4985043,5177475,5031918,5146132
RE48018,4985378,5177317,5033469,5145669
RE48019,4985471,5177304,5032629,5143815
RE48020,4985091,5177276,5032429,5144460
RE48021,4985212,5177662,5031069,5144289
RE48022,4985240,5177450,5030385,5143537
RE48023,4985202,5177566,5030416,5143335
RE48024,4985404,5177573,5029873,5142733
RE48025,4985200,5177580,5029525,5142200
RE48026,4985420,5177638,5030402,5142129
RE48027,4985203,5177605,5031647,5143291
RE48028,4985021,5177282,5029681,5143016
ADC_LIMIT:4985987,5178167,5042482,5154990,4983439,5175378,5028328,5140468
RE48029,4984957,5177596,5030170,5144146
RE48030,4985260,5177909,5029836,5143892
RE48031,4985444,5177559,5029782,5144146
RE48032,4985406,5177858,5032252,5145240
RE48033,4985475,5177604,5031939,5147229
RE48034,4985376,5177768,5031474,5145423
RE48035,4985492,5177666,5032371,5144897
RE48036,4985597,5177376,5034151,5147614
RE48037,4985297,5177335,5034131,5146448
RE48038,4985347,5177449,5035360,5148623
RE48039,4985185,5177906,5035816,5149353
RE48040,4985380,5177589,5036978,5149313
RE48041,4985034,5177325,5036617,5148917
RE48042,4985263,5177613,5038233,5151113
RE48043,4984598,5177524,5039075,5150553
RE48044,4985625,5177558,5039023,5152739
RE48045,4985113,5177254,5038527,5150267
ADC_LIMIT:4985987,5178167,5042482,5154990,4983439,5175378,5028328,5140468
RE48046,4985050,5177317,5039534,5152637
RE48047,4985036,5177776,5039409,5151499
RE48048,4985350,5177466,5038715,5151606
RE48049,4985098,5177356,5039285,5152267
RE48050,4984930,5177569,5038191,5150429
RE48051,4985333,5177527,5039188,5151308
RE48052,4985079,5177545,5037319,5150346
RE48053,4985312,5177132,5036264,5149640
RE48054,4985206,5177278,5035855,5149804
RE48055,4985167,5176982,5036373,5149198
RE48056,4985085,5177577,5036891,5148123
RE48057,4985159,5177477,5036098,5147977
RE48058,4985341,5177468,5034533,5146703
RE48059,4985382,5177192,5034760,5148033
RE48060,4985301,5177883,5033708,5146298
RE48061,4985367,5177715,5032777,5146284
RE48062,4985182,5177570,5033608,5144346
RE48063,4985019,5177471,5031626,5144479
ADC_LIMIT:4985987,5178167,5042482,5154990,4983439,5175378,5028328,5140468
RE48064,4985012,5177539,5031217,5145014
RE48065,4985257,5177876,5030466,5143621
RE48066,4985379,5177615,5032112,5144257
RE48067,4984940,5177166,5029879,5142576
RE48068,4985235,5177509,5031363,5143864
RE48069,4985333,5177573,5030136,5143148
RE48070,4985128,5177226,5031127,5141204
RE48071,4985178,5177306,5030822,5141938
RE48072,4984729,5177395,5031127,5143444
RE48073,4985190,5177177,5030450,5144269
RE48074,4985215,5177318,5032047,5142965
RE48075,4984950,5177016,5030479,5143693
RE48076,4985023,5177015,5030989,5144382
RE48077,4985310,5177381,5032647,5144949
RE48078,4985547,5177228,5032559,5145205
RE48079,4985375,5177454,5033506,5146316
RE48080,4985085,5177369,5034289,5146564
RE48081,4984994,5177326,5033820,5146768
ADC_LIMIT:4985987,5178167,5042482,5154990,4983439,5175378,5028328,5140468
RE48082,4985269,5177486,5035167,5147980
RE48083,4985122,5177397,5034125,5148297
RE48084,4985340,5177570,5033899,5147093
RE48085,4985158,5177518,5035693,5148709
RE48086,4985410,5177329,5034583,5148916
RE48087,4985543,5177201,5035886,5148183
RE48088,4985029,5177414,5036570,5149421
RE48089,4985336,5177180,5035711,5148112
RE48090,4985121,5177075,5036698,5148609
RE48091,4985239,5177455,5036657,5149401
RE48092,4985130,5177498,5036664,5148897
RE48093,4985302,5177379,5037459,5150486
RE48094,4985147,5177561,5038060,5150339
RE48095,4985204,5177456,5037671,5150180
RE48096,4985276,5177501,5038095,5149231
RE48097,4985053,5177321,5038125,5150850
RE48098,4985068,5177379,5038128,5149681
ADC_LIMIT:4985987,5178167,5042482,5154990,4983439,5175378,5028328,5140468
RE48099,4985327,5177561,5036341,5147506
RE48100,4985219,5177369,5037008,5150123
RE48101,4985104,5177567,5036573,5149927
RE48102,4985161,5177067,5035674,5149090
RE48103,4985057,5177349,5036257,5149236
RE48104,4985014,5177119,5036345,5147960
RE48105,4984971,5177036,5035113,5148618
RE48106,4985086,5177222,5034997,5146743
RE48107,4985638,5177183,5035243,5147046
RE48108,4985113,5177251,5032367,5146419
RE48109,4984951,5177391,5034065,5145167
RE48110,4985233,5177641,5033365,5146128
RE48111,4985178,5177064,5033251,5146864
RE48112,4985148,5177352,5033657,5145462
RE48113,4985224,5177410,5032000,5145450
RE48114,4984968,5177331,5030865,5143887
RE48115,4985255,5177227,5031670,5144949
RE48116,4985045,5177435,5032711,5144256
ADC_LIMIT:4985987,5178167,5042482,5154990,4983439,5175378,5028328,5140468
RE48117,4985256,5177045,5031688,5145102
RE48118,4985056,5177374,5030245,5144871
RE48119,4985244,5177338,5031113,5145456
RE48120,4985404,5177131,5032012,5144872
RE48121,4985434,5177282,5033599,5144399
RE48122,4985059,5177120,5033347,5145696
RE48123,4985234,5177362,5034384,5144161
RE48124,4985329,5177064,5032713,5145935
RE48125,4984968,5177017,5032995,5144886
RE48126,4985146,5177590,5033368,5145673
RE48127,4985276,5177195,5032422,5147198
RE48128,4984958,5177213,5034861,5146250
RE48129,4985183,5177325,5034160,5147422
RE48130,4985058,5177448,5034648,5148952
RE48131,4985020,5177248,5036607,5149592
RE48132,4985093,5177333,5036188,5148939
RE48133,4984638,5177407,5036698,5149020
RE48134,4985089,5177685,5036801,5150686
ADC_LIMIT:4985987,5178167,5042482,5154990,4983439,5175378,5028328,5140468
RE48135,4985342,5177238,5037956,5150864
RE48136,4985191,5177050,5037823,5148586
RE48137,4985215,5177269,5038753,5149883
RE48138,4985107,5176877,5036360,5150973
RE48139,4984967,5177015,5038373,5151400
RE48140,4985172,5177016,5038301,5149494
RE48141,4984977,5177061,5037657,5150223
RE48142,4985025,5177359,5038218,5150698
RE48143,4985365,5177059,5037793,5149519
RE48144,4985248,5177525,5038358,5150226
RE48145,4985409,5176987,5037884,5149728
RE48146,4985057,5177024,5036670,5148913
RE48147,4985150,5177265,5036659,5149147
RE48148,4985056,5177069,5036311,5147999
RE48149,4984935,5177237,5035694,5147717
RE48150,4985111,5177268,5035987,5146111
RE48151,4984904,5177055,5034245,5146836
ADC_LIMIT:4985987,5178167,5042482,5154990,4983439,5175378,5028328,5140468
RE48152,4984732,5177233,5033458,5146258
RE48153,4985131,5177246,5033347,5146067
RE48154,4985181,5177346,5031973,5144682
RE48155,4984968,5177248,5033547,5143107
RE48156,4985240,5177190,5031035,5143933
RE48157,4985136,5177119,5031149,5144643
RE48158,4984996,5177142,5030918,5143302
RE48159,4984831,5177083,5031280,5142893
RE48160,4984929,5176995,5029886,5142146
RE48161,4985216,5177013,5031028,5142293
RE48162,4985332,5177155,5029057,5142322
RE48163,4985105,5177044,5029518,5142018
RE48164,4985093,5177317,5030365,5142004
RE48165,4985437,5177539,5028899,5142271
RE48166,4985090,5177876,5030167,5142726
RE48167,4984979,5177446,5030030,5144097
RE48168,4985065,5177116,5032115,5143843
RE48169,4985346,5177832,5031114,5144334
ADC_LIMIT:4985987,5178167,5042482,5154990,4983439,5175378,5028328,5140468
RE48170,4984986,5177238,5031644,5144411
RE48171,4985056,5177644,5033750,5146419
RE48172,4985206,5177236,5033315,5146965
RE48173,4985214,5177514,5034208,5147283
RE48174,4985268,5177505,5034411,5147103
RE48175,4985188,5177401,5036612,5149197
RE48176,4985261,5177413,5036402,5149994
RE48177,4985339,5177583,5035998,5150683
RE48178,4985151,5177104,5037848,5149738
RE48179,4985234,5177201,5037054,5149901
RE48180,4985417,5177492,5038926,5150268
RE48181,4985247,5177277,5037547,5150424
RE48182,4985150,5177655,5038229,5150481
RE48183,4985388,5177712,5037910,5150985
RE48184,4985214,5177514,5038548,5150045
RE48185,4985567,5177393,5039035,5151453
RE48186,4985105,5177631,5039030,5150660
RE48187,4985171,5177390,5039789,5150751
ADC_LIMIT:4985987,5178167,5042482,5154990,4983439,5175378,5028328,5140468
RE48188,4985559,5177649,5038657,5150751
RE48189,4985766,5177335,5040811,5150943
RE48190,4985253,5177498,5039424,5150054
RE48191,4985521,5177234,5036597,5150256
RE48192,4985203,5177542,5037112,5149706
RE48193,4985149,5177127,5037620,5148054
RE48194,4985089,5177164,5036067,5148090
RE48195,4985122,5176893,5036742,5147947
RE48196,4985098,5177139,5033827,5146277
RE48197,4985079,5177385,5034446,5146767
RE48198,4984780,5177428,5034480,5145172
RE48199,4984937,5177197,5031927,5146956
RE48200,4984884,5177535,5032765,5144995
RE48201,4985174,5177548,5032380,5145912
RE48202,4985136,5177204,5031281,5143655
RE48203,4985376,5177332,5031573,5144613
RE48204,4984974,5177247,5031650,5144664
ADC_LIMIT:4985987,5178167,5042482,5154990,4983439,5175378,5028328,5140468
RE48205,4985193,5177485,5031423,5143980
RE48206,4984651,5177390,5031670,5144760
RE48207,4985334,5177418,5031315,5144381
RE48208,4985615,5177438,5032967,5141998
RE48209,4985486,5177475,5031628,5145089
RE48210,4985378,5177637,5031579,5143152
RE48211,4985310,5177389,5033108,5143656
RE48212,4985346,5177400,5031742,5144431
RE48213,4985325,5177263,5030074,5144240
RE48214,4985050,5177698,5031798,5144343
RE48215,4985007,5177170,5032186,5144480
RE48216,4985118,5177270,5033537,5144538
RE48217,4985194,5177314,5032779,5145385
RE48218,4985176,5177246,5034247,5146311
RE48219,4985355,5177137,5033357,5147627
RE48220,4985329,5177451,5033475,5147021
RE48221,4985241,5177648,5034235,5147562
RE48222,4985334,5177729,5035416,5148361
ADC_LIMIT:4985987,5178167,5042482,5154990,4983439,5175378,5028328,5140468
RE48223,4985436,5177380,5035575,5147292
RE48224,4985220,5177208,5036055,5148764
RE48225,4985271,5177343,5036233,5148604
RE48226,4985327,5177641,5037033,5149212
RE48227,4984957,5177290,5036545,5150160
RE48228,4985030,5177459,5036933,5150153
RE48229,4985261,5177307,5036551,5149337
RE48230,4984869,5177178,5038093,5148799
RE48231,4985091,5176974,5038286,5150112
RE48232,4985137,5177154,5037557,5149974
RE48233,4985154,5176974,5038737,5149931
RE48234,4984972,5177403,5039259,5150320
RE48235,4985047,5177448,5038565,5148634
RE48236,4984946,5177559,5037538,5149713
RE48237,4985198,5177260,5038564,5150579
RE48238,4985155,5177384,5037097,5149502
RE48239,4985059,5177439,5037275,5148431
RE48240,4985283,5177570,5036758,5147655
ADC_LIMIT:4985987,5178167,5042482,5154990,4983439,5175378,5028328,5140468
RE48241,4985167,5177506,5036647,5147644
RE48242,4985155,5177398,5034416,5146941
RE48243,4984853,5177096,5033861,5146486
RE48244,4985098,5177452,5034191,5145322
RE48245,4984850,5177273,5032957,5146387
RE48246,4985224,5177177,5031955,5144316
RE48247,4984940,5177200,5031532,5144499
RE48248,4985449,5176966,5030834,5143918
RE48249,4985054,5177173,5030814,5141760
RE48250,4985308,5177611,5031028,5144984
RE48251,4985397,5177441,5030514,5142300
RE48252,4985558,5177462,5029565,5142100
RE48253,4985246,5177293,5030337,5143806
RE48254,4985080,5177389,5031572,5144065
RE48255,4985240,5177564,5031838,5143530
RE48256,4985297,5177631,5030203,5143828
RE48257,4985455,5177370,5030847,5143189
ADC_LIMIT:4985987,5178167,5042482,5154990,4983439,5175378,5028328,5140468
RE48258,4985363,5177831,5030800,5143743
RE48259,4985344,5177591,5032544,5143686
RE48260,4985566,5177473,5032194,5145012
RE48261,4985214,5177772,5031937,5146973
RE48262,4985183,5177695,5032648,5144588
RE48263,4985298,5177325,5033630,5147127
RE48264,4985380,5177580,5033316,5145752
RE48265,4985162,5177342,5034168,5145864
RE48266,4985739,5177674,5034896,5147770
RE48267,4984903,5177489,5035821,5147160
RE48268,4984967,5177449,5036559,5149355
RE48269,4985486,5177380,5037903,5150077
RE48270,4984770,5177420,5038177,5151068
RE48271,4984968,5177413,5038489,5151569
RE48272,4985112,5177157,5036975,5151517
RE48273,4985151,5177344,5039977,5151511
RE48274,4985161,5177383,5037582,5152002
RE48275,4985047,5177680,5040763,5151003
ADC_LIMIT:4985987,5178167,5042482,5154990,4983439,5175378,5028328,5140468
RE48276,4985177,5177759,5037907,5151127
RE48277,4985329,5177344,5040060,5151154
RE48278,4985362,5177331,5037942,5151935
RE48279,4985041,5177438,5038550,5150211
RE48280,4984964,5177203,5037958,5148660
RE48281,4984762,5177187,5037562,5150468
RE48282,4985138,5176925,5036649,5149575
RE48283,4985019,5177212,5036030,5148915
RE48284,4985197,5177339,5036498,5148009
RE48285,4985328,5177125,5035256,5147792
RE48286,4985305,5177193,5033455,5147107
RE48287,4984877,5177068,5033200,5145674
RE48288,4985090,5177296,5034470,5144948
RE48289,4985033,5177296,5033100,5146289
RE48290,4985164,5177280,5032454,5144876
RE48291,4985571,5177186,5032382,5144307
RE48292,4985134,5177315,5033180,5145018
RE48293,4985373,5177257,5032773,5143503
ADC_LIMIT:4985987,5178167,5042482,5154990,4983439,5175378,5028328,5140468
RE48294,4985011,5177378,5029651,5143624
RE48295,4985193,5177130,5030976,5143264
RE48296,4985264,5177447,5032094,5141835
RE48297,4985399,5177167,5031151,5143165
RE48298,4985464,5177574,5031434,5143287
RE48299,4985389,5177240,5030524,5143053
RE48300,4985279,5177159,5030137,5143561
RE48301,4985406,5177403,5030625,5142883
RE48302,4985328,5177574,5031947,5144813
RE48303,4985201,5177312,5030691,5143859
RE48304,4985336,5177290,5032674,5143677
RE48305,4985501,5177783,5032269,5146199
RE48306,4985113,5177237,5032132,5146928
RE48307,4985391,5177382,5032694,5144765
RE48308,4985317,5177591,5033267,5145927
RE48309,4985400,5177427,5032884,5144689
RE48310,4985222,5177516,5035284,5147388
ADC_LIMIT:4985987,5178167,5042482,5154990,4983439,5175378,5028328,5140468
RE48311,4985460,5177654,5033635,5147308
RE48312,4985532,5177757,5034551,5147349
RE48313,4985365,5177379,5035409,5148126
RE48314,4985435,5177529,5036808,5148326
RE48315,4985233,5177675,5035511,5148459
RE48316,4985383,5177247,5036825,5148692
RE48317,4985304,5177511,5036661,5150040
RE48318,4985328,5177404,5037558,5149364
RE48319,4985281,5177282,5037289,5150477
RE48320,4985217,5177508,5037510,5149592
RE48321,4985032,5177462,5037642,5149157
RE48322,4985179,5177075,5037504,5148627
RE48323,4985039,5177271,5038406,5148694
RE48324,4985298,5177649,5036984,5150221
RE48325,4985096,5177348,5038310,5149812
RE48326,4985118,5177448,5036413,5149006
RE48327,4985271,5177051,5036364,5149574
RE48328,4985042,5177201,5037806,5149132
ADC_LIMIT:4985987,5178167,5042482,5154990,4983439,5175378,5028328,5140468
RE48329,4985297,5177328,5036356,5149002
RE48330,4985173,5177320,5037501,5148761
RE48331,4985153,5176934,5034859,5146645
RE48332,4985271,5177641,5036315,5147538
RE48333,4985363,5177439,5035154,5147536
RE48334,4985089,5177478,5034219,5146740
RE48335,4985576,5177551,5034145,5147098
RE48336,4985222,5177258,5034137,5145209
RE48337,4985165,5177430,5035357,5146358
RE48338,4985141,5177118,5034295,5145512
RE48339,4985141,5177270,5033300,5144303
RE48340,4985197,5177182,5032849,5144937
RE48341,4985135,5177438,5033348,5145418
RE48342,4985437,5177632,5032647,5147051
RE48343,4985088,5177485,5033696,5144904
RE48344,4985303,5177403,5030610,5143835
RE48345,4985297,5177559,5032342,5144435
RE48346,4985415,5177295,5032395,5142308
ADC_LIMIT:4985987,5178167,5042482,5154990,4983439,5175378,5028328,5140468
RE48347,4985261,5177499,5031568,5143920
RE48348,4985333,5177331,5032222,5144022
RE48349,4985256,5177393,5031517,5144655
RE48350,4985256,5177405,5032233,5144861
RE48351,4985288,5177082,5030883,5145179
RE48352,4984964,5177278,5032921,5145081
RE48353,4985341,5177359,5033170,5145902
RE48354,4985071,5177025,5032759,5145398
RE48355,4985177,5177369,5033702,5147160
RE48356,4985262,5177295,5034539,5146829
RE48357,4985258,5177325,5035012,5146728
RE48358,4985122,5177425,5035666,5148190
RE48359,4985318,5177132,5035809,5147999
RE48360,4985379,5177315,5037522,5147923
RE48361,4985371,5177412,5037011,5148710
RE48362,4985158,5177164,5036788,5148401
RE48363,4985140,5177383,5038011,5151345
ADC_LIMIT:4985987,5178167,5042482,5154990,4983439,5175378,5028328,5140468
RE48364,4985178,5177652,5037858,5150451
RE48365,4985351,5177483,5037260,5149794
RE48366,4985257,5177339,5037916,5151691
RE48367,4985112,5177517,5037796,5150654
RE48368,4984920,5177144,5037540,5149866
RE48369,4985409,5177290,5039125,5150148
RE48370,4985107,5176889,5038723,5150890
RE48371,4985153,5177173,5038864,5150174
RE48372,4985029,5177098,5037014,5149279
RE48373,4984945,5177004,5038129,5148763
RE48374,4984798,5177333,5035839,5149491
RE48375,4985034,5176712,5035595,5148754
RE48376,4984808,5177110,5036498,5149087
RE48377,4985247,5177210,5035187,5146530
RE48378,4985089,5177177,5035953,5146862
RE48379,4985144,5177315,5033878,5146309
RE48380,4985312,5177322,5034878,5145457
RE48381,4985028,5177332,5032749,5145798
ADC_LIMIT:4985987,5178167,5042482,5154990,4983439,5175378,5028328,5140468
RE48382,4984969,5177315,5031169,5145377
RE48383,4985169,5177488,5030759,5142803
RE48384,4985358,5177520,5033062,5143186
RE48385,4985373,5177332,5031621,5143068
RE48386,4985538,5177648,5029795,5143512
RE48387,4985635,5177596,5030254,5142728
RE48388,4985519,5177337,5028505,5142560
RE48389,4985164,5177038,5030384,5142402
RE48390,4985203,5177197,5030357,5143733
RE48391,4985289,5177185,5030057,5142349
RE48392,4985439,5177247,5030040,5143042
RE48393,4984705,5177284,5031201,5142314
RE48394,4985228,5176992,5030361,5143106
RE48395,4985047,5177256,5030838,5143781
RE48396,4985147,5177389,5030513,5144104
RE48397,4985298,5177398,5031866,5143579
RE48398,4985350,5177571,5032033,5145153
RE48399,4985355,5177935,5032542,5146969
ADC_LIMIT:4985987,5178167,5042482,5154990,4983439,5175378,5028328,5140468
RE48400,4985383,5177569,5032921,5146524
RE48401,4985571,5177302,5034385,5146969
RE48402,4985511,5177688,5035193,5147010
RE48403,4985216,5177493,5034643,5148090
RE48404,4985454,5177132,5035567,5147344
RE48405,4985324,5177243,5035040,5149416
RE48406,4985153,5177103,5036429,5148601
RE48407,4985400,5177407,5037808,5149980
RE48408,4985356,5177487,5037317,5149926
RE48409,4985302,5177407,5038133,5151641
RE48410,4985272,5177390,5038373,5152078
RE48411,4985362,5177214,5038618,5152168
RE48412,4985375,5177444,5038104,5151914
RE48413,4985430,5177362,5038132,5150339
RE48414,4984835,5177505,5037930,5151058
RE48415,4985211,5177794,5039894,5150543
RE48416,4985388,5177441,5038496,5150465
ADC_LIMIT:4985987,5178167,5042482,5154990,4983439,5175378,5028328,5140468
RE48417,4985403,5177403,5037786,5150874
RE48418,4985524,5177340,5039270,5151150
RE48419,4985121,5177319,5035882,5148225
RE48420,4985424,5177188,5037761,5149429
RE48421,4985278,5177098,5034615,5149064
RE48422,4985180,5177336,5034489,5148436
RE48423,4985223,5177090,5034408,5148560
RE48424,4985100,5177533,5034419,5146453
RE48425,4985494,5177194,5034866,5145960
RE48426,4985280,5177245,5032098,5146324
RE48427,4985472,5177418,5032893,5145384
RE48428,4985164,5177505,5032344,5146004
RE48429,4984791,5177263,5031596,5144338
RE48430,4984997,5177146,5032974,5144528
RE48431,4985018,5177265,5033832,5142501
RE48432,4985402,5177448,5031724,5143494
RE48433,4985380,5177476,5030463,5142983
RE48434,4985451,5177376,5031391,5143771
ADC_LIMIT:4985987,5178167,5042482,5154990,4983439,5175378,5028328,5140468
RE48435,4985356,5177733,5030567,5144562
RE48436,4985404,5177292,5030281,5143529
RE48437,4985252,5177284,5030481,5144316
RE48438,4985353,5177639,5031472,5143561
RE48439,4985622,5177523,5031180,5143554
RE48440,4985668,5177294,5031287,5144239
RE48441,4985471,5177392,5031067,5143891
RE48442,4985678,5177310,5032964,5145320
RE48443,4985630,5177476,5031664,5145113
RE48444,4985179,5177665,5031713,5144901
RE48445,4985115,5177846,5033268,5145335
RE48446,4985554,5177751,5033202,5145431
RE48447,4985446,5177426,5032838,5146405
RE48448,4985539,5177449,5034777,5144659
RE48449,4985427,5177540,5034028,5146039
RE48450,4985271,5177511,5034592,5147785
RE48451,4985612,5177539,5034477,5146959
RE48452,4985322,5177655,5034943,5146215
ADC_LIMIT:4985987,5178167,5042482,5154990,4983439,5175378,5028328,5140468
RE48453,4985226,5177709,5036614,5148307
RE48454,4985456,5177622,5034955,5148403
RE48455,4985161,5177299,5036240,5148887
RE48456,4985164,5177459,5036243,5149426
RE48457,4984988,5177155,5037251,5149980
RE48458,4985171,5177333,5036228,5150701
RE48459,4985101,5176789,5036523,5149244
RE48460,4984961,5177180,5037599,5149632
RE48461,4985025,5177369,5038289,5150399
RE48462,4985337,5177470,5037848,5149712
RE48463,4985467,5177087,5037455,5149711
RE48464,4985448,5177146,5037620,5148515
RE48465,4984945,5177481,5037450,5149929
RE48466,4985463,5177051,5036498,5148821
RE48467,4985001,5177644,5036157,5148541
RE48468,4984990,5177191,5035597,5147493
RE48469,4984902,5177302,5035863,5148047
ADC_LIMIT:4985987,5178167,5042482,5154990,4983439,5175378,5028328,5140468
RE48470,4985214,5177240,5035476,5146948
RE48471,4984974,5177687,5033791,5146887
RE48472,4985076,5177330,5035205,5144555
RE48473,4985298,5177716,5032610,5144736
RE48474,4985432,5177389,5032405,5144686
RE48475,4985387,5177469,5031657,5143061
RE48476,4985571,5177481,5033033,5144112
RE48477,4985456,5177181,5032441,5142948
RE48478,4985274,5177420,5032146,5142307
RE48479,4985111,5177702,5031551,5143539
RE48480,4985200,5177472,5030953,5142187
RE48481,4985311,5177676,5030863,5143422
RE48482,4985300,5177350,5030435,5142166
RE48483,4985310,5177454,5030799,5141902
RE48484,4985130,5177521,5030981,5143180
RE48485,4985241,5177245,5029740,5143175
RE48486,4985524,5177868,5030778,5144052
RE48487,4985555,5177938,5030758,5145184
ADC_LIMIT:4985987,5178167,5042482,5154990,4983439,5175378,5028328,5140468
RE48488,4985547,5177571,5031949,5145239
RE48489,4985590,5177582,5032581,5145392
RE48490,4985178,5177603,5033032,5145121
RE48491,4985395,5177528,5034029,5146828
RE48492,4985315,5177966,5033676,5147540
RE48493,4985402,5177377,5035224,5148116
RE48494,4985297,5177333,5036023,5148456
RE48495,4985367,5177326,5035641,5148409
RE48496,4985098,5177513,5036793,5149604
RE48497,4985056,5177368,5036461,5149909
RE48498,4985110,5177277,5038559,5151794
RE48499,4985402,5177522,5037586,5150555
RE48500,4985251,5177400,5037626,5151603
RE48501,4985393,5177307,5038720,5151288
RE48502,4985312,5177726,5038545,5151284
RE48503,4985136,5177380,5040333,5151587
RE48504,4985304,5177451,5038303,5152059
RE48505,4985041,5177635,5040003,5150567
ADC_LIMIT:4985987,5178167,5042482,5154990,4983439,5175378,5028328,5140468
RE48506,4985341,5177429,5038581,5150381
RE48507,4985573,5177961,5038361,5149433
RE48508,4985556,5177845,5039392,5150905
RE48509,4985567,5177567,5035223,5150739
RE48510,4984975,5177655,5037528,5147480
RE48511,4985188,5177480,5037001,5148019
RE48512,4985426,5177407,5036768,5147674
RE48513,4985388,5177615,5035023,5147337
RE48514,4985365,5177486,5035697,5148767
RE48515,4985122,5177475,5034744,5147718
RE48516,4985424,5177814,5034148,5145426
RE48517,4985072,5177592,5032847,5146706
RE48518,4985125,5177610,5032623,5145057
RE48519,4985270,5177688,5031695,5144026
RE48520,4985486,5177863,5031740,5143729
RE48521,4985357,5177493,5031504,5144227
RE48522,4985111,5177607,5029863,5144414
ADC_LIMIT:4985987,5178167,5042482,5154990,4983439,5175378,5028328,5140468
RE48523,4985236,5177289,5030905,5143669
RE48524,4985198,5177969,5031178,5142591
RE48525,4985507,5177726,5030499,5143096
RE48526,4985396,5177701,5030146,5143394
RE48527,4984902,5177546,5031137,5142608
RE48528,4985365,5177585,5029829,5143022
RE48529,4985496,5177511,5032463,5143332
RE48530,4985050,5177206,5030944,5143105
RE48531,4985151,5177919,5031064,5143664
RE48532,4985009,5177576,5031895,5145097
RE48533,4985059,5177464,5032603,5145391
RE48534,4985149,5177614,5031822,5144264
RE48535,4985067,5177810,5034361,5146487
RE48536,4985484,5177657,5033077,5145749
RE48537,4985255,5177626,5031931,5147119
RE48538,4985558,5177354,5034556,5147017
RE48539,4985376,5177477,5035189,5147185
RE48540,4985545,5177267,5034203,5147833
ADC_LIMIT:4985987,5178167,5042482,5154990,4983439,5175378,5028328,5140468
RE48541,4985290,5177684,5035297,5148003
RE48542,4985137,5177747,5035337,5147091
RE48543,4985215,5177380,5036305,5149140
RE48544,4985185,5177378,5036025,5148735
RE48545,4985219,5177346,5035495,5148786
RE48546,4985261,5177330,5037099,5149646
RE48547,4984871,5176998,5035618,5149151
RE48548,4985158,5177547,5036568,5150751
RE48549,4985010,5177406,5037349,5149075
RE48550,4985174,5177519,5038363,5149127
RE48551,4985102,5177093,5038574,5151583
RE48552,4984953,5177256,5037435,5149673
RE48553,4984975,5177382,5036971,5150506
RE48554,4985077,5177711,5036617,5149311
RE48555,4985317,5177276,5036308,5149669
RE48556,4984971,5177447,5036733,5148094
RE48557,4985245,5177231,5035601,5148430
RE48558,4985072,5177051,5035858,5149266
ADC_LIMIT:4985987,5178167,5042482,5154990,4983439,5175378,5028328,5140468
RE48559,4985233,5177147,5037082,5149468
RE48560,4984826,5177241,5035333,5147554
RE48561,4985116,5177212,5035291,5145944
RE48562,4984708,5177025,5035670,5147236
RE48563,4985019,5177306,5035043,5146723
RE48564,4984643,5177233,5035287,5147314
RE48565,4984888,5177226,5033946,5146358
RE48566,4985349,5177360,5033003,5146236
RE48567,4985243,5177280,5032766,5144760
RE48568,4985017,5177121,5033964,5145642
RE48569,4985281,5177368,5033897,5144564
RE48570,4985485,5177310,5033416,5144206
RE48571,4985248,5177271,5032359,5142990
RE48572,4985303,5177811,5031893,5145081
RE48573,4984996,5177240,5031617,5144876
RE48574,4984898,5177154,5032509,5144269
RE48575,4985278,5177624,5031973,5143953
ADC_LIMIT:4985987,5178167,5042482,5154990,4983439,5175378,5028328,5140468
RE48576,4985313,5177494,5032329,5145805
RE48577,4985148,5177495,5033243,5144845
RE48578,4984928,5177434,5030455,5143111
RE48579,4985443,5177753,5032502,5143852
RE48580,4985327,5177421,5031757,5144464
RE48581,4985264,5177316,5031975,5145792
RE48582,4985364,5177301,5033292,5147850
RE48583,4985498,5177652,5034885,5146834
RE48584,4985016,5177614,5035202,5146227
RE48585,4985268,5177503,5033835,5148830
RE48586,4985137,5176820,5034559,5148066
RE48587,4985111,5177241,5035083,5148241
RE48588,4985071,5177510,5036108,5148323
RE48589,4985260,5177293,5035182,5147973
RE48590,4985328,5177173,5036153,5149416
RE48591,4985295,5177192,5035803,5150254
RE48592,4984934,5177465,5037141,5149543
RE48593,4984977,5177411,5038150,5150444
ADC_LIMIT:4985987,5178167,5042482,5154990,4983439,5175378,5028328,5140468
RE48594,4985227,5177556,5037579,5150233
RE48595,4985423,5177495,5038780,5150210
RE48596,4985559,5177713,5037718,5151705
RE48597,4985377,5177091,5036885,5149669
RE48598,4985310,5177218,5037940,5149684
RE48599,4985120,5176823,5038872,5149990
RE48600,4985281,5177211,5037480,5150627
RE48601,4985079,5177324,5038616,5150023
RE48602,4985402,5177680,5037606,5149921
RE48603,4985286,5177537,5036740,5151342
RE48604,4985283,5177155,5036244,5149029
RE48605,4985302,5177040,5035447,5148845
RE48606,4985203,5177193,5035555,5147012
RE48607,4984916,5177212,5034428,5148247
RE48608,4984972,5177257,5033814,5148178
RE48609,4985075,5177124,5033611,5145764
RE48610,4985065,5177235,5033314,5143959
RE48611,4985414,5177313,5032874,5144737
ADC_LIMIT:4985987,5178167,5042482,5154990,4983439,5175378,5028328,5140468
RE48612,4985131,5177955,5031946,5143383
RE48613,4985302,5177551,5030734,5143138
RE48614,4985288,5177605,5031509,5143268
RE48615,4985297,5177185,5030707,5142645
RE48616,4985280,5177494,5030136,5142190
RE48617,4985346,5177259,5030654,5141562
RE48618,4985531,5177452,5030465,5142466
RE48619,4985570,5177257,5028453,5143527
RE48620,4985396,5177585,5030590,5143137
RE48621,4985477,5177486,5028936,5144055
RE48622,4985214,5177646,5030514,5144085
RE48623,4985498,5177780,5030882,5143786
RE48624,4985183,5177685,5032320,5143549
RE48625,4985137,5177666,5031385,5145872
RE48626,4985125,5177739,5032149,5144267
RE48627,4985092,5177576,5033523,5146664
RE48628,4984951,5177549,5032260,5145712
ADC_LIMIT:4985987,5178167,5042482,5154990,4983439,5175378,5028328,5140468
RE48629,4985318,5177217,5033859,5146841
RE48630,4985464,5177636,5034188,5146349
RE48631,4984964,5177732,5034915,5147203
RE48632,4985255,5177637,5035451,5148226
RE48633,4985234,5177170,5036100,5149589
RE48634,4984910,5177254,5037375,5148846
RE48635,4985135,5177050,5037465,5149528
RE48636,4985026,5177538,5037418,5152020
RE48637,4985035,5177249,5037480,5151147
RE48638,4984625,5177421,5038865,5151195
RE48639,4985274,5177605,5038413,5153063
RE48640,4985423,5177478,5038771,5151980
RE48641,4985125,5177268,5039904,5152530
RE48642,4985630,5177664,5038809,5151506
RE48643,4985153,5177613,5038892,5151221
RE48644,4985139,5177728,5037960,5150354
RE48645,4985197,5177539,5037316,5151293
RE48646,4985195,5177501,5037959,5149740
ADC_LIMIT:4985987,5178167,5042482,5154990,4983439,5175378,5028328,5140468
RE48647,4984916,5177422,5036982,5149644
RE48648,4985171,5177322,5036943,5151180
RE48649,4985049,5177339,5037181,5148644
RE48650,4985297,5177171,5035617,5148178
RE48651,4985009,5177373,5037359,5148328
RE48652,4985099,5177162,5034330,5146362
RE48653,4985124,5177142,5034155,5145017
RE48654,4984692,5177294,5034017,5146523
RE48655,4985125,5177195,5033336,5145615
RE48656,4985346,5177430,5032794,5147247
RE48657,4985365,5177592,5034118,5144572
RE48658,4984993,5177534,5033428,5145692
RE48659,4985356,5177591,5032201,5143604
RE48660,4985275,5177706,5031999,5146454
RE48661,4985352,5177657,5031980,5143304
RE48662,4985288,5177210,5030564,5141859
RE48663,4985338,5177627,5030172,5144492
RE48664,4985434,5177333,5031011,5144159
ADC_LIMIT:4985987,5178167,5042482,5154990,4983439,5175378,5028328,5140468
RE48665,4985410,5177640,5030162,5144182
RE48666,4985187,5177661,5031974,5143441
RE48667,4985370,5177542,5031419,5144344
RE48668,4985344,5177646,5031402,5143691
RE48669,4985241,5177666,5031362,5143552
RE48670,4985479,5177655,5031191,5143978
RE48671,4985302,5177329,5032920,5145993
RE48672,4985678,5177723,5032223,5146189
RE48673,4985111,5177674,5031971,5145843
RE48674,4985730,5177727,5031679,5145039
RE48675,4985651,5177365,5032828,5145269
RE48676,4985324,5177472,5033989,5146240
RE48677,4985142,5177665,5032442,5146013
RE48678,4985135,5177592,5033461,5147288
RE48679,4985110,5177343,5035759,5147990
RE48680,4985332,5177747,5036040,5147609
RE48681,4985282,5177903,5035575,5148324
ADC_LIMIT:4985987,5178167,5042482,5154990,4983439,5175378,5028328,5140468
RE48682,4985172,5177380,5037680,5150519
RE48683,4985214,5177459,5037241,5150409
RE48684,4985332,5177384,5036762,5148965
RE48685,4985358,5177500,5037411,5150964
RE48686,4985310,5177598,5038087,5149360
RE48687,4985448,5177620,5038819,5149915
RE48688,4985258,5177187,5037578,5149432
RE48689,4985043,5177240,5037385,5151214
RE48690,4985169,5177244,5037715,5150699
RE48691,4985253,5177587,5039016,5150472
RE48692,4985137,5177591,5038238,5150568
RE48693,4985229,5177619,5038251,5148411
RE48694,4985276,5177439,5036296,5149230
RE48695,4985399,5177757,5036366,5150121
RE48696,4985559,5177662,5035764,5148786
RE48697,4985495,5177261,5035931,5147779
RE48698,4985432,5177570,5034773,5147647
RE48699,4985463,5177536,5035256,5146549
ADC_LIMIT:4985987,5178167,5042482,5154990,4983439,5175378,5028328,5140468
RE48700,4985250,5177429,5034930,5146673
RE48701,4985269,5177685,5033939,5146855
RE48702,4985224,5177654,5034521,5144868
RE48703,4985398,5177597,5032687,5143939
RE48704,4985222,5177654,5031421,5144788
RE48705,4985420,5177286,5031170,5143980
RE48706,4985461,5177298,5030703,5143056
RE48707,4985181,5177604,5031322,5143021
RE48708,4985295,5177533,5032460,5142355
RE48709,4985297,5177660,5029910,5141853
RE48710,4985660,5177491,5029672,5144080
RE48711,4985406,5177727,5030513,5143766
RE48712,4985385,5177910,5031398,5143301
RE48713,4985546,5177547,5030624,5143683
RE48714,4985267,5177530,5031882,5144309
RE48715,4985406,5177940,5031456,5143817
RE48716,4985577,5177719,5031480,5144266
RE48717,4985654,5177668,5031071,5145096
ADC_LIMIT:4985987,5178167,5042482,5154990,4983439,5175378,5028328,5140468
RE48718,4985380,5177881,5032382,5144996
RE48719,4985590,5177812,5032957,5145829
RE48720,4985366,5177477,5033781,5146016
RE48721,4985465,5177693,5034152,5147235
RE48722,4985645,5177258,5033042,5146646
RE48723,4985329,5177513,5036531,5147105
RE48724,4985397,5177597,5035715,5147857
RE48725,4985290,5177391,5036798,5149550
RE48726,4985350,5177486,5036470,5150568
RE48727,4985342,5177584,5037149,5151139
RE48728,4985296,5177458,5038517,5151685
RE48729,4985521,5177279,5039454,5151886
RE48730,4985266,5177387,5037744,5151255
RE48731,4985401,5177369,5038240,5151568
RE48732,4985645,5177236,5038429,5150774
RE48733,4985182,5177426,5041463,5151584
RE48734,4985119,5177280,5039316,5151396
ADC_LIMIT:4985987,5178167,5042482,5154990,4983439,5175378,5028328,5140468
RE48735,4985157,5177583,5040208,5150417
RE48736,4985103,5177429,5038477,5149820
RE48737,4985148,5177809,5038576,5150865
RE48738,4985157,5177428,5038140,5148841
RE48739,4985317,5177123,5035216,5149193
RE48740,4985290,5177384,5036377,5147309
RE48741,4985125,5177027,5036410,5148515
RE48742,4985029,5177380,5037337,5146557
RE48743,4985370,5177107,5036294,5146345
RE48744,4985237,5177210,5035485,5147015
RE48745,4985006,5177342,5033556,5145587
RE48746,4985218,5177163,5033533,5144721
RE48747,4985473,5177091,5033475,5144179
RE48748,4985008,5177521,5032654,5145132
RE48749,4984973,5177366,5032038,5144212
RE48750,4985276,5177122,5031096,5142427
RE48751,4985448,5177039,5029703,5145693
RE48752,4985197,5177240,5030664,5144635
ADC_LIMIT:4985987,5178167,5042482,5154990,4983439,5175378,5028328,5140468
RE48753,4985048,5177443,5030083,5144220
RE48754,4985487,5177569,5030504,5144537
RE48755,4985387,5177287,5030813,5143663
RE48756,4985124,5177347,5030113,5145092
RE48757,4985213,5176722,5030747,5143557
RE48758,4985466,5177305,5031284,5143385
RE48759,4985237,5177283,5031024,5143440
RE48760,4985125,5176988,5031817,5143484
RE48761,4985402,5176978,5031528,5144801
RE48762,4985478,5177649,5032660,5145654
RE48763,4985562,5177316,5033078,5144575
RE48764,4985453,5177606,5032607,5144671
RE48765,4985341,5177580,5033015,5146990
RE48766,4985636,5177621,5034996,5147667
RE48767,4985331,5177494,5034390,5147164
RE48768,4985423,5177714,5034874,5147413
RE48769,4985434,5177647,5035880,5147550
RE48770,4985582,5177733,5034751,5148576
ADC_LIMIT:4985987,5178167,5042482,5154990,4983439,5175378,5028328,5140468
RE48771,4985412,5177575,5035415,5149923
RE48772,4985757,5177680,5035584,5149375
RE48773,4985502,5177515,5036184,5149946
RE48774,4985480,5177413,5035863,5150131
RE48775,4985440,5177346,5037737,5149367
RE48776,4985483,5177469,5038007,5149155
RE48777,4985283,5177468,5037340,5149332
RE48778,4985522,5177583,5039384,5149810
RE48779,4985347,5177362,5038088,5149518
RE48780,4985361,5177719,5036634,5150607
RE48781,4985351,5177686,5036400,5149125
RE48782,4985603,5177266,5037609,5149803
RE48783,4985449,5177200,5037572,5149641
RE48784,4985249,5177423,5036695,5150139
RE48785,4985079,5177226,5036410,5149981
RE48786,4984876,5177439,5037603,5149185
RE48787,4985364,5177333,5036058,5147696
ADC_LIMIT:4985987,5178167,5042482,5154990,4983439,5175378,5028328,5140468
RE48788,4985544,5177429,5036397,5148714
RE48789,4985348,5177629,5036121,5147614
RE48790,4985370,5177703,5034112,5147596
RE48791,4985249,5177258,5033987,5147347
RE48792,4985366,5177778,5034602,5146703
RE48793,4985145,5177755,5034778,5147924
RE48794,4985270,5177471,5034928,5145798
RE48795,4985543,5177672,5033192,5147480
RE48796,4985391,5177588,5035469,5145700
RE48797,4985422,5177706,5033044,5146453
RE48798,4985493,5177324,5030747,5143965
RE48799,4985380,5177337,5031193,5144220
RE48800,4985325,5177302,5032789,5143844
RE48801,4985561,5177301,5032743,5145222
RE48802,4985333,5177390,5031059,5145258
RE48803,4985512,5177358,5031604,5143337
RE48804,4985142,5177449,5032320,5145379
RE48805,4985494,5177430,5031990,5144592
ADC_LIMIT:4985987,5178167,5042482,5154990,4983439,5175378,5028328,5140468
RE48806,4985510,5177415,5031381,5144905
RE48807,4985234,5177447,5033748,5144723
RE48808,4985422,5177569,5032491,5143856
RE48809,4985362,5177554,5031315,5145621
RE48810,4985510,5177022,5032595,5144132
RE48811,4985382,5177068,5032445,5145253
RE48812,4985465,5177476,5033738,5145147
RE48813,4985323,5177508,5032997,5145989
RE48814,4985198,5177632,5034733,5147925
RE48815,4985672,5177088,5035002,5147073
RE48816,4985404,5177494,5033779,5148591
RE48817,4985276,5177544,5036258,5149342
RE48818,4985503,5177418,5037404,5150883
RE48819,4985249,5177265,5036771,5150527
RE48820,4985203,5177467,5036646,5149006
RE48821,4984914,5177276,5035698,5149867
RE48822,4985505,5177416,5037888,5148984
RE48823,4985301,5176985,5037123,5151514
ADC_LIMIT:4985987,5178167,5042482,5154990,4983439,5175378,5028328,5140468
RE48824,4985325,5177466,5037532,5150723
RE48825,4985247,5177292,5038018,5151477
RE48826,4985207,5177475,5037169,5150176
RE48827,4985186,5177265,5039002,5150915
RE48828,4985032,5177361,5037783,5149500
RE48829,4985204,5177124,5037493,5149503
RE48830,4985184,5177432,5037597,5150600
RE48831,4985199,5177236,5036053,5149473
RE48832,4985129,5177424,5036646,5149057
RE48833,4985165,5177364,5037057,5147700
RE48834,4985176,5177070,5033875,5147993
RE48835,4985070,5177215,5034942,5146754
RE48836,4985344,5177508,5034690,5146132
RE48837,4985576,5177687,5033965,5146253
RE48838,4985243,5177073,5032770,5144864
RE48839,4985203,5177354,5032873,5146276
RE48840,4985051,5177372,5032718,5145767
ADC_LIMIT:4985987,5178167,5042482,5154990,4983439,5175378,5028328,5140468
RE48841,4984999,5177583,5030778,5143918
RE48842,4985226,5177316,5032373,5142813
RE48843,4985073,5177374,5032233,5143716
RE48844,4985288,5177304,5029592,5143620
RE48845,4985566,5177126,5030699,5143679
RE48846,4985437,5177346,5030346,5142758
RE48847,4985293,5177047,5029413,5143036
RE48848,4985515,5176917,5029934,5142345
RE48849,4985268,5177333,5029161,5141828
RE48850,4985347,5177246,5029449,5142546
RE48851,4985374,5177345,5031180,5142340
RE48852,4985475,5177477,5031228,5143818
RE48853,4985631,5177590,5032194,5144010
RE48854,4985550,5177373,5031630,5144258
RE48855,4985448,5177447,5032446,5146326
RE48856,4985442,5177733,5032677,5145940
RE48857,4985260,5177323,5035029,5145782
RE48858,4985053,5177213,5034972,5146436
ADC_LIMIT:4985987,5178167,5042482,5154990,4983439,5175378,5028328,5140468
RE48859,4985322,5177356,5035594,5147605
RE48860,4985310,5177667,5035376,5147380
RE48861,4985352,5177271,5036727,5149543
RE48862,4985575,5177324,5036666,5148953
RE48863,4984980,5177275,5038603,5150448
RE48864,4984969,5177352,5038593,5150127
RE48865,4985589,5177574,5038464,5150299
RE48866,4985265,5177099,5039078,5152528
RE48867,4985590,5177432,5038635,5151038
RE48868,4985526,5177464,5038481,5152764
RE48869,4984990,5177230,5038592,5152375
RE48870,4985038,5177523,5038646,5150476
RE48871,4985263,5177551,5039270,5151349
RE48872,4985125,5177267,5039516,5151805
RE48873,4985309,5177467,5039687,5150894
RE48874,4985357,5177423,5038635,5149522
RE48875,4985220,5177681,5037743,5150895
RE48876,4985247,5177322,5036965,5149725
ADC_LIMIT:4985987,5178167,5042482,5154990,4983439,5175378,5028328,5140468
RE48877,4984932,5177271,5037296,5149595
RE48878,4985150,5177036,5037367,5150484
RE48879,4984920,5177250,5036534,5148200
RE48880,4985470,5177172,5036065,5148405
RE48881,4985145,5177261,5035627,5147642
RE48882,4985124,5177382,5035477,5147925
RE48883,4984968,5177383,5034992,5145893
RE48884,4985061,5177325,5033180,5145935
RE48885,4985014,5176870,5034384,5144766
RE48886,4985351,5177416,5033774,5146376
RE48887,4985153,5176950,5031552,5144658
RE48888,4984875,5177339,5033632,5143515
RE48889,4984938,5177392,5031707,5144186
RE48890,4985417,5177281,5030667,5144040
RE48891,4984940,5177243,5031324,5144520
RE48892,4984998,5177260,5031465,5141944
RE48893,4985208,5177198,5031343,5144467
ADC_LIMIT:4985987,5178167,5042482,5154990,4983439,5175378,5028328,5140468
RE48894,4985424,5177595,5030084,5142865
RE48895,4985344,5177376,5031544,5143840
RE48896,4985094,5177534,5030716,5144634
RE48897,4984939,5177267,5032127,5144010
RE48898,4985132,5177264,5031721,5143746
RE48899,4985144,5177318,5031737,5144171
RE48900,4985292,5177374,5032328,5145531
RE48901,4985352,5177388,5032131,5145042
RE48902,4985464,5177489,5032697,5145731
RE48903,4985496,5177428,5031181,5146366
RE48904,4985112,5177392,5033509,5146184
RE48905,4985506,5177884,5033739,5146953
RE48906,4985290,5177118,5033859,5147799
RE48907,4985273,5177610,5034866,5147587
RE48908,4985314,5177589,5034967,5146581
RE48909,4985186,5177222,5035009,5149407
RE48910,4985252,5177256,5036470,5148512
RE48911,4985219,5177278,5035979,5149368
ADC_LIMIT:4985987,5178167,5042482,5154990,4983439,5175378,5028328,5140468
RE48912,4985147,5177019,5037066,5149400
RE48913,4985087,5177329,5037354,5149865
RE48914,4985010,5176978,5037428,5149103
RE48915,4985256,5177021,5037992,5149864
RE48916,4985088,5176911,5036462,5149914
RE48917,4985361,5177063,5037716,5149906
RE48918,4985208,5177231,5037475,5149979
RE48919,4985007,5177400,5036942,5149914
RE48920,4985155,5177520,5036878,5149348
RE48921,4984781,5177309,5035611,5150376
RE48922,4985126,5177452,5035968,5150631
RE48923,4984965,5177281,5037242,5149851
RE48924,4985141,5177467,5036100,5150312
RE48925,4985083,5177538,5035350,5148904
RE48926,4985234,5177461,5036837,5148645
RE48927,4985392,5177542,5034504,5147325
RE48928,4985395,5177281,5035284,5146164
RE48929,4985394,5177682,5034247,5146830
ADC_LIMIT:4985987,5178167,5042482,5154990,4983439,5175378,5028328,5140468
RE48930,4985236,5177375,5034855,5146652
RE48931,4985467,5177637,5033009,5144666
RE48932,4985563,5177146,5033279,5144131
RE48933,4985152,5177165,5032699,5144443
RE48934,4985475,5177439,5031534,5145161
RE48935,4985584,5177281,5031914,5144010
RE48936,4985304,5177696,5030920,5143713
RE48937,4985400,5177464,5032270,5144539
RE48938,4985435,5177328,5031663,5143441
RE48939,4985136,5177602,5029896,5142839
RE48940,4985196,5177314,5029984,5141908
RE48941,4985226,5177423,5029403,5143542
RE48942,4985220,5177677,5030049,5142759
RE48943,4985310,5177647,5029792,5143734
RE48944,4985664,5177626,5032954,5143486
RE48945,4985613,5177510,5031799,5144908
RE48946,4985427,5177728,5030982,5145427
ADC_LIMIT:4985987,5178167,5042482,5154990,4983439,5175378,5028328,5140468
RE48947,4985338,5177449,5030498,5145540
RE48948,4985345,5177558,5032889,5147285
RE48949,4985305,5177496,5035555,5146465
RE48950,4985350,5177322,5034695,5147552
RE48951,4985367,5177634,5034026,5147569
RE48952,4985591,5177407,5033981,5148842
RE48953,4985311,5177882,5035173,5149318
RE48954,4985147,5177704,5037027,5151195
RE48955,4985440,5177445,5036455,5150585
RE48956,4985195,5177751,5037413,5149608
RE48957,4985492,5177692,5039884,5149631
RE48958,4985260,5177755,5037562,5150614
RE48959,4985106,5177467,5037466,5150531
RE48960,4985277,5177587,5038846,5153114
RE48961,4985247,5177802,5037906,5152060
RE48962,4985052,5177271,5038945,5150415
RE48963,4985280,5177543,5038590,5151521
RE48964,4985053,5177165,5038518,5149598
ADC_LIMIT:4985987,5178167,5042482,5154990,4983439,5175378,5028328,5140468
RE48965,4985428,5177797,5038360,5151516
RE48966,4985310,5177546,5038561,5150450
RE48967,4985491,5177319,5037655,5148965
RE48968,4985069,5177433,5038210,5148482
RE48969,4985164,5177570,5035195,5149767
RE48970,4985359,5177395,5035000,5150189
RE48971,4985210,5177529,5035489,5149143
RE48972,4985296,5177670,5034513,5147641
RE48973,4985131,5177544,5035913,5147984
RE48974,4985266,5177925,5035775,5146163
RE48975,4985601,5177460,5032431,5146455
RE48976,4985321,5177570,5033013,5147077
RE48977,4985299,5177434,5032776,5145074
RE48978,4985468,5177151,5032199,5144583
RE48979,4985484,5177644,5032112,5144193
RE48980,4985319,5177417,5030261,5144163
RE48981,4985207,5177408,5030286,5143853
RE48982,4985179,5177171,5030144,5143214
ADC_LIMIT:4985987,5178167,5042482,5154990,4983439,5175378,5028328,5140468
RE48983,4985411,5177367,5030890,5143122
RE48984,4985350,5177381,5030558,5142314
RE48985,4985329,5177449,5029307,5142679
RE48986,4985221,5177562,5030591,5142288
RE48987,4985418,5177373,5031059,5143153
RE48988,4985238,5177639,5030159,5142451
RE48989,4985174,5177280,5031626,5144631
RE48990,4984979,5177557,5032194,5144321
RE48991,4985220,5177239,5032572,5144644
RE48992,4985406,5177421,5032475,5144414
RE48993,4985606,5177517,5032843,5145870
RE48994,4985005,5177308,5033119,5146271
RE48995,4985270,5177292,5034553,5147418
RE48996,4985373,5177373,5034971,5146351
RE48997,4985128,5177598,5035064,5146215
RE48998,4985308,5177584,5035121,5148482
RE48999,4985371,5177470,5035203,5149192
ADC_LIMIT:4985987,5178167,5042482,5154990,4983439,5175378,5028328,5140468
RE49000,4985253,5177500,5035029,5148547
RE49001,4985210,5177768,5035613,5148105
RE49002,4985428,5177767,5036427,5148967
RE49003,4985662,5177161,5038390,5148524
RE49004,4985383,5177310,5036442,5150301
RE49005,4985358,5177645,5037544,5148910
RE49006,4984959,5177363,5037786,5150270
RE49007,4984948,5177549,5036630,5149339
RE49008,4985447,5177416,5037373,5149580
RE49009,4985351,5177643,5036386,5149435
RE49010,4985176,5177712,5038195,5149870
RE49011,4985375,5177365,5038010,5149815
RE49012,4985175,5177704,5037459,5149452
RE49013,4985124,5177502,5037377,5149491
RE49014,4984902,5177358,5036930,5149485
RE49015,4984761,5177310,5036960,5148857
RE49016,4985420,5177786,5036608,5148859
RE49017,4984991,5177143,5036309,5148342
ADC_LIMIT:4985987,5178167,5042482,5154990,4983439,5175378,5028328,5140468
RE49018,4985062,5177281,5036059,5148261
RE49019,4985099,5177405,5035607,5147486
RE49020,4985115,5177111,5034489,5148672
RE49021,4985010,5177448,5036377,5147298
RE49022,4985272,5177071,5033775,5147034
RE49023,4985376,5177526,5033689,5146671
RE49024,4985354,5177579,5033842,5145706
RE49025,4985437,5177642,5033055,5146032
RE49026,4985417,5177838,5032583,5146980
RE49027,4985288,5177789,5033713,5144711
RE49028,4985247,5177322,5032759,5144637
RE49029,4985377,5177594,5032447,5144201
RE49030,4985337,5177863,5031562,5145474
RE49031,4985421,5177687,5032164,5144101
RE49032,4985457,5177123,5032847,5144063
RE49033,4985493,5177759,5031631,5143951
RE49034,4985197,5177510,5032780,5147008
RE49035,4985614,5177900,5030628,5145335
ADC_LIMIT:4985987,5178167,5042482,5154990,4983439,5175378,5028328,5140468
RE49036,4985301,5177721,5031769,5145123
RE49037,4985318,5177573,5030757,5143427
RE49038,4985589,5177313,5031683,5145310
RE49039,4985654,5177203,5033327,5145158
RE49040,4985565,5177400,5032675,5145647
RE49041,4985558,5177806,5033825,5147234
RE49042,4985403,5177373,5034439,5147128
RE49043,4985199,5177759,5033965,5147178
RE49044,4985518,5177607,5035435,5145639
RE49045,4985488,5177629,5034568,5147880
RE49046,4985262,5177461,5035613,5148323
RE49047,4985330,5177459,5035178,5147821
RE49048,4985465,5177787,5035558,5149914
RE49049,4985709,5177715,5037082,5149005
RE49050,4985131,5177763,5036727,5148418
RE49051,4985633,5177653,5036797,5151705
RE49052,4985263,5177937,5036968,5151318
ADC_LIMIT:4985987,5178167,5042482,5154990,4983439,5175378,5028328,5140468
RE49053,4985600,5177507,5037553,5150013
RE49054,4985468,5177703,5038366,5149754
RE49055,4985541,5177857,5036728,5150974
RE49056,4985452,5177376,5037288,5149304
RE49057,4985074,5177106,5037447,5151553
RE49058,4985094,5177435,5038218,5149882
RE49059,4985073,5177562,5037867,5150441
RE49060,4985093,5177370,5038225,5149344
RE49061,4984949,5177446,5038028,5149289
RE49062,4985040,5177402,5036868,5149002
RE49063,4985285,5177299,5035322,5149968
RE49064,4985050,5177152,5034996,5146938
RE49065,4985072,5177071,5035275,5146941
RE49066,4985015,5177447,5034573,5146305
RE49067,4985321,5177418,5033370,5146560
RE49068,4985024,5177538,5033857,5145823
RE49069,4985226,5177468,5033255,5145778
RE49070,4984891,5177374,5032356,5145044
ADC_LIMIT:4985987,5178167,5042482,5154990,4983439,5175378,5028328,5140468
RE49071,4985285,5177543,5029774,5144690
RE49072,4985076,5177436,5029668,5144468
RE49073,4985021,5177273,5030039,5143716
RE49074,4984981,5177268,5031561,5143294
RE49075,4984896,5176997,5031637,5143344
RE49076,4985135,5177536,5028738,5142898
RE49077,4985077,5177434,5030174,5143157
RE49078,4985053,5177372,5029042,5142370
RE49079,4985282,5177144,5030278,5141449
RE49080,4984918,5177237,5030012,5143380
RE49081,4985246,5177442,5030281,5142579
RE49082,4985162,5177590,5030793,5143029
RE49083,4985060,5177313,5031019,5144064
RE49084,4985341,5177134,5030151,5144833
RE49085,4985244,5177364,5033018,5144353
RE49086,4985425,5177393,5033174,5145954
RE49087,4984941,5177432,5032687,5145737
RE49088,4985140,5177284,5034498,5147146
ADC_LIMIT:4985987,5178167,5042482,5154990,4983439,5175378,5028328,5140468
RE49089,4985233,5176848,5035484,5147517
RE49090,4985040,5177412,5036301,5148048
RE49091,4985039,5177240,5035432,5148459
RE49092,4985159,5177086,5035352,5148540
RE49093,4985269,5177442,5036264,5148060
RE49094,4985076,5177784,5036378,5150637
RE49095,4985297,5177377,5037048,5150511
RE49096,4985109,5177120,5037938,5149864
RE49097,4985435,5177308,5037004,5151870
RE49098,4985043,5177122,5038427,5151410
RE49099,4985261,5177446,5038512,5152158
RE49100,4985351,5177196,5039342,5152095
RE49101,4985112,5177363,5038982,5151536
RE49102,4984919,5177304,5039475,5150237
RE49103,4985028,5177326,5038156,5151852
RE49104,4984794,5177390,5038845,5151548
RE49105,4985196,5177744,5037707,5148316
ADC_LIMIT:4985987,5178167,5042482,5154990,4983439,5175378,5028328,5140468
RE49106,4985589,5177536,5036451,5149281
RE49107,4985299,5177389,5036134,5150186
RE49108,4984720,5177087,5037695,5150456
RE49109,4984839,5176969,5037311,5149987
RE49110,4985230,5177148,5036565,5149038
RE49111,4984998,5177448,5035819,5149056
RE49112,4985149,5177551,5035127,5145879
RE49113,4985052,5177152,5034561,5147838
RE49114,4985190,5177463,5033215,5146117
RE49115,4984826,5177195,5033745,5144146
RE49116,4984784,5177027,5033127,5145569
RE49117,4984958,5176990,5033402,5143873
RE49118,4984915,5177051,5033422,5143657
RE49119,4984774,5177187,5031612,5143974
RE49120,4984748,5177491,5032139,5143235
RE49121,4984732,5177369,5030476,5144888
RE49122,4985360,5177234,5030343,5143755
RE49123,4985039,5177214,5031079,5144806
ADC_LIMIT:4985987,5178167,5042482,5154990,4983439,5175378,5028328,5140468
RE49124,4985100,5177456,5031746,5143269
RE49125,4985158,5177107,5031605,5144932
RE49126,4985192,5177542,5031601,5144911
RE49127,4984954,5177298,5031999,5144047
RE49128,4985486,5177345,5032213,5144691
RE49129,4985035,5177278,5032171,5143205
RE49130,4984910,5176873,5031754,5143950
RE49131,4985066,5177243,5033222,5144873
RE49132,4985369,5177221,5030558,5145138
RE49133,4985045,5177241,5034086,5146350
RE49134,4985020,5177272,5032057,5145702
RE49135,4985145,5177209,5033793,5146396
RE49136,4985191,5177140,5033181,5145092
RE49137,4985177,5177284,5033507,5146015
RE49138,4985448,5177299,5034524,5148609
RE49139,4985227,5177397,5036297,5148123
RE49140,4985213,5177376,5035584,5148382
RE49141,4984801,5177254,5036960,5149559
ADC_LIMIT:4985987,5178167,5042482,5154990,4983439,5175378,5028328,5140468
RE49142,4985106,5177209,5036794,5149954
RE49143,4984920,5176977,5037675,5148334
RE49144,4985390,5177118,5037589,5150422
RE49145,4984992,5176929,5039103,5148878
RE49146,4984889,5177074,5037263,5149948
RE49147,4984955,5177356,5038391,5150233
RE49148,4985293,5177237,5038406,5149859
RE49149,4984996,5177388,5038042,5151598
RE49150,4985090,5177330,5036976,5149923
RE49151,4985096,5177201,5038049,5149698
RE49152,4985185,5177296,5037519,5148997
RE49153,4984892,5177148,5036155,5148998
RE49154,4984869,5177208,5037072,5150541
RE49155,4985071,5177070,5037002,5149257
RE49156,4984805,5177170,5036687,5147811
RE49157,4985034,5177154,5035607,5147696
RE49158,4985177,5177302,5034835,5147574
ADC_LIMIT:4985987,5178167,5042482,5154990,4983439,5175378,5028328,5140468
RE49159,4985135,5177166,5033654,5147735
RE49160,4984940,5177296,5034521,5145782
RE49161,4985388,5177050,5032981,5146444
RE49162,4985238,5176869,5032434,5145932
RE49163,4984868,5177302,5032986,5145425
RE49164,4985059,5176720,5031766,5143744
RE49165,4985184,5177528,5031837,5143902
RE49166,4985109,5177031,5031640,5144154
RE49167,4984992,5177291,5031419,5142862
RE49168,4985337,5177150,5032607,5143584
RE49169,4985273,5177341,5031404,5143120
RE49170,4985190,5177243,5028948,5143095
RE49171,4985317,5177100,5030540,5144071
RE49172,4985181,5176855,5030486,5143869
RE49173,4985215,5177216,5031668,5144816
RE49174,4985287,5177228,5029871,5144770
RE49175,4985036,5177237,5032259,5144043
RE49176,4985289,5177207,5031033,5144024
ADC_LIMIT:4985987,5178167,5042482,5154990,4983439,5175378,5028328,5140468
RE49177,4985124,5177378,5032157,5145379
RE49178,4985284,5177147,5032832,5145164
RE49179,4985008,5176660,5033049,5145522
RE49180,4984954,5176893,5034332,5146150
RE49181,4985013,5177125,5033682,5148605
RE49182,4984799,5177265,5036107,5147431
RE49183,4984962,5177240,5034225,5148840
RE49184,4985061,5177364,5037286,5149064
RE49185,4985361,5177430,5037049,5150118
RE49186,4985256,5177380,5037827,5149580
RE49187,4985067,5177489,5037657,5149904
RE49188,4985168,5177526,5036659,5151846
RE49189,4985143,5177539,5038672,5150342
RE49190,4985065,5177050,5039579,5150091
RE49191,4985085,5177143,5038845,5150829
RE49192,4984936,5177312,5038616,5150125
RE49193,4985095,5177160,5037162,5150605
RE49194,4985417,5177365,5038808,5151851
ADC_LIMIT:4985987,5178167,5042482,5154990,4983439,5175378,5028328,5140468
RE49195,4984974,5177290,5038548,5151115
RE49196,4985346,5177350,5038247,5148972
RE49197,4984923,5177221,5039227,5150903
RE49198,4985065,5177372,5035866,5148896
RE49199,4985197,5177090,5038247,5150048
RE49200,4984939,5177009,5037052,5149270
RE49201,4985484,5177104,5035584,5148250
RE49202,4985202,5177034,5037117,5148279
RE49203,4985281,5177058,5035094,5146924
RE49204,4984898,5177400,5034483,5146570
RE49205,4985208,5177414,5033866,5147172
RE49206,4984865,5177322,5035349,5145661
RE49207,4985118,5177061,5033779,5145454
RE49208,4984905,5177347,5032457,5143635
RE49209,4985028,5177523,5032576,5145177
RE49210,4985111,5177275,5031935,5145579
RE49211,4985303,5177212,5032285,5142628
ADC_LIMIT:4985987,5178167,5042482,5154990,4983439,5175378,5028328,5140468
RE49212,4985298,5177260,5031738,5144259
RE49213,4984795,5177052,5030818,5144372
RE49214,4985022,5176993,5030799,5143135
RE49215,4985271,5177204,5028315,5141600
RE49216,4984922,5176952,5031151,5143262
RE49217,4985002,5177436,5030647,5144738
RE49218,4985173,5177069,5030625,5141415
RE49219,4985057,5177201,5030655,5143867
RE49220,4985154,5176985,5031349,5145136
RE49221,4985070,5177215,5032580,5144465
RE49222,4985075,5177356,5032105,5144783
RE49223,4985435,5177100,5034143,5145618
RE49224,4985344,5176922,5033463,5144435
RE49225,4985240,5177370,5033478,5147027
RE49226,4984982,5177281,5034062,5147756
RE49227,4985144,5177398,5033957,5147650
RE49228,4985056,5177210,5037046,5146568
RE49229,4985147,5177151,5035938,5148022
ADC_LIMIT:4985987,5178167,5042482,5154990,4983439,5175378,5028315,5140468
RE49230,4985472,5177232,5034784,5148983
RE49231,4985044,5177044,5036919,5149006
RE49232,4984992,5177138,5036679,5150690
RE49233,4985303,5176867,5036159,5148316
RE49234,4984980,5176890,5037423,5148905
RE49235,4984617,5177376,5037058,5149780
RE49236,4985224,5177411,5038136,5150778
RE49237,4985331,5177372,5037183,5148704
RE49238,4985106,5177094,5038410,5150078
RE49239,4985176,5177387,5037775,5150670
RE49240,4985036,5177011,5036807,5149696
RE49241,4985268,5177227,5037105,5150467
RE49242,4985016,5177091,5036607,5150621
RE49243,4984957,5177384,5037395,5150138
RE49244,4984969,5177103,5037588,5149775
RE49245,4984985,5177368,5035998,5149333
RE49246,4985070,5177766,5038317,5147796
RE49247,4984874,5177269,5035383,5147602
ADC_LIMIT:4985987,5178167,5042482,5154990,4983439,5175378,5028315,5140468
RE49248,4985072,5177335,5036667,5147978
RE49249,4984898,5177570,5035618,5149193
RE49250,4985121,5177257,5036413,5146914
RE49251,4984923,5177267,5033757,5146702
RE49252,4984975,5177233,5034742,5146813
RE49253,4985134,5177615,5032863,5147701
RE49254,4985202,5177600,5033235,5146638
RE49255,4985126,5177612,5034216,5144721
RE49256,4985062,5177617,5031690,5146209
RE49257,4985159,5177571,5033434,5145838
RE49258,4985276,5177302,5031801,5145120
RE49259,4985253,5177404,5031828,5142311
RE49260,4984921,5177155,5031606,5144976
RE49261,4984915,5177329,5032700,5142931
RE49262,4984922,5177269,5032424,5145000
RE49263,4985030,5176979,5029901,5144756
RE49264,4985046,5177473,5032838,5144673
ADC_LIMIT:4985987,5178167,5042482,5154990,4983439,5175378,5028315,5140468
RE49265,4984750,5177721,5030955,5145318
RE49266,4985345,5177232,5033574,5145125
RE49267,4985001,5177226,5032977,5145156
RE49268,4985071,5177205,5032226,5143799
RE49269,4985322,5177148,5030856,5145639
RE49270,4984751,5177511,5032492,5146607
RE49271,4985003,5177114,5032793,5144710
RE49272,4985224,5177458,5033731,5146648
RE49273,4985325,5177635,5032594,5145836
RE49274,4984920,5177646,5034178,5147303
RE49275,4985309,5177350,5035069,5148117
RE49276,4985259,5177528,5034441,5147927
RE49277,4985172,5177723,5037246,5147877
RE49278,4985129,5177338,5036785,5148701
RE49279,4985031,5177055,5035683,5148998
RE49280,4984842,5177388,5037384,5150163
RE49281,4985040,5177375,5036336,5150441
RE49282,4984911,5177584,5037785,5151073
ADC_LIMIT:4985987,5178167,5042482,5154990,4983439,5175378,5028315,5140468
RE49283,4985171,5177377,5038037,5151407
RE49284,4985059,5177477,5038031,5150852
RE49285,4985231,5177186,5038653,5151307
RE49286,4985152,5177228,5039523,5149185
RE49287,4985191,5177041,5039349,5150193
RE49288,4985258,5177315,5038672,5149859
RE49289,4985017,5177505,5038679,5150774
RE49290,4984890,5177440,5036412,5149549
RE49291,4985224,5177258,5037506,5151206
RE49292,4984890,5177593,5036281,5148056
RE49293,4985241,5177288,5036655,5151053
RE49294,4985187,5177420,5036454,5147693
RE49295,4985277,5177321,5035722,5148420
RE49296,4985353,5177102,5035049,5146190
RE49297,4984914,5177393,5034411,5146354
RE49298,4984901,5177116,5033580,5146094
RE49299,4985363,5177476,5035088,5144810
RE49300,4985310,5177317,5032167,5145040
ADC_LIMIT:4985987,5178167,5042482,5154990,4983439,5175378,5028315,5140468
RE49301,4985200,5176865,5031424,5144386
RE49302,4985268,5177192,5032754,5143922
RE49303,4985122,5177053,5030021,5142666
RE49304,4985250,5177004,5030564,5142701
RE49305,4985168,5177343,5030692,5144221
RE49306,4985149,5177141,5030860,5143636
RE49307,4985022,5177152,5030279,5142509
RE49308,4985066,5177276,5029807,5142617
RE49309,4985068,5177087,5029800,5141194
RE49310,4985088,5177157,5029332,5142780
RE49311,4985449,5177043,5029584,5144256
RE49312,4985093,5177576,5031296,5144209
RE49313,4985547,5177614,5031051,5144399
RE49314,4985298,5177143,5030936,5144390
RE49315,4984979,5177220,5032675,5145384
RE49316,4984781,5177382,5032929,5145540
RE49317,4985208,5177192,5033452,5146326
ADC_LIMIT:4985987,5178167,5042482,5154990,4983439,5175378,5028315,5140468
RE49318,4985138,5177323,5034182,5146234
RE49319,4985280,5177147,5035280,5148359
RE49320,4984934,5177152,5034822,5147122
RE49321,4984928,5177073,5034231,5147624
RE49322,4984964,5177220,5036163,5149174
RE49323,4985032,5177286,5036463,5150229
RE49324,4985047,5176982,5037776,5150398
RE49325,4985136,5177297,5036765,5149586
RE49326,4984764,5177035,5037984,5149359
RE49327,4985002,5177234,5038062,5151249
RE49328,4985132,5177330,5038098,5150963
RE49329,4985260,5176997,5037886,5151796
RE49330,4985039,5177384,5039781,5151502
RE49331,4985190,5177106,5038249,5151874
RE49332,4985312,5177292,5040069,5151268
RE49333,4985139,5177424,5040051,5152546
RE49334,4985136,5177530,5038486,5151109
RE49335,4985418,5177552,5038152,5150818
ADC_LIMIT:4985987,5178167,5042482,5154990,4983439,5175378,5028315,5140468
RE49336,4985171,5177364,5036551,5149989
RE49337,4985134,5177024,5037252,5149817
RE49338,4985031,5176806,5037227,5149481
RE49339,4984985,5177152,5036051,5147916
RE49340,4984968,5177159,5035198,5148099
RE49341,4985053,5177188,5034978,5147845
RE49342,4984889,5176980,5034439,5147354
RE49343,4985128,5177433,5034104,5145662
RE49344,4985037,5177538,5034073,5146251
RE49345,4985019,5176936,5033465,5145109
RE49346,4984913,5177243,5032477,5146915
RE49347,4984916,5177287,5033160,5145251
RE49348,4984950,5177033,5032185,5143924
RE49349,4985189,5177495,5031541,5144488
RE49350,4984991,5177271,5032324,5144111
RE49351,4985009,5176914,5030413,5144236
RE49352,4985095,5177434,5030841,5143870
RE49353,4985006,5177153,5031436,5143685
ADC_LIMIT:4985987,5178167,5042482,5154990,4983439,5175378,5028315,5140468
RE49354,4985337,5176907,5030040,5142749
RE49355,4985279,5177218,5031398,5143194
RE49356,4984836,5177300,5032298,5143803
RE49357,4985142,5177293,5030848,5144480
RE49358,4985145,5177435,5032535,5144327
RE49359,4985028,5177481,5030901,5143925
RE49360,4985487,5177436,5031842,5145896
RE49361,4985191,5177573,5032306,5146130
RE49362,4985295,5177519,5031937,5145938
RE49363,4985226,5177374,5033516,5144660
RE49364,4985309,5177366,5032707,5145456
RE49365,4985327,5177197,5034204,5145733
RE49366,4985220,5177382,5033338,5146843
RE49367,4985273,5177583,5033885,5146850
RE49368,4985299,5177499,5034380,5148089
RE49369,4985444,5177275,5034429,5148293
RE49370,4985123,5177781,5035681,5147324
ADC_LIMIT:4985987,5178167,5042482,5154990,4983439,5175378,5028315,5140468
RE49371,4985169,5177349,5036789,5148726
RE49372,4985067,5177009,5036949,5148715
RE49373,4985260,5176940,5036551,5148634
RE49374,4985032,5177199,5038215,5150280
RE49375,4985001,5177138,5036630,5150366
RE49376,4985251,5177344,5037704,5149001
RE49377,4985036,5177324,5038471,5151771
RE49378,4985223,5177141,5037054,5150443
RE49379,4984820,5176934,5038254,5149646
RE49380,4985098,5176950,5037663,5149553
RE49381,4985263,5177364,5036996,5149848
RE49382,4985114,5177300,5038408,5150834
RE49383,4984917,5177445,5036437,5149747
RE49384,4985072,5177155,5036431,5149770
RE49385,4985076,5176967,5036904,5149104
RE49386,4985118,5177174,5035279,5148296
RE49387,4985275,5177422,5037300,5149140
RE49388,4985234,5177361,5036811,5147868
ADC_LIMIT:4985987,5178167,5042482,5154990,4983439,5175378,5028315,5140468
RE49389,4985315,5177039,5033764,5145479
RE49390,4985118,5177057,5035131,5146680
RE49391,4984836,5177220,5033706,5144647
RE49392,4985266,5177477,5032111,5146416
RE49393,4985050,5177400,5032322,5144631
RE49394,4984745,5177376,5032681,5143917
RE49395,4985033,5177520,5031963,5143979
RE49396,4985195,5177578,5031940,5143318
RE49397,4985120,5177246,5031035,5143406
RE49398,4985469,5177428,5031001,5144903
RE49399,4985138,5176947,5032118,5142277
RE49400,4984960,5177070,5029220,5143183
RE49401,4985053,5177254,5030732,5142940
RE49402,4984939,5177212,5030108,5143791
RE49403,4984679,5177559,5029719,5144285
RE49404,4985321,5177269,5031119,5144158
RE49405,4985199,5177597,5029406,5144606
RE49406,4985060,5177433,5031957,5143655
ADC_LIMIT:4985987,5178167,5042482,5154990,4983439,5175378,5028315,5140468
RE49407,4985037,5177118,5031210,5145283
RE49408,4985190,5177170,5032982,5145354
RE49409,4985147,5177323,5034021,5145953
RE49410,4985251,5177347,5033529,5147242
RE49411,4985569,5177365,5034932,5146980
RE49412,4985395,5177542,5033648,5147630
RE49413,4985143,5177626,5035711,5148880
RE49414,4985341,5177489,5035893,5148951
RE49415,4985103,5177374,5037233,5149685
RE49416,4985310,5177363,5035999,5151100
RE49417,4984730,5177310,5039177,5150399
RE49418,4985183,5177394,5037944,5151445
RE49419,4984884,5177142,5038095,5150678
RE49420,4985258,5177108,5038532,5151749
RE49421,4985308,5177156,5040219,5151456
RE49422,4985283,5177217,5036749,5150743
RE49423,4985079,5177358,5038853,5151113
ADC_LIMIT:4985987,5178167,5042482,5154990,4983439,5175378,5028315,5140468
RE49424,4985274,5177651,5038458,5150581
RE49425,4985392,5177264,5040211,5151614
RE49426,4985095,5176838,5037670,5151641
RE49427,4984878,5177016,5039138,5149472
RE49428,4985093,5177233,5037647,5149457
RE49429,4985234,5177094,5037576,5149335
RE49430,4985270,5177428,5035253,5148639
RE49431,4985101,5177161,5036272,5147646
RE49432,4985262,5177460,5035969,5148246
RE49433,4985201,5177207,5035630,5146727
RE49434,4985499,5177525,5033943,5146247
RE49435,4985114,5177513,5033594,5146925
RE49436,4985006,5177284,5034436,5146528
RE49437,4985011,5177359,5034078,5144746
RE49438,4984897,5177348,5032074,5145797
RE49439,4985083,5177185,5032075,5143103
RE49440,4985335,5177077,5031468,5143525
RE49441,4985156,5177394,5031701,5142524
ADC_LIMIT:4985987,5178167,5042482,5154990,4983439,5175378,5028315,5140468
RE49442,4984982,5177079,5031648,5142360
RE49443,4985279,5176718,5031395,5142773
RE49444,4985240,5176981,5029802,5142771
RE49445,4985111,5177346,5032059,5142491
RE49446,4985207,5177475,5029973,5142061
RE49447,4985231,5177143,5029876,5142839
RE49448,4985263,5177310,5030408,5141783
RE49449,4985180,5177397,5030581,5142943
RE49450,4985211,5177207,5030977,5143762
RE49451,4984919,5177637,5031721,5143683
RE49452,4985136,5177310,5032738,5145317
RE49453,4985237,5177249,5033170,5144040
RE49454,4984933,5177258,5035033,5145262
RE49455,4985256,5177485,5033903,5146173
RE49456,4985480,5177716,5032397,5146960
RE49457,4985215,5177424,5035498,5146935
RE49458,4984990,5177363,5034279,5147474
RE49459,4985302,5177414,5035856,5147266
ADC_LIMIT:4985987,5178167,5042482,5154990,4983439,5175378,5028315,5140468
RE49460,4985075,5177630,5036237,5148579
RE49461,4985273,5176998,5036357,5149459
RE49462,4985120,5176859,5034864,5149459
RE49463,4985461,5177352,5036396,5149529
RE49464,4985078,5177464,5037524,5149718
RE49465,4985187,5177559,5036717,5149076
RE49466,4985413,5177423,5036590,5149846
RE49467,4985482,5177380,5037086,5150032
RE49468,4985172,5177096,5037849,5150411
RE49469,4985356,5177110,5037343,5148414
RE49470,4985219,5177336,5037039,5149743
RE49471,4985306,5177270,5037174,5147317
RE49472,4984754,5177158,5037038,5151165
RE49473,4985169,5177093,5037404,5150179
RE49474,4985100,5177191,5037215,5149158
RE49475,4984924,5177228,5036321,5148728
RE49476,4985087,5177608,5036435,5148485
ADC_LIMIT:4985987,5178167,5042482,5154990,4983439,5175378,5028315,5140468
RE49477,4985169,5177281,5036620,5146871
RE49478,4984707,5177467,5036510,5147829
RE49479,4985108,5176931,5036906,5148348
RE49480,4985277,5177547,5035185,5148075
RE49481,4985008,5177576,5035111,5147267
RE49482,4984966,5177437,5035127,5148294
RE49483,4985081,5177441,5034159,5146516
RE49484,4984980,5177383,5033260,5146257
RE49485,4985301,5177530,5033440,5145110
RE49486,4985180,5177305,5034235,5145460
RE49487,4985164,5177326,5033530,5145300
RE49488,4985449,5177486,5031710,5144989
RE49489,4984961,5177676,5032068,5142999
RE49490,4985333,5177668,5031637,5144761
RE49491,4985202,5177548,5031683,5143985
RE49492,4985449,5177338,5030289,5143098
RE49493,4985212,5177469,5031625,5143501
RE49494,4985303,5177702,5030703,5144265
ADC_LIMIT:4985987,5178167,5042482,5154990,4983439,5175378,5028315,5140468
RE49495,4985259,5177579,5031009,5145053
RE49496,4985189,5177362,5030717,5144910
RE49497,4985472,5177340,5032193,5144009
RE49498,4985461,5177150,5032377,5145214
RE49499,4985127,5177345,5032632,5145123
RE49500,4984926,5177479,5032483,5146235
RE49501,4984983,5177167,5033430,5145968
RE49502,4985101,5177149,5034080,5146308
RE49503,4985332,5177408,5034514,5146751
RE49504,4985556,5177712,5034997,5148686
RE49505,4985546,5177396,5034998,5146665
RE49506,4985459,5177277,5036656,5148850
RE49507,4985328,5177246,5036922,5148576
RE49508,4985167,5177430,5036604,5148562
RE49509,4985168,5177289,5038130,5147847
RE49510,4985441,5177495,5036263,5148856
RE49511,4984931,5177561,5038016,5151843
RE49512,4985227,5177443,5038582,5149807
ADC_LIMIT:4985987,5178167,5042482,5154990,4983439,5175378,5028315,5140468
RE49513,4984841,5177214,5038199,5151910
RE49514,4985255,5177122,5037391,5150557
RE49515,4985153,5177320,5037878,5150447
RE49516,4985298,5177657,5037064,5151183
RE49517,4985108,5177566,5037558,5150343
RE49518,4985063,5177342,5036017,5150234
RE49519,4985339,5177267,5037464,5150133
RE49520,4985285,5177448,5036133,5149507
RE49521,4985237,5177542,5036974,5150075
RE49522,4985118,5177353,5036761,5148116
RE49523,4984977,5177158,5036585,5147559
RE49524,4985153,5177369,5035562,5148471
RE49525,4985205,5177515,5035208,5146865
RE49526,4984964,5177670,5033724,5146286
RE49527,4984807,5177593,5035049,5145944
RE49528,4985112,5177610,5033912,5145856
RE49529,4985330,5177072,5033362,5144079
ADC_LIMIT:4985987,5178167,5042482,5154990,4983439,5175378,5028315,5140468
RE49530,4984763,5177417,5032964,5143686
RE49531,4985106,5177423,5031177,5144257
RE49532,4985180,5177124,5030524,5142024
RE49533,4985292,5177416,5029588,5144154
RE49534,4985430,5177484,5030919,5144058
RE49535,4985452,5177243,5030023,5142371
RE49536,4984904,5177471,5030086,5143345
RE49537,4985232,5177435,5029266,5142718
RE49538,4985358,5177630,5030039,5142299
RE49539,4985129,5177567,5030578,5142375
RE49540,4985288,5177378,5030294,5144282
RE49541,4985201,5177278,5030563,5142836
RE49542,4985217,5177566,5030103,5144757
RE49543,4985446,5177641,5031526,5143182
RE49544,4985392,5177532,5031549,5143214
RE49545,4985409,5177512,5032078,5146237
RE49546,4985684,5177614,5032691,5145277
RE49547,4985230,5177472,5033007,5146232
ADC_LIMIT:4985987,5178167,5042482,5154990,4983439,5175378,5028315,5140468
RE49548,4985370,5177453,5032928,5146901
RE49549,4985335,5177150,5034521,5147738
RE49550,4985232,5177273,5034476,5147901
RE49551,4984891,5177557,5038578,5148947
RE49552,4985294,5177102,5036940,5148236
RE49553,4985209,5177392,5036955,5148711
RE49554,4985121,5177201,5039189,5151231
RE49555,4985165,5176968,5037331,5150219
RE49556,4985147,5177051,5037821,5151414
RE49557,4984914,5176900,5039165,5151791
RE49558,4984906,5177158,5038583,5151538
RE49559,4985015,5177296,5038669,5152545
RE49560,4985041,5177108,5039744,5151339
RE49561,4984818,5177181,5040246,5151234
RE49562,4985463,5176837,5037868,5152281
RE49563,4985047,5177197,5038487,5150756
RE49564,4985133,5177433,5037226,5149063
RE49565,4985200,5177637,5036997,5148717
ADC_LIMIT:4985987,5178167,5042482,5154990,4983439,5175378,5028315,5140468
RE49566,4985097,5177208,5037618,5148557
RE49567,4984914,5177014,5036676,5149271
RE49568,4985144,5177129,5036261,5149584
RE49569,4985018,5177268,5036977,5148854
RE49570,4985086,5177299,5035971,5146995
RE49571,4985006,5177291,5035471,5147404
RE49572,4984781,5177045,5034765,5146471
RE49573,4985040,5177298,5034298,5146136
RE49574,4985252,5177068,5033201,5146003
RE49575,4985161,5177452,5033294,5144775
RE49576,4985128,5176976,5033909,5145551
RE49577,4985486,5177173,5032331,5144993
RE49578,4985373,5177468,5031474,5144629
RE49579,4985331,5177281,5032572,5143510
RE49580,4985273,5177342,5030872,5143986
RE49581,4985200,5177380,5032366,5143553
RE49582,4985415,5177508,5030879,5143490
ADC_LIMIT:4985987,5178167,5042482,5154990,4983439,5175378,5028315,5140468
RE49583,4985569,5177122,5032481,5144247
RE49584,4985257,5177237,5031701,5143037
RE49585,4985428,5177453,5031651,5144732
RE49586,4985327,5177461,5030267,5145651
RE49587,4985246,5177356,5031582,5143915
RE49588,4985016,5177673,5032547,5145919
RE49589,4985090,5177610,5031810,5143696
RE49590,4984757,5177607,5031406,5145592
RE49591,4985498,5177617,5033338,5145164
RE49592,4985063,5177801,5034227,5145268
RE49593,4985302,5177610,5032956,5146941
RE49594,4985336,5177452,5032836,5146234
RE49595,4985190,5177816,5034596,5145441
RE49596,4985310,5177301,5033714,5146658
RE49597,4985058,5177490,5033628,5148642
RE49598,4985191,5177472,5035078,5147946
RE49599,4985185,5177465,5035398,5147258
RE49600,4985106,5177513,5034487,5148397
ADC_LIMIT:4985987,5178167,5042482,5154990,4983439,5175378,5028315,5140468
RE49601,4985448,5177542,5035755,5151660
RE49602,4985322,5177065,5036357,5148609
RE49603,4985061,5177038,5036970,5150067
RE49604,4985253,5177248,5037143,5151096
